score,max_tile,moves
275496,16384,10506
225424,16384,8351
163652,8192,6714
36584,2048,1911
321380,16384,12057
152096,8192,6281
285620,16384,10864
259360,16384,9667
290568,16384,11197
88588,4096,4132
37976,2048,1988
311896,16384,11522
290040,16384,11124
68248,4096,3063
174992,8192,7283
241696,16384,9018
28832,2048,1512
132872,8192,5568
381236,16384,14577
286424,16384,10917
72196,4096,3330
176364,8192,7385
288480,16384,11044
278880,16384,10657
364756,16384,13825
290272,16384,11176
131244,8192,5483
381152,16384,14503
286468,16384,10944
324444,16384,12183
288460,16384,11044
289316,16384,11096
113068,8192,4666
343084,16384,13056
168324,8192,7013
178320,8192,7586
332820,16384,12484
367940,16384,13991
27004,2048,1384
177072,8192,7408
362920,16384,13717
20104,1024,1171
312492,16384,11932
291500,16384,11253
378372,16384,14459
279424,16384,10715
376712,16384,14357
104344,8192,4225
364080,16384,13784
173376,8192,7247
227956,16384,8492
200692,8192,7944
111892,8192,4596
168424,8192,7016
277544,16384,10601
337440,16384,12727
28284,2048,1470
365636,16384,13904
382360,16384,14549
381728,16384,14614
61120,4096,2817
177560,8192,7475
177060,8192,7431
80528,4096,3731
319956,16384,11857
288304,16384,10987
367144,16384,13959
266612,16384,10056
177260,8192,7451
152844,8192,6242
342776,16384,12988
279560,16384,10552
157452,8192,6547
70256,4096,3209
366348,16384,13889
341532,16384,12938
132896,8192,5589
163732,8192,6837
265632,16384,9956
157352,8192,6553
166696,8192,6901
286520,16384,10953
40280,2048,2116
157756,8192,6560
157132,8192,6514
268592,16384,10120
280964,16384,10701
83768,4096,3854
312124,16384,11515
171532,8192,7090
364892,16384,13842
380872,16384,14519
342272,16384,13003
37780,2048,1969
343572,16384,13058
383216,16384,14663
74768,4096,3397
357552,16384,13643
376500,16384,14344
67884,4096,3083
171300,8192,7098
114260,8192,4785
284384,16384,10851
80452,4096,3712
175060,8192,7317
174684,8192,7263
285900,16384,10913
75392,4096,3423
29460,2048,1557
236108,16384,8782
245780,16384,9328
364512,16384,13782
286612,16384,10932
172920,8192,7194
175272,8192,7312
149948,8192,6194
336584,16384,12659
340668,16384,12830
151444,8192,6225
290848,16384,11207
172028,8192,7134
287920,16384,10984
175392,8192,7304
316992,16384,11723
79724,4096,3670
131244,8192,5481
341784,16384,12950
333732,16384,12554
382524,16384,14637
157004,8192,6482
176712,8192,7426
246300,16384,9349
277488,16384,10475
176252,8192,7358
371728,16384,14022
375224,16384,14253
182680,8192,7585
134748,8192,5718
384916,16384,14772
362272,16384,13771
168180,8192,7004
281276,16384,10675
331628,16384,12553
131140,8192,5452
52228,4096,2404
338252,16384,12770
175592,8192,7349
165772,8192,6815
163984,8192,6731
168308,8192,6999
79784,4096,3674
276656,16384,10471
322976,16384,12114
174764,8192,7259
343752,16384,13081
149024,8192,6100
176636,8192,7422
356984,16384,13577
134316,8192,5685
330180,16384,12352
337720,16384,12762
290704,16384,11181
290008,16384,11128
174780,8192,7290
130548,8192,5427
287980,16384,10999
337040,16384,12687
79732,4096,3672
174212,8192,7264
281492,16384,10725
341720,16384,12918
151128,8192,6161
245180,16384,9230
79800,4096,3683
176540,8192,7394
333084,16384,12470
148056,8192,6061
177216,8192,7444
343848,16384,13113
168564,8192,6999
380808,16384,14486
176444,8192,7370
236964,16384,8845
177368,8192,7477
333312,16384,12528
60380,4096,2802
127492,8192,5292
80620,4096,3753
148004,8192,6031
133140,8192,5631
157104,8192,6547
312752,16384,11569
345136,16384,13148
150476,8192,6095
268268,16384,10122
314132,16384,11678
364736,16384,13775
176364,8192,7387
382444,16384,14587
147448,8192,6009
383092,16384,14652
324240,16384,12148
156780,8192,6486
285856,16384,10858
286704,16384,10986
321784,16384,12032
142280,8192,5934
289836,16384,11148
175328,8192,7314
55468,4096,2503
166580,8192,6888
288060,16384,11028
89488,4096,4194
320952,16384,11950
81200,4096,3792
274864,16384,10490
287736,16384,10963
132292,8192,5549
69708,4096,3155
380380,16384,14452
16900,1024,1008
177044,8192,7459
132172,8192,5577
289912,16384,11148
342688,16384,13015
78480,4096,3625
242772,16384,9152
338952,16384,12789
342856,16384,13008
168208,8192,6975
366776,16384,13925
173184,8192,7204
135576,8192,5670
131948,8192,5510
90928,4096,4299
175564,8192,7346
52044,4096,2388
285516,16384,10878
362644,16384,13707
175460,8192,7321
378868,16384,14459
342576,16384,13009
87088,4096,4023
177332,8192,7462
35816,2048,1830
375924,16384,14283
157120,8192,6511
157084,8192,6518
176716,8192,7420
282708,16384,10792
80504,4096,3738
322816,16384,12122
340668,16384,12907
155404,8192,6402
285740,16384,10828
175624,8192,7345
370072,16384,14132
157560,8192,6572
367244,16384,13933
354432,16384,13273
89496,4096,4197
281484,16384,10710
177336,8192,7463
363060,16384,13726
175244,8192,7320
286060,16384,10927
236908,16384,8859
321980,16384,12012
331900,16384,12579
261432,16384,9789
310160,16384,11483
171820,8192,7130
357256,16384,13426
365680,16384,13916
362524,16384,13681
133044,8192,5596
365368,16384,13866
174368,8192,7242
178036,8192,7514
36696,2048,1895
167156,8192,6891
76572,4096,3505
142820,8192,5753
246792,16384,9365
176996,8192,7400
78152,4096,3602
338380,16384,12786
169432,8192,7076
173324,8192,7229
176468,8192,7393
289960,16384,11177
285180,16384,10878
166280,8192,6857
245900,8192,10018
192456,8192,7925
37984,2048,2007
176716,8192,7424
322884,16384,12112
168220,8192,6977
141904,8192,6052
246044,16384,9281
362052,16384,13629
362376,16384,13650
157176,8192,6521
319200,16384,11939
157112,8192,6513
130748,8192,5433
173304,8192,7224
246212,16384,9323
341408,16384,12963
271204,16384,10327
166604,8192,6882
372576,16384,14084
361536,16384,13619
321436,16384,12043
329008,16384,12346
337336,16384,12712
353348,16384,13413
35344,2048,1838
379852,16384,14526
155596,8192,6429
362416,16384,13671
312076,16384,11538
331924,16384,12584
376376,16384,14333
124320,8192,5144
342896,16384,13014
79028,4096,3676
284844,16384,10857
156832,8192,6484
290136,16384,11141
175548,8192,7358
320752,16384,11966
342496,16384,13031
290816,16384,11214
167536,8192,6928
290748,16384,11209
357008,16384,13618
153328,8192,6316
289796,16384,11119
290396,16384,11147
377716,16384,14434
327928,16384,12344
359744,16384,13780
168196,8192,6992
146712,8192,5959
343140,16384,13057
168416,8192,7010
342336,16384,13002
157896,8192,6577
172344,8192,7168
380724,16384,14493
123328,8192,5083
151896,8192,6260
355516,16384,13291
37848,2048,1973
164300,8192,6755
177632,8192,7480
328900,16384,12280
176560,8192,7387
173328,8192,7219
146248,8192,5968
37208,2048,1929
385348,16384,14748
186876,8192,7599
162528,8192,6656
339240,16384,12856
340004,16384,12872
177120,8192,7431
78472,4096,3597
177016,8192,7433
245180,16384,9231
173108,8192,7224
176536,8192,7408
382088,16384,14562
72028,4096,3319
132176,8192,5507
177272,8192,7425
338456,16384,12718
337004,16384,12694
112924,8192,4675
367088,16384,13947
87652,4096,4083
37888,2048,1985
284528,16384,10818
155360,8192,6402
132868,8192,5568
79340,4096,3623
166204,8192,6994
141908,8192,5956
332908,16384,12506
12492,1024,751
364436,16384,13849
383664,16384,14636
146044,8192,5930
263756,16384,10067
177028,8192,7418
245216,16384,9252
172572,8192,7175
79068,4096,3622
133180,8192,5630
333508,16384,12576
270560,16384,10247
286108,16384,10894
151308,8192,6181
313832,16384,11626
290496,16384,11182
176364,8192,7359
323504,16384,12160
271532,16384,10330
342468,16384,12992
342576,16384,13002
383200,16384,14655
290064,16384,11123
125508,8192,5248
175620,8192,7356
80724,4096,3748
354188,16384,13278
296320,16384,11375
168264,8192,6994
367128,16384,13962
269992,16384,10202
373636,16384,14127
276692,16384,10417
177216,8192,7439
292708,16384,11287
170704,8192,7028
376580,16384,14376
155040,8192,6403
278336,16384,10571
171892,8192,7180
338320,16384,12768
31088,2048,1628
177152,8192,7442
317324,16384,11858
176640,8192,7406
342848,16384,13023
246076,16384,9289
147752,8192,6031
361380,16384,13584
342500,16384,13026
227936,16384,8519
380844,16384,14523
342224,16384,12984
58944,4096,2715
167380,8192,6901
80200,4096,3708
269580,16384,10178
162484,8192,6632
365272,16384,13812
289816,16384,11093
383444,16384,14664
288016,16384,11054
263456,16384,9943
9288,512,647
172036,8192,7217
175048,8192,7292
284792,16384,10834
45212,2048,2333
172548,8192,7157
177592,8192,7496
131852,8192,5507
313400,16384,11641
133208,8192,5605
132992,8192,5599
351768,16384,13106
177008,8192,7434
367080,16384,13944
164080,8192,6732
29072,2048,1538
172668,8192,7191
281396,16384,10732
339308,16384,12821
261508,16384,9809
176176,8192,7351
127412,8192,5240
364944,16384,13843
156984,8192,6483
362248,16384,13650
226812,16384,8446
174776,8192,7277
177704,8192,7511
361616,16384,13650
356068,16384,13345
259776,16384,9680
173276,8192,7223
171736,8192,7142
314948,16384,11731
176428,8192,7371
322656,16384,12100
28180,2048,1492
164696,8192,6804
382572,16384,14622
225436,16384,8355
261556,16384,9816
364472,16384,13757
290340,16384,11183
171412,8192,7071
156492,8192,6484
141568,8192,6004
163616,8192,6724
279312,16384,10549
360076,16384,13617
378660,16384,14491
362764,16384,13757
128648,8192,5322
364604,16384,13779
284892,16384,10833
176648,8192,7409
342552,16384,12964
381592,16384,14564
336928,16384,12665
291752,16384,11246
365516,16384,13874
293684,16384,11271
166488,8192,6869
381264,16384,14520
80496,4096,3735
128572,8192,5307
356724,16384,13597
253648,16384,9667
366608,16384,13954
176924,8192,7441
341916,16384,12934
132236,8192,5534
384196,16384,14637
177180,8192,7449
53076,4096,2453
366232,16384,13873
28996,2048,1531
277528,16384,10609
340400,16384,12840
172096,8192,7122
149008,8192,6135
176168,8192,7354
284464,16384,10827
98168,4096,4500
355492,16384,13324
361388,16384,13632
374252,16384,14228
171240,8192,7078
378156,16384,14415
384312,16384,14649
171784,8192,7149
340236,16384,12836
247804,16384,9405
119936,8192,4891
321056,16384,11987
342076,16384,12962
304112,16384,11693
33348,2048,1662
322840,16384,12096
365496,16384,13864
78044,4096,3555
333880,16384,12558
222512,16384,8180
12852,1024,769
309444,16384,11995
364588,16384,13822
157156,8192,6533
167136,8192,6871
330040,16384,12356
358120,16384,13657
288012,16384,10974
78624,4096,3588
362900,16384,13713
88652,4096,4132
357232,16384,13393
177008,8192,7436
109524,8192,4481
375536,16384,14252
168192,8192,6970
80048,4096,3693
79740,4096,3670
342748,16384,12981
26360,2048,1385
362980,16384,13741
323004,16384,12110
301536,16384,11640
386656,16384,14871
285748,16384,10892
221860,16384,8137
328412,16384,12238
367980,16384,14041
175332,8192,7320
80468,4096,3722
289896,16384,11157
140804,8192,5968
288916,16384,11097
335620,16384,12684
366436,16384,13911
281444,16384,10680
270652,16384,10269
240736,16384,8997
150088,8192,6210
79460,4096,3653
342464,16384,13023
384412,16384,14674
289856,16384,11151
170280,8192,7128
103972,8192,4223
342452,16384,12989
176208,8192,7364
290604,16384,11215
279872,16384,10601
363272,16384,13757
174808,8192,7265
28836,2048,1514
384368,16384,14679
176716,8192,7425
38336,2048,1981
342108,16384,12955
342904,16384,13021
167476,8192,6940
288752,16384,11068
290052,16384,11152
120704,8192,4955
172612,8192,7188
342768,16384,13019
357020,16384,13559
290448,16384,11166
80352,4096,3721
365164,16384,13830
171496,8192,7088
309960,16384,11422
337392,16384,12696
290376,16384,11185
133028,8192,5608
173284,8192,7225
164624,8192,6818
17668,1024,1007
174616,8192,7292
80404,4096,3715
288388,16384,11060
167920,8192,6951
27776,2048,1453
107880,8192,4437
79648,4096,3683
132136,8192,5555
334084,16384,12626
39528,2048,2058
167568,8192,6942
176924,8192,7424
323120,16384,12143
123676,8192,5107
58348,4096,2665
284964,16384,10858
175332,8192,7300
166172,8192,6982
108940,8192,4447
338656,16384,12763
337128,16384,12650
174384,8192,7214
130064,8192,5382
80644,4096,3739
168360,8192,7001
342264,16384,12992
283788,16384,10855
289832,16384,11140
249244,8192,9985
290300,16384,11150
171328,8192,7095
172408,8192,7158
376580,16384,14336
135208,8192,5704
318640,16384,11853
132188,8192,5538
177400,8192,7485
28088,2048,1454
365284,16384,13800
270276,16384,10240
366420,16384,13907
122272,8192,5027
263636,16384,9902
246184,16384,9317
156380,8192,6454
314260,16384,11701
364900,16384,13831
34040,2048,1761
177300,8192,7454
377544,16384,14380
381116,16384,14559
246136,16384,9326
132196,8192,5512
76508,4096,3503
177504,8192,7479
132624,8192,5530
270676,16384,10308
156724,8192,6456
383160,16384,14686
163360,8192,6659
333364,16384,12541
173108,8192,7182
177200,8192,7450
37792,2048,1972
34840,2048,1818
361816,16384,13670
176596,8192,7408
382564,16384,14612
339576,16384,12830
171540,8192,7125
174996,8192,7302
285008,16384,10874
177336,8192,7467
172264,8192,7225
315440,16384,11727
342704,16384,13002
177204,8192,7436
290236,16384,11135
381956,16384,14575
176976,8192,7440
289416,16384,11089
37976,2048,1993
287912,16384,10969
315100,16384,11666
366324,16384,13852
290344,16384,11161
177252,8192,7442
173048,8192,7203
60500,4096,2811
351556,16384,13307
99832,8192,3967
173352,8192,7224
285132,16384,10916
268968,16384,10134
289740,16384,11123
173064,8192,7191
288720,16384,11043
72532,4096,3332
320432,16384,11959
186704,8192,7810
80872,4096,3772
81676,4096,3798
313124,16384,11657
172188,8192,7143
168328,8192,7004
171752,8192,7125
254648,16384,9772
284196,16384,10815
137832,8192,5786
60288,4096,2801
176980,8192,7424
266004,16384,9973
381688,16384,14588
382848,16384,14644
305980,16384,11790
177248,8192,7451
284816,16384,10914
366276,16384,13899
175596,8192,7354
356468,16384,13383
172492,8192,7154
316996,16384,11742
343736,16384,13065
168072,8192,6990
128336,8192,5328
340368,16384,12835
177180,8192,7430
341028,16384,12936
142728,8192,6112
176432,8192,7384
367264,16384,13990
290388,16384,11152
177316,8192,7463
162296,8192,6653
164436,8192,6756
170668,8192,7025
289672,16384,11104
155672,8192,6455
132780,8192,5564
285168,16384,10865
354056,16384,13267
337104,16384,12643
176528,8192,7409
281576,16384,10745
175280,8192,7324
238020,16384,8875
279536,16384,10703
277672,16384,10490
166132,8192,6860
287180,16384,10990
351488,16384,13062
347356,16384,13053
285784,16384,10901
358168,16384,13522
78892,4096,3638
246160,16384,9315
171596,8192,7119
383392,16384,14695
27960,2048,1482
177620,8192,7478
290308,16384,11136
298904,16384,11443
286336,16384,10927
80252,4096,3727
177216,8192,7455
343712,16384,13079
369652,16384,14123
372512,16384,14056
174484,8192,7249
171772,8192,7129
173444,8192,7242
291020,16384,11187
103840,8192,4191
177084,8192,7471
320728,16384,11943
328264,16384,12348
80260,4096,3708
176356,8192,7420
290728,16384,11241
286072,16384,10948
341096,16384,12906
377984,16384,14427
177068,8192,7428
367908,16384,14028
173160,8192,7198
268512,16384,10144
76320,4096,3487
342836,16384,13046
381416,16384,14521
171328,8192,7067
167932,8192,6969
175544,8192,7342
246252,16384,9289
289696,16384,11110
9600,512,655
148236,8192,6071
381296,16384,14518
324992,16384,12192
327840,16384,12323
245488,16384,9288
171664,8192,7091
84896,4096,3923
36340,2048,1895
358116,16384,13485
280724,16384,10635
356496,16384,13364
356108,16384,13367
172992,8192,7212
366924,16384,13955
175400,8192,7296
289380,16384,11097
177248,8192,7446
246192,16384,9312
266276,16384,10021
334012,16384,12590
156988,8192,6526
276240,16384,10395
342600,16384,12967
157132,8192,6514
58532,4096,2679
290596,16384,11207
239168,16384,8990
278996,16384,10647
333364,16384,12482
259768,16384,9689
89868,4096,4240
51768,4096,2357
20028,1024,1165
166568,8192,6890
175456,8192,7333
322604,16384,12086
133032,8192,5588
285832,16384,10893
177808,8192,7502
173220,8192,7208
154776,8192,6390
288772,16384,11061
346372,16384,13248
288588,16384,11027
303736,16384,11657
173336,8192,7228
124088,8192,5159
173344,8192,7235
190904,8192,7971
43404,2048,2206
176852,8192,7397
163928,8192,6721
290276,16384,11132
174944,8192,7306
374140,16384,14218
177244,8192,7446
342772,16384,13004
361972,16384,13686
155480,8192,6402
267904,16384,10044
292736,16384,11295
153508,8192,6328
80468,4096,3715
39420,2048,2047
261344,16384,9801
282752,16384,10782
171128,8192,7072
56364,4096,2562
339900,16384,12846
377568,16384,14386
132828,8192,5602
166560,8192,6868
290460,16384,11174
333140,16384,12534
158108,8192,6566
177184,8192,7430
308864,16384,12000
352464,16384,13194
288708,16384,11024
366844,16384,13956
338148,16384,12724
176220,8192,7358
333700,16384,12703
380332,16384,14423
26524,2048,1378
235440,16384,8744
334064,16384,12642
377456,16384,14380
331840,16384,12558
260296,16384,9729
243160,16384,9169
175436,8192,7327
318808,16384,11824
84064,4096,3910
341392,16384,12969
164524,8192,6780
175208,8192,7311
308356,16384,11937
174196,8192,7257
375500,16384,14222
176472,8192,7381
366736,16384,13970
281136,16384,10700
170552,8192,7022
166428,8192,6866
168056,8192,6986
362696,16384,13680
131492,8192,5511
174676,8192,7266
177088,8192,7418
275408,16384,10351
168452,8192,7009
146904,8192,5999
264748,16384,9928
172364,8192,7135
289916,16384,11149
176996,8192,7433
57156,4096,2636
69788,4096,3167
291608,16384,11201
380740,16384,14494
364832,16384,13816
176964,8192,7425
37768,2048,1986
79836,4096,3698
168572,8192,7023
342904,16384,13038
78876,4096,3629
342260,16384,12940
338464,16384,12792
364980,16384,13835
380548,16384,14480
177172,8192,7440
167424,8192,6924
376404,16384,14293
37852,2048,1974
141808,8192,6048
175608,8192,7353
286328,16384,10937
175660,8192,7366
290428,16384,11171
342996,16384,13038
386716,16384,14886
175288,8192,7306
175548,8192,7342
5148,256,390
78796,4096,3630
361312,16384,13603
368172,16384,14021
177124,8192,7415
156148,8192,6437
288564,16384,11058
168340,8192,6996
318572,16384,11846
160344,8192,6715
164416,8192,6789
331208,16384,12512
166548,8192,6884
124116,8192,5134
60140,4096,2780
373484,16384,14139
281636,16384,10761
158488,8192,6561
177236,8192,7452
286252,16384,10938
156988,8192,6484
336720,16384,12613
171400,8192,7090
175304,8192,7317
172468,8192,7150
338680,16384,12778
331692,16384,12522
177000,8192,7429
245864,16384,9280
342056,16384,12964
136044,4096,6088
357104,16384,13591
371576,16384,14027
111180,8192,4554
79900,4096,3682
381076,16384,14487
361748,16384,13667
132996,8192,5589
323980,16384,12190
71464,4096,3281
173468,8192,7254
177292,8192,7458
155444,8192,6397
175564,8192,7378
383204,16384,14648
268068,16384,10095
163292,8192,6711
171560,8192,7109
132884,8192,5585
342032,16384,12943
344596,16384,13092
245464,16384,9333
164620,8192,6729
177072,8192,7408
381360,16384,14522
153208,8192,6296
141320,8192,5996
246220,16384,9331
365964,16384,13843
290168,16384,11138
295812,16384,11280
172980,8192,7197
80708,4096,3729
141856,8192,6041
332600,16384,12609
268788,16384,10174
288780,16384,11075
383084,16384,14665
359184,16384,13583
174764,8192,7271
235404,16384,8740
167948,8192,6958
175316,8192,7284
340964,16384,12894
342888,16384,13021
124776,8192,5188
153252,8192,6325
268272,16384,10093
35448,2048,1821
360264,16384,13760
87564,4096,3966
218072,16384,8000
290656,16384,11207
375800,16384,14269
134024,8192,5652
60776,4096,2840
342516,16384,12967
275684,16384,10352
171840,8192,7131
176656,8192,7405
362300,16384,13642
165776,8192,6825
19988,1024,1158
362064,16384,13632
128720,8192,5313
168216,8192,6981
357080,16384,13410
58848,4096,2723
161736,8192,6570
139796,8192,5877
280960,16384,10716
289908,16384,11142
382944,16384,14603
354172,16384,13314
367016,16384,13991
164328,8192,6756
367264,16384,14008
274452,16384,10230
327020,16384,12378
163556,8192,6728
156700,8192,6486
176788,8192,7422
341472,16384,12903
361088,16384,13559
132344,8192,5544
364656,16384,13801
123912,8192,5121
284360,16384,10797
336448,16384,12614
322244,16384,12076
177328,8192,7467
13668,1024,835
166524,8192,6874
376600,16384,14324
156880,8192,6506
165848,8192,6848
166164,8192,6837
157024,8192,6488
332216,16384,12425
177408,8192,7482
80672,4096,3766
290284,16384,11147
364920,16384,13818
364744,16384,13858
248276,16384,9400
171152,8192,7060
203784,8192,8047
338440,16384,12780
176200,8192,7357
157448,8192,6594
245752,16384,9278
176732,8192,7366
177316,8192,7458
246200,16384,9325
130232,8192,5435
246036,16384,9344
359632,16384,13586
132884,8192,5573
80460,4096,3713
283152,16384,10947
342996,16384,13056
79796,4096,3683
124108,8192,5117
341336,16384,12886
60172,4096,2783
333764,16384,12575
177384,8192,7463
169848,8192,7085
338592,16384,12824
336708,16384,12642
116384,8192,4870
174520,8192,7257
152660,8192,6240
266532,16384,10041
174892,8192,7286
168172,8192,6997
157716,8192,6563
246312,16384,9337
329060,16384,12229
244440,16384,9218
376192,16384,14287
164292,8192,6764
242028,16384,9070
287548,16384,10944
341036,16384,12902
177372,8192,7479
367284,16384,14012
176984,8192,7430
173440,8192,7268
166456,8192,6869
290140,16384,11148
152344,8192,6222
280780,16384,10663
290368,16384,11150
351748,16384,13376
223704,16384,8227
157172,8192,6503
171748,8192,7113
175168,8192,7265
176412,8192,7410
246908,16384,9375
131232,8192,5500
269576,16384,10174
176992,8192,7432
123712,8192,5114
380804,16384,14515
177196,8192,7429
376436,16384,14333
338680,16384,12764
288864,16384,11094
157192,8192,6525
275292,16384,10459
167640,8192,6949
132208,8192,5533
368736,16384,14066
145476,8192,5855
340012,16384,12796
365176,16384,13849
171808,8192,7142
175508,8192,7332
171212,8192,7094
270120,16384,10234
153164,8192,6286
277516,16384,10575
173308,8192,7243
173016,8192,7202
255120,16384,9762
337200,16384,12722
381376,16384,14511
149060,8192,6099
76360,4096,3474
289596,16384,11081
361176,16384,13578
277952,16384,10523
338916,16384,12807
342872,16384,13013
171468,8192,7102
176532,8192,7396
148272,8192,6088
176404,8192,7353
376476,16384,14337
156124,8192,6435
269692,16384,10207
337956,16384,12664
157484,8192,6555
176336,8192,7393
60064,4096,2771
148444,8192,6251
279068,16384,10690
32156,2048,1636
168304,8192,6986
364684,16384,13786
328892,16384,12267
171500,8192,7107
334428,16384,12626
172932,8192,7181
243780,16384,9161
80352,4096,3703
176700,8192,7416
174788,8192,7293
278396,16384,10521
329980,16384,12351
156528,8192,6482
237584,16384,8905
290508,16384,11185
176288,8192,7384
338928,16384,12803
37504,2048,1931
335520,16384,12647
366884,16384,13940
288096,16384,11032
290460,16384,11174
68240,4096,3104
73256,4096,3384
270636,16384,10240
142196,8192,5708
174780,8192,7275
168340,8192,7008
75416,4096,3431
346436,16384,13184
177184,8192,7426
255152,16384,9770
333788,16384,12522
129100,8192,5373
80472,4096,3733
153168,8192,6281
275372,16384,10338
299992,16384,11568
285688,16384,10922
288876,16384,11076
56564,4096,2585
288748,16384,11072
167368,8192,6897
357364,16384,13433
364756,16384,13808
133068,8192,5615
366304,16384,13927
354476,16384,13287
289892,16384,11098
38012,2048,2010
338032,16384,12810
369808,16384,14099
246148,16384,9312
80284,4096,3724
176572,8192,7384
342312,16384,12984
132624,8192,5555
168056,8192,6946
256772,16384,9526
341272,16384,12950
132916,8192,5581
193072,8192,8130
383188,16384,14654
163764,8192,6803
177292,8192,7481
378120,16384,14401
337508,16384,12749
281116,16384,10692
276076,16384,10375
33544,2048,1730
322020,16384,12025
246176,16384,9315
290472,16384,11173
363624,16384,13805
174908,8192,7299
289184,16384,11110
177216,8192,7446
270896,16384,10314
151224,8192,6185
50620,4096,2279
157060,8192,6528
17048,1024,1028
153144,8192,6509
246424,16384,9316
361808,16384,13667
57408,4096,2652
174872,8192,7296
362876,16384,13700
374044,16384,14200
338260,16384,12784
74128,4096,3355
304800,16384,11572
333792,16384,12536
331936,16384,12582
175548,8192,7342
123988,8192,5136
281224,16384,10701
360792,16384,13568
168336,8192,7006
338868,16384,12856
130200,8192,5416
337964,16384,12678
338476,16384,12758
312168,16384,11532
164376,8192,6790
245628,16384,9294
288056,16384,11005
177228,8192,7446
289616,16384,11096
246368,16384,9351
382992,16384,14638
311988,16384,11565
289668,16384,11087
333848,16384,12566
329976,16384,12765
322736,16384,12075
289904,16384,11146
246204,16384,9326
279688,16384,10595
340372,16384,12832
174732,8192,7270
107488,8192,4353
168372,8192,7017
177028,8192,7424
337536,16384,12678
310148,16384,11888
132436,8192,5563
380700,16384,14476
288508,16384,11017
242984,16384,9174
165812,8192,6877
165120,8192,6791
177176,8192,7435
376668,16384,14362
342548,16384,13028
341204,16384,12959
289640,16384,11094
321860,16384,12033
361220,16384,13861
373532,16384,14205
177320,8192,7464
338240,16384,12736
243284,16384,9171
365336,16384,13865
176540,8192,7378
176920,8192,7403
108916,8192,4441
288912,16384,11108
290380,16384,11154
6592,512,448
334028,16384,12590
79488,4096,3659
135952,8192,5733
286256,16384,10903
354428,16384,13549
37944,2048,1997
360480,16384,13558
175404,8192,7306
80608,4096,3749
175980,8192,7375
70424,4096,3181
37880,2048,1982
382124,16384,14571
157160,8192,6545
361452,16384,13623
176216,8192,7370
177296,8192,7472
65180,2048,3238
175388,8192,7330
170044,8192,7119
171788,8192,7091
133264,8192,5651
168188,8192,6973
172932,8192,7163
156180,8192,6450
291100,16384,11159
86796,4096,4014
131240,8192,5481
357332,16384,13442
67264,4096,3020
288788,16384,11071
343896,16384,13077
177240,8192,7444
291368,16384,11237
157012,8192,6521
173312,8192,7252
290852,16384,11241
132840,8192,5561
342372,16384,12995
288752,16384,11067
365424,16384,13851
307640,16384,11694
387068,16384,14893
243104,16384,9191
89420,4096,4177
232560,16384,8584
340460,16384,12860
290524,16384,11190
75580,4096,3503
177088,8192,7455
282296,16384,10782
178088,8192,7465
365316,16384,13868
366356,16384,13948
290876,16384,11229
82512,4096,3818
288992,16384,11111
21500,1024,1263
172588,8192,7162
172892,8192,7165
217560,16384,7969
80428,4096,3707
177448,8192,7447
290116,16384,11124
176824,8192,7405
360396,16384,13763
243396,16384,9117
322080,16384,12039
366984,16384,13926
172388,8192,7124
258104,16384,9609
342828,16384,13033
161120,8192,6660
130024,8192,5417
376088,16384,14341
225976,16384,8361
361160,16384,13808
79852,4096,3691
330328,16384,12454
290080,16384,11122
293316,16384,11297
352156,16384,13123
284264,16384,10757
322648,16384,12096
276772,16384,10420
61232,4096,2858
57228,4096,2642
175408,8192,7307
173188,8192,7202
173308,8192,7210
142844,8192,5782
79456,4096,3648
380804,16384,14513
124628,8192,5200
168020,8192,7008
177652,8192,7494
18504,1024,1105
278376,16384,10653
156740,8192,6460
165372,8192,6867
354012,16384,13506
353312,16384,13208
17924,1024,1020
175376,8192,7311
322668,16384,12095
366360,16384,13892
177488,8192,7458
341420,16384,12948
157012,8192,6485
78108,4096,3571
121440,8192,4939
55660,4096,2525
81300,4096,3811
253428,16384,9677
164356,8192,6742
176560,8192,7403
166604,8192,6895
243592,16384,9211
167188,8192,7060
236916,16384,8841
290292,16384,11171
126952,8192,5237
156776,8192,6487
169956,8192,7097
177204,8192,7436
290492,16384,11181
287676,16384,10971
175764,8192,7374
127804,8192,5317
162144,8192,6606
288844,16384,11073
360908,16384,13583
132824,8192,5588
176616,8192,7417
246112,16384,9303
330000,16384,12340
171492,8192,7085
81724,4096,3775
168228,8192,6985
342888,16384,13016
312280,16384,11569
80772,4096,3729
111184,8192,4565
333396,16384,12544
351436,16384,13427
156304,8192,6452
378124,16384,14470
279356,16384,10702
355608,16384,13334
289384,16384,11076
175304,8192,7335
153312,8192,6296
377320,16384,14373
366628,16384,13955
156556,8192,6477
80532,4096,3744
157416,8192,6533
361552,16384,13664
364464,16384,13735
166660,8192,6896
234188,16384,8714
332992,16384,12459
28948,2048,1540
37640,2048,1954
84084,4096,3929
85020,4096,3927
176536,8192,7380
58396,4096,2664
347824,16384,13290
256660,16384,9501
153904,8192,6330
177284,8192,7455
236984,16384,8835
72396,4096,3315
355396,16384,13266
313804,16384,11667
336540,16384,12626
270388,16384,10251
177420,8192,7489
361488,16384,13625
373092,16384,14086
266228,16384,9981
364824,16384,13856
340440,16384,12849
128288,8192,5300
51776,4096,2365
367276,16384,13993
176008,8192,7331
290388,16384,11172
287712,16384,11069
174164,8192,7300
361152,16384,13596
342884,16384,13015
339564,16384,12874
171584,8192,7099
146624,8192,5952
168684,8192,7050
173060,8192,7223
166444,8192,6896
343464,16384,13034
173332,8192,7232
354024,16384,13496
279128,16384,10645
245432,16384,9263
225512,16384,8377
176532,8192,7393
341244,16384,12926
362152,16384,13655
278624,16384,10563
184320,8192,7746
21756,1024,1278
172548,8192,7208
165196,8192,6910
177280,8192,7468
335516,16384,12645
80772,4096,3760
288604,16384,11036
277524,16384,10501
178308,8192,7493
80060,4096,3684
80568,4096,3758
341012,16384,12907
80368,4096,3707
278512,16384,10551
288652,16384,11046
367212,16384,13964
288676,16384,11048
173396,8192,7220
77624,4096,3581
176812,8192,7401
339040,16384,12822
177356,8192,7479
366208,16384,13903
177024,8192,7418
259700,16384,9672
336696,16384,12665
82296,4096,3798
80816,4096,3744
173404,8192,7249
176360,8192,7349
166548,8192,6881
166404,8192,6888
362528,16384,13709
287644,16384,11052
246528,16384,9332
304216,16384,11738
363152,16384,13703
343128,16384,13089
290404,16384,11195
173412,8192,7239
344440,16384,13102
366316,16384,13902
80236,4096,3713
339676,16384,12885
342440,16384,13016
333560,16384,12552
259600,16384,9668
361096,16384,13600
149872,8192,6173
129100,8192,5395
78736,4096,3620
173388,8192,7250
376396,16384,14301
80568,4096,3708
123880,8192,5135
166276,8192,6875
290608,16384,11205
375376,16384,14207
36436,2048,1902
176376,8192,7424
323124,16384,12172
291124,16384,11210
171472,8192,7105
170820,8192,7053
167792,8192,6929
175780,8192,7385
168300,8192,7004
386964,16384,14866
157408,8192,6587
156536,8192,6457
387108,16384,14888
277828,16384,10524
89372,4096,4183
261452,16384,9812
176472,8192,7381
281264,16384,10673
354680,16384,13518
80752,4096,3754
285948,16384,10922
165280,8192,6828
86992,4096,4032
70532,4096,3233
281192,16384,10681
77408,4096,3597
361464,16384,13689
35828,2048,1834
177160,8192,7485
169452,8192,7113
246316,16384,9359
351592,16384,13085
242764,16384,9170
156544,8192,6474
257648,16384,9577
283292,16384,10853
174744,8192,7281
37736,2048,1963
365372,16384,13873
240256,16384,9004
157528,8192,6565
173224,8192,7192
73176,4096,3378
132220,8192,5537
285756,16384,10909
285212,16384,10935
246524,16384,9384
289964,16384,11173
89620,4096,4200
365232,16384,13804
171620,8192,7113
286420,16384,10931
131196,8192,5470
176316,8192,7383
176580,8192,7387
374052,16384,14196
373696,16384,14125
366164,16384,13862
171652,8192,7119
337656,16384,12733
377928,16384,14389
173232,8192,7207
278452,16384,10535
166152,8192,6976
132816,8192,5571
268404,16384,10156
345992,16384,13201
168120,8192,7001
176244,8192,7356
165340,8192,6761
176776,8192,7425
168376,8192,7010
281396,16384,10689
177108,8192,7429
174796,8192,7295
284936,16384,10850
279800,16384,10600
288692,16384,11073
37904,2048,1970
83280,4096,3856
109792,8192,4519
287876,16384,10977
177348,8192,7466
80720,4096,3746
156660,8192,6491
174452,8192,7246
362204,16384,13923
291204,16384,11231
364864,16384,13824
254824,16384,9358
312160,16384,11536
290988,16384,11182
185636,8192,7724
338528,16384,12759
173304,8192,7229
277048,16384,10461
283580,16384,10803
148176,8192,6063
318596,16384,11808
174460,8192,7243
271976,16384,10329
268600,16384,10125
361428,16384,13621
155532,8192,6423
288756,16384,11065
165716,8192,6817
361008,16384,13825
150164,8192,6191
8932,512,614
175468,8192,7366
266352,16384,9998
360480,16384,13513
175268,8192,7267
334400,16384,12606
358240,16384,13505
177236,8192,7444
177176,8192,7460
239828,16384,8933
175144,8192,7322
268808,16384,10141
276908,16384,10466
128820,8192,5325
60144,4096,2764
364324,16384,13749
325132,16384,12210
278840,16384,10685
338964,16384,12804
372384,16384,14099
288336,16384,11018
333652,16384,12545
285524,16384,10869
380824,16384,14502
62512,4096,2923
362840,16384,13734
177100,8192,7410
287900,16384,10998
166392,8192,6858
140084,8192,5923
177336,8192,7464
270124,16384,10235
243352,16384,9168
338280,16384,12741
172764,8192,7205
80240,4096,3752
269768,16384,10209
339116,16384,12826
277292,16384,10471
79900,4096,3666
180524,8192,7558
177204,8192,7437
342056,16384,12981
246220,16384,9342
153460,8192,6331
366984,16384,13920
177172,8192,7433
153508,8192,6343
250256,16384,9571
80092,4096,3683
333248,16384,12543
172948,8192,7189
157856,8192,6572
173152,8192,7197
373052,16384,14075
173680,8192,7254
352792,16384,13205
80428,4096,3743
333624,16384,12542
290460,16384,11169
178028,8192,7499
164444,8192,6774
173300,8192,7216
80644,4096,3759
29292,2048,1567
165088,8192,6789
178080,8192,7525
175456,8192,7329
9204,512,621
290176,16384,11156
167744,8192,6975
171704,8192,7121
156944,8192,6515
288076,16384,11023
270356,16384,10258
291800,16384,11224
143464,8192,5779
217316,16384,7927
177284,8192,7456
174864,8192,7272
104732,8192,4290
168108,8192,6951
177552,8192,7474
231784,16384,8745
166988,8192,6884
322200,16384,12071
343796,16384,13068
177304,8192,7462
343316,16384,13075
330292,16384,12439
173380,8192,7212
176732,8192,7415
372512,16384,14073
57900,4096,2678
265576,16384,9942
151464,8192,6182
338904,16384,12785
266340,16384,9993
338068,16384,12721
155360,8192,6408
148320,8192,6071
176544,8192,7394
361000,16384,13593
336412,16384,12605
355912,16384,13345
290584,16384,11205
166168,8192,6822
172568,8192,7170
111748,8192,4598
112932,8192,4658
157148,8192,6515
34076,2048,1781
156908,8192,6507
357192,16384,13392
290316,16384,11191
371800,16384,14049
175656,8192,7351
383184,16384,14643
172912,8192,7175
309364,16384,11996
174800,8192,7268
367176,16384,13969
139840,8192,5887
244372,16384,9222
289496,16384,11081
290632,16384,11212
158880,8192,6629
176496,8192,7383
152712,8192,6486
60476,4096,2822
172920,8192,7165
37972,2048,1988
288884,16384,11051
152440,8192,6317
133684,8192,5645
281072,16384,10698
177400,8192,7464
128660,8192,5328
58484,4096,2680
156360,8192,6433
384104,16384,14698
176432,8192,7371
154904,8192,6406
79148,4096,3639
320556,16384,11954
176756,8192,7437
337224,16384,12702
281144,16384,10637
341228,16384,12922
287488,16384,10946
168220,8192,6979
56404,4096,2572
175496,8192,7334
270116,16384,10184
176772,8192,7436
233452,16384,8664
371848,16384,14029
289944,16384,11111
121528,8192,4974
364596,16384,13801
175356,8192,7312
380992,16384,14538
305848,16384,11838
290372,16384,11163
358484,16384,13540
168424,8192,7017
128164,8192,5373
327776,16384,12391
288628,16384,11036
172592,8192,7180
339468,16384,12841
175452,8192,7320
365076,16384,13892
278996,16384,10565
267964,16384,10078
177248,8192,7442
322436,16384,12038
79720,4096,3674
283732,16384,10867
266464,16384,10033
176032,8192,7384
290520,16384,11184
175100,8192,7305
364568,16384,13862
342640,16384,12991
179064,8192,7580
378844,16384,14451
170836,8192,7075
382400,16384,14580
173144,8192,7191
323716,16384,12150
283060,16384,10795
290704,16384,11198
362348,16384,13664
129084,8192,5391
275176,16384,10453
79012,4096,3651
284220,16384,10830
245340,16384,9243
173288,8192,7226
156716,8192,6455
238868,16384,8981
362560,16384,13697
338144,16384,12713
187560,8192,7616
176896,8192,7429
356972,16384,13398
245876,16384,9300
155556,8192,6436
141952,4096,6288
175428,8192,7392
261148,16384,9730
340616,16384,12892
177212,8192,7443
266632,16384,10034
374068,16384,14145
155232,8192,6390
285668,16384,11000
176504,8192,7394
176608,8192,7398
290096,16384,11126
124984,8192,5211
276580,16384,10388
333608,16384,12596
271548,16384,10350
343320,16384,13075
244912,16384,9243
80324,4096,3710
366588,16384,13933
129068,8192,5388
366904,16384,13934
241660,16384,9040
176992,8192,7447
342920,16384,13036
353932,16384,13309
385036,16384,14765
290388,16384,11157
290504,16384,11184
173084,8192,7182
174780,8192,7273
264248,16384,9864
289224,16384,11058
80628,4096,3767
374048,16384,14200
377020,16384,14317
166556,8192,6865
143484,8192,5766
332588,16384,12410
367732,16384,14024
111292,8192,4561
80040,4096,3704
79460,4096,3653
320716,16384,11947
37884,2048,1982
177024,8192,7423
331868,16384,12565
57440,4096,2659
148076,8192,6040
121132,8192,4954
362388,16384,13669
233376,16384,8654
116220,8192,4762
308584,16384,11318
33820,2048,1740
163836,8192,6703
277580,16384,10493
290300,16384,11166
73816,4096,3319
362824,16384,13689
267532,16384,10110
288300,16384,11015
339620,16384,12891
332376,16384,12501
279316,16384,10709
110644,8192,4509
165792,8192,6873
176564,8192,7388
80260,4096,3702
80136,4096,3729
122848,8192,5059
148156,8192,6059
300604,16384,11598
60940,4096,2856
290264,16384,11126
318624,16384,11860
125828,8192,5268
175496,8192,7356
289820,16384,11143
177260,8192,7444
173256,8192,7228
177184,8192,7430
157456,8192,6547
384556,16384,14710
174852,8192,7297
283308,16384,10857
28028,2048,1452
281184,16384,10676
281036,16384,10801
153628,8192,6355
133532,8192,5609
375756,16384,14259
344056,16384,13117
134788,8192,5662
332332,16384,12465
28988,2048,1530
290440,16384,11169
177068,8192,7450
286272,16384,10908
279092,16384,10573
132360,8192,5569
375632,16384,14277
171848,8192,7153
15704,1024,904
270260,16384,10227
279456,16384,10723
341004,16384,12882
290400,16384,11159
382836,16384,14635
337248,16384,12708
275024,16384,10420
287896,16384,11002
80440,4096,3725
321304,16384,12029
69456,4096,3191
287480,16384,10932
173444,8192,7248
265768,16384,9973
132920,8192,5576
79992,4096,3680
171864,8192,7186
71704,4096,3281
167988,8192,6982
218028,16384,7975
76440,4096,3520
171176,8192,7083
152880,8192,6295
382608,16384,14623
37200,2048,1930
176240,8192,7384
304188,16384,11705
151928,8192,6218
290356,16384,11147
366972,16384,13982
171804,8192,7142
176668,8192,7413
288104,16384,11028
286020,16384,10940
177400,8192,7489
366284,16384,13895
132900,8192,5582
175724,8192,7354
289728,16384,11147
172152,8192,7116
80216,4096,3714
175128,8192,7370
381692,16384,14592
76448,4096,3496
285812,16384,10888
176676,8192,7427
19772,1024,1146
290448,16384,11188
164488,8192,6796
141908,8192,6036
284016,16384,10782
356632,16384,13586
60340,4096,2791
165016,8192,6821
164528,8192,6879
362496,16384,13696
347556,16384,13098
358092,16384,13623
342912,16384,13036
247048,8192,10051
357504,16384,13707
20052,1024,1174
152992,8192,6265
339644,16384,12845
365220,16384,13845
320608,16384,11987
330120,16384,12370
163500,8192,6694
173388,8192,7234
76748,4096,3522
376364,16384,14265
175568,8192,7347
164432,8192,6799
172468,8192,7160
57940,4096,2630
279324,16384,10693
165160,8192,6809
379964,16384,14557
288904,16384,11090
128880,8192,5327
156740,8192,6465
52028,4096,2382
269508,16384,10162
58688,4096,2688
62148,4096,2924
176652,8192,7426
333696,16384,12587
31868,2048,1606
154952,8192,6381
133224,8192,5645
244656,16384,9228
175040,8192,7311
364948,16384,13771
290832,16384,11223
277676,16384,10474
87540,4096,4071
176508,8192,7391
361992,16384,13601
318972,16384,11892
289364,16384,11092
357324,16384,13422
150588,8192,6080
19568,1024,1117
177340,8192,7465
246072,16384,9290
127348,8192,5256
380908,16384,14514
290452,16384,11171
226816,16384,8450
270624,16384,10264
163616,8192,6740
155096,8192,6402
174708,8192,7304
362276,16384,13672
124024,8192,5146
297688,16384,11445
380520,16384,14470
76344,4096,3481
245768,16384,9272
69288,4096,3162
281336,16384,10690
317628,16384,11787
176600,8192,7413
342924,16384,13057
19768,1024,1146
139392,8192,5861
178704,8192,7539
80032,4096,3677
366960,16384,13966
244400,16384,9180
37664,2048,1949
364732,16384,13801
289872,16384,11107
262756,16384,9853
175340,8192,7351
342856,16384,13056
122220,8192,5018
382336,16384,14571
352152,16384,13346
171920,8192,7188
367752,16384,14000
378480,16384,14447
342660,16384,13013
123240,8192,5079
272580,16384,10364
19920,1024,1157
245508,16384,9259
259540,16384,9712
361512,16384,13669
88808,4096,4152
172296,8192,7132
177104,8192,7437
244144,16384,9181
80372,4096,3709
228348,8192,9199
301372,16384,11597
322920,16384,12121
168192,8192,6958
280272,16384,10666
358000,16384,13464
38000,2048,1994
363092,16384,13718
361584,16384,13660
318624,16384,11853
324892,16384,12197
272264,16384,10322
251084,16384,9533
177184,8192,7427
289976,16384,11097
365488,16384,13850
331392,16384,12553
112800,8192,4648
318680,16384,11875
175384,8192,7333
333448,16384,12481
365252,16384,13840
177308,8192,7458
331716,16384,12527
289880,16384,11093
336348,16384,12627
290340,16384,11143
168088,8192,6950
366572,16384,13925
171176,8192,7100
325436,16384,12542
243572,16384,9100
155612,8192,6405
289320,16384,11096
268664,16384,10140
240040,16384,8918
342612,16384,13033
250996,16384,9581
168008,8192,6952
128036,8192,5296
127132,8192,5288
164108,8192,6765
337860,16384,12811
186160,8192,7753
120092,8192,4911
289964,16384,11110
325524,16384,12118
166652,8192,6910
321952,16384,12072
381852,16384,14614
358856,16384,13506
79880,4096,3696
38504,2048,1993
233156,16384,8625
177068,8192,7402
381660,16384,14583
375700,16384,14245
37836,2048,1971
277400,16384,10471
333908,16384,12596
33864,2048,1751
236948,16384,8822
154548,8192,6365
165552,8192,6938
157220,8192,6536
166912,8192,6958
289480,16384,11101
364392,16384,13748
88816,4096,4143
364908,16384,13775
284536,16384,10803
367004,16384,13926
268708,16384,10148
123488,8192,5079
270284,16384,10232
233564,16384,8706
331700,16384,12418
296632,16384,11310
85464,4096,4020
157288,8192,6552
322228,16384,12059
272524,16384,10350
305696,16384,11799
174876,8192,7287
337328,16384,12710
363116,16384,13740
373716,16384,14200
8460,512,586
288072,16384,11013
380416,16384,14440
176888,8192,7426
290248,16384,11170
80268,4096,3688
69800,4096,3162
164732,8192,6893
340552,16384,12869
380716,16384,14474
286336,16384,10913
152280,8192,6484
315756,16384,11786
342316,16384,12997
284856,16384,10936
342468,16384,13024
19056,1024,1111
174748,8192,7270
81108,4096,3765
132228,8192,5569
167872,8192,6939
364328,16384,13829
177420,8192,7441
36680,2048,1932
343012,16384,13047
199392,8192,8200
251456,16384,9594
290392,16384,11172
321240,16384,12017
382068,16384,14541
175248,8192,7316
365284,16384,13833
352812,16384,13189
177320,8192,7460
343204,16384,13091
167936,8192,6955
359704,16384,13585
337096,16384,12662
384620,16384,14683
78092,4096,3571
75808,4096,3443
358116,16384,13497
133008,8192,5586
286776,16384,10955
170476,8192,7033
288668,16384,11058
19444,1024,1128
132320,8192,5556
361488,16384,13637
141792,8192,6025
171788,8192,7118
114256,8192,4741
337852,16384,12787
174952,8192,7259
290280,16384,11145
375712,16384,14243
167360,8192,6923
176600,8192,7398
38164,2048,2004
290572,16384,11170
362924,16384,13749
288300,16384,11020
373392,16384,14111
176052,8192,7356
365380,16384,13841
175868,8192,7357
132980,8192,5596
85364,4096,3949
103920,8192,4203
155516,8192,6419
174564,8192,7320
77092,4096,3533
59696,4096,2760
85560,4096,3982
342920,16384,13025
366808,16384,13925
132668,8192,5563
337244,16384,12695
338900,16384,12832
343356,16384,13084
163692,8192,6734
165772,8192,6815
151480,8192,6185
242304,16384,9102
162596,8192,6653
351576,16384,13106
80520,4096,3729
172692,8192,7189
173368,8192,7241
148324,8192,6088
276180,16384,10374
163032,8192,6634
77860,4096,3569
367168,16384,13967
367012,16384,13959
339184,16384,12859
287876,16384,11025
176584,8192,7409
304180,16384,11715
148144,8192,6056
284540,16384,10779
82320,4096,3871
269820,16384,10190
319016,16384,11866
167500,8192,6982
130536,8192,5461
40020,2048,2077
333588,16384,12541
344684,16384,13145
364552,16384,13752
82508,4096,3834
166076,8192,6908
282556,16384,10883
27908,2048,1468
384948,16384,14777
341020,16384,12918
346592,16384,13228
384960,16384,14736
172316,8192,7238
367040,16384,13984
132652,8192,5579
172912,8192,7187
342016,16384,12958
333564,16384,12554
339836,16384,12889
176604,8192,7413
270436,16384,10264
82704,4096,3838
164380,8192,6776
333848,16384,12532
132248,8192,5538
247596,16384,9418
176780,8192,7442
175040,8192,7276
132560,8192,5552
175548,8192,7355
128300,8192,5338
71416,4096,3258
80028,4096,3687
155992,8192,6417
366712,16384,13917
162884,8192,6667
156712,8192,6463
146708,8192,6004
342624,16384,13010
384764,16384,14670
277404,16384,10466
148224,8192,6064
129116,8192,5377
176468,8192,7380
381348,16384,14549
173304,8192,7230
153008,8192,6279
357912,16384,13440
136676,8192,5795
177056,8192,7430
280168,16384,10660
338752,16384,12791
342488,16384,13023
157384,8192,6572
60280,4096,2781
80320,4096,3707
134124,8192,5627
177340,8192,7470
353844,16384,13496
266636,16384,10035
153232,8192,6303
362440,16384,13682
259988,16384,9716
367424,16384,13950
289072,16384,11103
171684,8192,7108
270388,16384,10235
175488,8192,7334
330784,16384,12471
366540,16384,13940
175620,8192,7359
276392,16384,10405
37520,2048,1941
347508,16384,13118
331596,16384,12370
306100,16384,11875
73296,4096,3395
318492,16384,11873
323560,16384,12138
291452,16384,11225
132212,8192,5541
366972,16384,13918
329912,16384,12403
80340,4096,3727
76620,4096,3539
163256,8192,6684
290308,16384,11140
285536,16384,10844
177516,8192,7459
175284,8192,7304
101896,8192,4067
136936,8192,5817
171644,8192,7123
269808,16384,10232
245012,16384,9201
125732,8192,5258
337136,16384,12731
384788,16384,14735
280660,16384,10624
132132,8192,5513
171780,8192,7135
342876,16384,13030
352432,16384,13147
341416,16384,12965
80364,4096,3712
366968,16384,13967
329704,16384,12457
156028,8192,6416
342932,16384,13033
77576,4096,3557
78604,4096,3614
290352,16384,11147
358424,16384,13642
165448,8192,6925
314272,16384,11687
339184,16384,12815
362020,16384,13672
362732,16384,13746
172168,8192,7118
176676,8192,7416
154596,8192,6324
284952,16384,10864
362808,16384,13694
373336,16384,14197
361088,16384,13583
257776,16384,9591
360680,16384,13641
274424,16384,10444
323204,16384,12144
175004,8192,7313
382476,16384,14591
325544,16384,12522
285812,16384,10909
173032,8192,7206
172476,8192,7148
274620,16384,10263
331168,16384,12434
356404,16384,13372
375352,16384,14300
337184,16384,12675
77224,4096,3562
168472,8192,7012
235260,16384,8699
331040,16384,12483
81848,4096,3805
129320,8192,5401
338408,16384,12793
85916,4096,4016
132432,8192,5540
336436,16384,12635
338412,16384,12758
130716,8192,5458
175196,8192,7307
276796,16384,10448
156544,8192,6511
294460,16384,11405
44956,2048,2220
132896,8192,5576
177352,8192,7468
289748,16384,11119
70068,4096,3180
172580,8192,7167
269208,16384,10130
134496,8192,5699
280732,16384,10648
176988,8192,7403
79488,4096,3680
166464,8192,6864
247540,16384,9410
288096,16384,11015
290396,16384,11169
380872,16384,14519
152220,8192,6294
175680,8192,7339
171692,8192,7189
264820,16384,9941
282412,16384,10770
290220,16384,11118
177164,8192,7447
353052,16384,13160
164252,8192,6855
231084,8192,9387
289596,16384,11086
289892,16384,11156
280984,16384,10689
200876,8192,7975
368132,16384,14016
276660,16384,10378
171308,8192,7101
380688,16384,14469
139792,8192,5922
284596,16384,10806
77856,4096,3544
354184,16384,13266
362944,16384,13723
71396,4096,3257
173140,8192,7184
277880,16384,10648
320536,16384,11922
69712,4096,3174
177280,8192,7443
357348,16384,13438
319552,16384,12176
278928,16384,10543
178604,8192,7509
339064,16384,12830
341452,16384,12968
343896,16384,13098
260612,16384,9731
165888,8192,6843
359276,16384,13785
246488,16384,9366
332108,16384,12430
227544,16384,8471
380808,16384,14511
286604,16384,10973
360660,16384,13589
152608,8192,6263
267980,16384,10089
289684,16384,11107
266760,16384,10048
320760,16384,11978
157116,8192,6506
322800,16384,12092
33600,2048,1729
176976,8192,7428
333960,16384,12589
112680,8192,4657
362216,16384,13669
386672,16384,14875
40004,2048,2060
175404,8192,7307
348468,16384,13149
284864,16384,10906
176868,8192,7401
177396,8192,7483
167420,8192,6923
338752,16384,12805
366216,16384,13911
332048,16384,12421
360716,16384,13595
177288,8192,7456
245516,16384,9277
147956,8192,6018
264688,16384,9943
357352,16384,13498
78872,4096,3633
173380,8192,7232
169276,8192,6998
341944,16384,12923
246316,16384,9349
342548,16384,13011
277492,16384,10457
156672,8192,6465
175412,8192,7328
77288,4096,3573
157160,8192,6516
342912,16384,13018
136580,8192,5784
259884,16384,9690
137464,8192,5769
342164,16384,12947
157116,8192,6510
217360,16384,7925
148288,8192,6079
177468,8192,7485
128996,8192,5353
177264,8192,7434
359144,16384,13748
338812,16384,12766
175500,8192,7330
180812,8192,7636
357244,16384,13642
242180,16384,9084
174964,8192,7329
322676,16384,12077
335832,16384,12729
25764,2048,1307
158480,8192,6605
343172,16384,13082
147440,8192,6009
332652,16384,12474
234056,16384,8717
133148,8192,5621
82668,4096,3870
358384,16384,13554
286892,16384,11000
290784,16384,11205
382556,16384,14632
288036,16384,11004
174124,8192,7273
287856,16384,10972
244548,16384,9228
290268,16384,11125
166696,8192,6911
353520,16384,13239
355748,16384,13348
175356,8192,7289
261384,16384,9794
177488,8192,7489
163020,8192,6676
76040,4096,3459
136624,8192,5795
177244,8192,7445
81872,4096,3828
45044,2048,2225
281536,16384,10747
320676,16384,11934
284840,16384,10858
241044,16384,9072
281156,16384,10688
290336,16384,11159
286472,16384,10928
289988,16384,11169
59804,4096,2771
168332,8192,6993
333772,16384,12531
172668,8192,7184
173312,8192,7219
333692,16384,12701
82780,4096,3861
381020,16384,14533
324676,16384,12239
115772,8192,4757
176484,8192,7401
317840,16384,11874
129284,8192,5387
382852,16384,14670
227756,16384,8490
154396,8192,6318
178632,8192,7526
112068,8192,4591
368028,16384,13985
116788,8192,4889
331880,16384,12485
62180,4096,2931
317280,16384,11796
322652,16384,12086
128772,8192,5356
337300,16384,12704
162212,8192,6632
165840,8192,6816
289664,16384,11125
130624,8192,5435
361328,16384,13846
174724,8192,7261
280848,16384,10676
177244,8192,7445
175256,8192,7318
286704,16384,10961
342752,16384,12988
338472,16384,12810
342156,16384,12946
71116,4096,3235
177328,8192,7472
290500,16384,11179
166620,8192,6898
379100,16384,14375
290796,16384,11195
27892,2048,1466
340972,16384,12857
245496,16384,9277
290044,16384,11120
342764,16384,13034
279116,16384,10648
27892,2048,1474
259392,16384,9659
68768,4096,3116
360736,16384,13831
152132,8192,6210
351764,16384,13109
84076,4096,3916
217932,16384,8010
176600,8192,7396
70724,4096,3218
320640,16384,11979
336440,16384,12633
131844,8192,5485
290428,16384,11203
18260,1024,1058
126952,8192,5228
90656,4096,4218
277772,16384,10614
156652,8192,6511
79644,4096,3655
168348,8192,6992
275160,16384,10466
37928,2048,1993
272292,16384,10324
177168,8192,7439
241928,16384,9057
175208,8192,7305
277512,16384,10450
275752,16384,10357
235320,16384,8713
166200,8192,6868
112868,8192,4664
244348,16384,9181
381644,16384,14610
274256,16384,10472
376684,16384,14349
341044,16384,12935
343268,16384,13063
132712,8192,5577
362940,16384,13705
112860,8192,4655
160092,8192,6668
176340,8192,7381
167596,8192,6998
78560,4096,3625
331248,16384,12522
266848,16384,10052
179104,8192,7512
363020,16384,13698
322764,16384,12082
317736,16384,11845
321292,16384,12020
175596,8192,7354
168324,8192,7004
162604,8192,6651
290624,16384,11210
130928,8192,5447
171584,8192,7114
173280,8192,7285
151380,8192,6179
38400,2048,1980
176668,8192,7408
169792,8192,7068
338000,16384,12819
367368,16384,14016
82072,4096,3843
172068,8192,7111
329548,16384,12431
342556,16384,13046
848,64,109
163504,8192,6696
286652,16384,10970
378884,16384,14464
99124,4096,4318
172416,8192,7152
290572,16384,11185
289824,16384,11121
315220,16384,11692
157328,8192,6565
248264,16384,9425
79880,4096,3697
176412,8192,7367
376868,16384,14451
335676,16384,12685
132640,8192,5560
245624,16384,9288
180408,8192,7639
178664,8192,7533
157272,8192,6544
245268,16384,9268
177544,8192,7484
176552,8192,7397
83824,4096,3921
276848,16384,10408
217888,8192,9132
274148,16384,10450
343104,16384,13071
289880,16384,11141
341044,16384,12855
356492,16384,13539
364596,16384,13789
172612,8192,7185
89452,4096,4191
177292,8192,7453
174604,8192,7266
260236,16384,9700
333748,16384,12556
286380,16384,10950
289828,16384,11127
173292,8192,7226
337780,16384,12764
176544,8192,7395
173120,8192,7183
132376,8192,5553
148428,8192,6086
341872,16384,13003
290160,16384,11136
174668,8192,7245
290632,16384,11217
288668,16384,11091
74804,4096,3388
366864,16384,13930
80236,4096,3706
80408,4096,3722
290436,16384,11167
260420,16384,9714
381884,16384,14638
339372,16384,12825
269172,16384,10125
243268,8192,9826
265672,16384,9954
342796,16384,12999
277512,16384,10493
128020,8192,5312
384324,16384,14671
151464,8192,6187
381720,16384,14596
289552,16384,11087
177168,8192,7453
254712,16384,9638
173348,8192,7219
157176,8192,6542
177164,8192,7425
268760,16384,10144
168176,8192,6992
255276,16384,9801
357204,16384,13588
352164,16384,13390
375688,16384,14234
175580,8192,7328
177096,8192,7444
344300,16384,13062
363244,16384,13737
150572,8192,6087
27124,2048,1405
283356,16384,10813
338784,16384,12799
288764,16384,11069
64288,4096,3015
128188,8192,5308
80540,4096,3734
174812,8192,7281
234968,16384,8821
289872,16384,11167
363380,16384,13751
80448,4096,3726
37972,2048,1987
281092,16384,10678
176868,8192,7397
73972,4096,3338
174988,8192,7303
149440,8192,6159
38048,2048,2001
331944,16384,12585
379104,16384,14498
157552,8192,6571
368676,16384,14088
248936,16384,9430
380996,16384,14544
382956,16384,14640
225060,16384,8323
176896,8192,7419
148468,8192,6093
73064,4096,3375
170624,8192,7048
170988,8192,7080
174796,8192,7284
178608,8192,7535
25640,2048,1302
359844,16384,13609
333272,16384,12516
372028,16384,14005
177000,8192,7417
144148,8192,5808
175512,8192,7334
286484,16384,10965
367224,16384,13980
328828,16384,12294
274304,16384,10467
112964,8192,4683
30908,2048,1579
266800,16384,10063
265704,16384,10211
176440,8192,7390
124036,8192,5136
243696,16384,9149
164524,8192,6822
345036,16384,13123
277748,16384,10508
346596,16384,13235
156548,8192,6471
358960,16384,13707
266140,16384,9987
170424,8192,7150
167836,8192,6952
125492,8192,5197
156572,8192,6422
354032,16384,13293
284544,16384,10799
280656,16384,10660
141560,8192,6010
334792,16384,12657
71412,4096,3262
338360,16384,12765
128176,8192,5293
376448,16384,14304
363492,16384,13772
153320,8192,6542
280984,16384,10709
290484,16384,11179
149112,8192,6302
376168,16384,14325
179028,8192,7555
176692,8192,7388
172452,8192,7139
367052,16384,13959
175072,8192,7354
149896,8192,6183
362544,16384,13690
174932,8192,7296
288076,16384,11054
170852,8192,7104
152864,8192,6249
72120,4096,3283
363276,16384,13763
177348,8192,7472
146304,8192,5916
130828,8192,5479
372532,16384,14108
165740,8192,6800
175584,8192,7339
172396,8192,7130
164284,8192,6767
156108,8192,6408
158580,8192,6609
357432,16384,13469
364580,16384,13773
84212,4096,3949
85192,4096,3949
68616,4096,3076
375936,16384,14305
176140,8192,7329
338872,16384,12793
177064,8192,7449
289832,16384,11114
174684,8192,7238
280644,16384,10641
37660,2048,1970
336948,16384,12654
333772,16384,12551
132676,8192,5552
173492,8192,7244
380640,16384,14469
154816,8192,6400
380992,16384,14527
157228,8192,6533
179644,8192,7510
144908,8192,5893
129884,8192,5394
373352,16384,14184
177076,8192,7448
178528,8192,7515
176568,8192,7405
286596,16384,10972
385456,16384,14763
133704,8192,5649
379388,16384,14525
172580,8192,7172
27260,2048,1425
69368,4096,3119
174508,8192,7263
157904,8192,6579
365636,16384,13888
36096,2048,1856
165952,8192,6843
176656,8192,7410
341556,16384,12987
236252,16384,8807
176684,8192,7403
78640,4096,3607
132612,8192,5552
342912,16384,13017
352796,16384,13203
329460,16384,12409
85428,4096,3944
380680,16384,14464
152512,8192,6252
89476,4096,4191
173748,8192,7275
285124,16384,10891
246632,16384,9365
245904,16384,9300
303748,16384,11625
376440,16384,14328
310072,16384,11445
337424,16384,12724
166112,8192,6983
338640,16384,12773
176396,8192,7410
363420,16384,13810
175840,8192,7384
177320,8192,7459
32972,2048,1693
366672,16384,13895
71320,4096,3238
344108,16384,13069
64480,4096,3041
5848,512,407
366308,16384,13860
371200,16384,14123
337140,16384,12686
342628,16384,13000
8400,512,591
322172,16384,12042
177344,8192,7488
340652,16384,12886
167716,8192,6955
378572,16384,14466
157064,8192,6514
78460,4096,3630
80668,4096,3762
338156,16384,12715
177192,8192,7455
341188,16384,12912
175560,8192,7328
367228,16384,13977
323080,16384,12144
156132,8192,6442
342320,16384,13050
341140,16384,12896
81184,4096,3783
50292,4096,2300
12468,1024,756
281684,16384,10772
173320,8192,7228
341088,16384,12920
132936,8192,5581
175204,8192,7320
124000,8192,5128
277556,16384,10491
120456,8192,4956
80552,4096,3731
167832,8192,6965
375156,16384,14327
31380,2048,1574
117012,8192,4901
132920,8192,5582
339528,16384,12839
360584,16384,13550
383176,16384,14646
177960,8192,7501
177252,8192,7448
286624,16384,10983
151420,8192,6166
278996,16384,10574
174640,8192,7261
360916,16384,13568
352916,16384,13201
322584,16384,12082
226812,16384,8453
176760,8192,7436
343016,16384,13082
320916,16384,11953
78116,4096,3572
333420,16384,12555
157224,8192,6533
289312,16384,11063
151228,8192,6184
364820,16384,13828
270264,16384,10247
124976,8192,5191
314796,16384,11686
62124,4096,2918
288716,16384,11066
270436,16384,10276
136396,8192,5742
290344,16384,11144
379976,16384,14549
341024,16384,12903
363160,16384,13716
286396,16384,10930
227752,16384,8490
84360,4096,3953
371204,16384,14212
289960,16384,11161
276544,16384,10392
322152,16384,12069
67416,4096,3026
85892,4096,3866
3676,256,307
165952,8192,6844
176576,8192,7391
383056,16384,14722
362548,16384,13708
147288,8192,5968
276660,16384,10398
29744,2048,1594
286324,16384,10946
133200,8192,5624
361580,16384,13641
314016,16384,11667
351952,16384,13147
158580,8192,6616
172332,8192,7132
149968,8192,6179
333240,16384,12509
367792,16384,13983
177612,8192,7488
174816,8192,7283
342360,16384,13013
289468,16384,11119
76452,4096,3496
62156,4096,2914
287544,16384,10947
352308,16384,13384
176980,8192,7429
245480,16384,9274
372052,16384,14208
80344,4096,3702
168284,8192,6998
132760,8192,5570
19996,1024,1159
174792,8192,7277
312812,16384,11580
337444,16384,12716
357380,16384,13632
157292,8192,6554
82236,4096,3848
286216,16384,10920
163492,8192,6692
334888,16384,12648
80116,4096,3693
280340,16384,10667
342640,16384,12961
342832,16384,13020
288636,16384,11034
379624,16384,14584
384628,16384,14685
286100,16384,10892
235020,16384,8755
138764,8192,5885
290208,16384,11111
156420,8192,6460
173692,8192,7274
79696,4096,3664
150876,8192,6147
357580,16384,13474
177424,8192,7446
344312,16384,13055
340800,16384,12871
260504,16384,9710
330188,16384,12337
132680,8192,5585
281216,16384,10700
128720,8192,5335
176972,8192,7422
133024,8192,5591
348500,16384,13205
124200,8192,5146
289660,16384,11092
74528,4096,3363
151164,8192,6169
361380,16384,13637
261264,16384,9769
289740,16384,11088
289400,16384,11065
169884,8192,7078
157032,8192,6490
355396,16384,13360
289956,16384,11181
364668,16384,13791
315808,16384,11803
330176,16384,12480
71416,4096,3266
270192,16384,10204
177032,8192,7441
246132,16384,9309
357568,16384,13478
288592,16384,11028
340340,16384,12856
171780,8192,7136
177068,8192,7402
226836,16384,8452
172788,8192,7179
304252,16384,11739
151148,8192,6150
289040,16384,11086
377940,16384,14426
328856,16384,12242
281216,16384,10666
177044,8192,7416
290320,16384,11127
170808,8192,7050
167564,8192,6942
315032,16384,11733
337080,16384,12681
177428,8192,7486
291860,16384,11215
268484,16384,10109
130024,8192,5448
318364,16384,11839
380840,16384,14479
222428,16384,8184
76632,4096,3520
289420,16384,11099
364636,16384,13793
174976,8192,7285
133688,8192,5656
117016,8192,4916
363324,16384,13758
177936,8192,7511
364560,16384,13829
365472,16384,13890
287608,16384,11033
373488,16384,14104
365488,16384,13868
365076,16384,13808
163872,8192,6712
165200,8192,6912
363372,16384,13787
308432,16384,11328
156012,8192,6411
171832,8192,7153
338408,16384,12788
175076,8192,7316
174012,8192,7258
72852,4096,3354
268596,16384,10141
173620,8192,7260
282200,16384,10772
266576,16384,10034
158968,8192,6641
163584,8192,6716
269896,16384,10205
358004,16384,13513
175668,8192,7355
176428,8192,7422
376320,16384,14320
168028,8192,6951
177192,8192,7449
143400,8192,5768
174704,8192,7258
175416,8192,7326
227144,16384,8457
237252,16384,8859
142948,8192,6120
337992,16384,12728
133024,8192,5607
61956,4096,2893
351808,16384,13391
290856,16384,11224
176372,8192,7377
367092,16384,14008
59984,4096,2763
365768,16384,13933
384804,16384,14732
364912,16384,13836
321224,16384,12001
130804,8192,5433
157340,8192,6549
58072,4096,2664
8900,512,604
314512,16384,11684
339204,16384,12842
310184,16384,12062
326348,16384,12270
343000,16384,13028
462704,32768,15521
157080,8192,6517
172524,8192,7241
170112,8192,7135
177556,8192,7474
244724,16384,9229
132920,8192,5582
283584,16384,10722
246848,16384,9354
255840,16384,9444
27936,2048,1464
358428,16384,13521
335628,16384,12673
74752,4096,3388
105004,8192,4298
270420,16384,10261
168720,8192,7035
171672,8192,7138
289896,16384,11144
174708,8192,7262
277884,16384,10633
341052,16384,12943
265200,16384,9985
147540,8192,6016
137008,8192,5756
367492,16384,14047
283660,16384,10862
157448,8192,6544
177636,8192,7463
132564,8192,5542
257524,16384,9582
155108,8192,6451
291684,16384,11207
382468,16384,14588
225100,8192,9054
290364,16384,11155
376544,16384,14322
175172,8192,7328
110792,8192,4530
341928,16384,12937
157072,8192,6499
332268,16384,12470
80312,4096,3702
339096,16384,12839
343112,16384,13078
162604,8192,6650
284728,16384,10825
269988,16384,10201
386688,16384,14820
113048,4096,5076
323536,16384,12146
290972,16384,11252
157036,8192,6538
290136,16384,11199
178068,8192,7509
177328,8192,7468
340608,16384,12891
340208,16384,12813
79612,4096,3658
173496,8192,7242
176200,8192,7377
364980,16384,13868
322584,16384,12113
157868,8192,6553
177360,8192,7474
365568,16384,13839
162756,8192,6641
172100,8192,7151
174948,8192,7304
362700,16384,13680
264116,16384,9833
61132,4096,2867
322204,16384,12054
335540,16384,12653
375600,16384,14215
17588,1024,1002
366456,16384,13902
79856,4096,3680
290324,16384,11139
337108,16384,12678
155580,8192,6430
174992,8192,7310
225428,16384,8337
376204,16384,14286
140348,8192,5945
342172,16384,12962
345268,16384,13181
176468,8192,7386
326824,16384,12341
289024,16384,11003
80400,4096,3737
229600,8192,9275
176496,8192,7387
361612,16384,13652
339124,16384,12791
314200,16384,11713
287932,16384,11022
341064,16384,12887
88788,4096,4126
343248,16384,13046
174956,8192,7316
130284,8192,5403
286184,16384,10928
176688,8192,7413
174908,8192,7296
282036,16384,10764
380932,16384,14513
245876,16384,9293
341440,16384,12975
383372,16384,14690
367060,16384,13940
374128,16384,14171
176968,8192,7440
155784,8192,6437
338856,16384,12826
290188,16384,11150
177016,8192,7438
271836,16384,10279
245500,16384,9295
167044,8192,6912
331556,16384,12424
237168,16384,8860
290688,16384,11182
365584,16384,13855
133900,8192,5650
154792,8192,6358
364260,16384,13784
79324,4096,3636
246108,16384,9320
288668,16384,11043
177192,8192,7427
245928,16384,9246
71376,4096,3254
246156,16384,9310
381460,16384,14527
147460,8192,5991
342148,16384,12968
176616,8192,7400
329600,16384,12303
167456,8192,6947
171584,8192,7116
239792,16384,8900
159600,8192,6583
288560,16384,11052
134864,8192,5742
301260,16384,11651
225788,8192,9055
333740,16384,12571
354924,16384,13321
177168,8192,7410
154688,8192,6383
173820,8192,7270
289648,16384,11132
287736,16384,10937
148148,8192,6062
250368,16384,9326
222852,16384,8220
312820,16384,11564
337112,16384,12681
128968,8192,5358
176600,8192,7391
307804,16384,11910
270532,16384,10272
173136,8192,7218
255648,16384,9428
178560,8192,7500
360832,16384,13563
132812,8192,5571
173132,8192,7234
328124,16384,12354
368832,16384,14066
131304,8192,5493
342340,16384,12986
156756,8192,6494
242276,16384,9096
291292,16384,11191
174420,8192,7304
286824,16384,10958
132320,8192,5550
155560,8192,6437
70420,4096,3216
38024,2048,2000
309800,16384,11402
175268,8192,7315
150376,8192,6091
376136,16384,14286
31168,2048,1561
272672,16384,10379
381184,16384,14591
342124,16384,12983
343280,16384,13067
226976,16384,8455
84416,4096,3959
291828,16384,11275
378696,16384,14401
76216,4096,3486
375860,16384,14276
288628,16384,11031
176124,8192,7402
242060,16384,9075
363380,16384,13789
125508,8192,5232
341208,16384,12924
173368,8192,7215
340080,16384,12819
334020,16384,12571
245960,16384,9324
171636,8192,7150
35844,2048,1842
290376,16384,11154
288400,16384,11070
128804,8192,5320
173388,8192,7234
76376,4096,3505
148912,8192,6123
37720,2048,1946
125832,8192,5246
176824,8192,7389
289672,16384,11100
331988,16384,12449
155688,8192,6406
166644,8192,6906
279896,16384,10656
340336,16384,12833
119880,8192,4879
372276,16384,14069
343060,16384,13043
177036,8192,7426
28848,2048,1516
256784,16384,9879
380160,16384,14389
343068,16384,13029
284568,16384,10817
175244,8192,7306
150796,8192,6144
19896,1024,1146
246424,16384,9337
285592,16384,10849
337320,16384,12728
142484,8192,5724
37920,2048,1975
338860,16384,12761
21052,1024,1226
346820,16384,13231
286652,16384,10994
132320,8192,5540
177272,8192,7474
357476,16384,13506
154340,8192,6321
177388,8192,7477
338364,16384,12778
246212,16384,9312
131156,8192,5462
155948,8192,6441
172224,8192,7152
342772,16384,13016
280852,16384,10675
113036,8192,4690
37524,2048,1953
130748,8192,5441
52012,4096,2379
340756,16384,12933
337320,16384,12708
379248,16384,14486
150840,8192,6102
362808,16384,13899
268352,16384,10128
366468,16384,13965
381400,16384,14534
77092,4096,3529
270480,16384,10275
257124,16384,9525
147536,8192,5973
177312,8192,7462
82700,4096,3844
341436,16384,12899
342912,16384,13023
144072,8192,5806
80508,4096,3744
322272,16384,12067
74428,4096,3365
344628,16384,13100
277520,16384,10563
286008,16384,10875
309164,16384,11362
37184,2048,1931
270284,16384,10239
177256,8192,7432
164240,8192,6756
162240,8192,6767
332208,16384,12455
175676,8192,7356
174528,8192,7267
130612,8192,5417
133100,8192,5610
166460,8192,6875
290416,16384,11158
330352,16384,12502
363352,16384,13745
371736,16384,14024
255276,16384,9784
276908,16384,10454
374672,16384,14242
175180,8192,7316
351540,16384,13083
176872,8192,7444
341248,16384,12932
61456,4096,2879
140108,8192,5826
62108,4096,2918
88532,4096,4121
279712,16384,10579
259528,16384,9669
153396,8192,6327
40448,2048,2128
131588,8192,5493
292300,16384,11283
148128,8192,6038
32504,2048,1673
177208,8192,7432
50320,4096,2258
372480,16384,14070
172904,8192,7192
342960,16384,13018
363396,16384,13783
177148,8192,7438
177256,8192,7443
156628,8192,6480
381716,16384,14579
71956,4096,3296
353740,16384,13214
314836,16384,11679
313168,16384,11600
262876,16384,9896
40860,2048,2134
142676,8192,5728
378336,16384,14438
227188,16384,8462
288468,16384,10997
382428,16384,14599
35660,2048,1833
138040,8192,5900
167472,8192,6924
290292,16384,11180
285392,16384,10848
278276,16384,10614
132928,8192,5590
288596,16384,11040
337556,16384,12757
378092,16384,14411
158224,8192,6606
177172,8192,7455
338608,16384,12796
323028,16384,12144
28896,2048,1529
377208,16384,14382
290428,16384,11197
146248,8192,5924
148100,8192,6045
307940,16384,11944
155200,8192,6388
381184,16384,14508
80524,4096,3747
361420,16384,13593
328152,16384,12232
366268,16384,13899
157060,8192,6498
156936,8192,6498
290432,16384,11162
172860,8192,7182
382612,16384,14628
176372,8192,7388
222276,16384,8192
176728,8192,7428
288124,16384,11070
142416,8192,5707
156848,8192,6493
175196,8192,7300
113852,8192,4715
334832,16384,12614
294148,16384,11393
148552,8192,6127
246220,16384,9300
173540,8192,7257
175656,8192,7352
133056,8192,5597
278748,16384,10610
172688,8192,7203
339020,16384,12796
333820,16384,12595
148844,8192,6266
35584,2048,1836
310180,16384,11432
14256,1024,851
376412,16384,14334
21704,1024,1267
342848,16384,13006
286420,16384,10948
176688,8192,7430
170868,8192,7064
192320,8192,8079
176364,8192,7338
342904,16384,13069
85612,4096,3990
290324,16384,11145
60316,4096,2791
173268,8192,7220
245988,16384,9273
165884,8192,6859
343128,16384,13033
132896,8192,5570
78476,4096,3591
323752,16384,12137
186228,8192,7773
378208,16384,14427
310320,16384,11435
173692,8192,7201
299068,16384,11525
289892,16384,11164
123652,8192,5118
245908,16384,9297
175320,8192,7330
268612,16384,10128
76932,4096,3531
89368,4096,4181
141652,8192,5879
320492,16384,11947
280772,16384,10669
176972,8192,7382
306280,16384,11849
361472,16384,13843
284220,16384,10806
342864,16384,13011
79912,4096,3673
177264,8192,7451
374796,16384,14226
175544,8192,7337
178236,8192,7522
175376,8192,7347
296948,16384,11447
375864,16384,14277
112788,8192,4660
162476,8192,6627
178452,8192,7477
168288,8192,6988
363076,16384,13743
365124,16384,13819
244396,16384,9212
155028,8192,6406
361340,16384,13599
288192,16384,11054
347332,16384,13086
150680,8192,6120
177080,8192,7421
132936,8192,5586
166712,8192,6889
288576,16384,11035
80096,4096,3684
177100,8192,7441
165512,8192,6928
133068,8192,5608
99252,8192,3935
35856,2048,1840
359576,16384,13538
339044,16384,12825
175220,8192,7305
152588,8192,6482
241092,16384,9073
276672,16384,10413
112956,8192,4687
281068,16384,10662
61556,4096,2846
356312,16384,13542
174376,8192,7306
360892,16384,13598
140068,8192,5937
176724,8192,7413
176728,8192,7382
102928,8192,4146
164332,8192,6847
80476,4096,3723
286644,16384,10983
271052,16384,10289
270144,16384,10272
354224,16384,13292
328148,16384,12387
177604,8192,7470
156784,8192,6470
338692,16384,12784
288680,16384,11054
288680,16384,11056
260416,16384,9887
306776,16384,11734
370928,16384,14192
342872,16384,13012
290592,16384,11206
217228,16384,7962
313212,16384,11606
25936,2048,1340
384192,16384,14707
192988,8192,8114
154644,8192,6341
176972,8192,7427
376424,16384,14296
380660,16384,14457
337264,16384,12694
176552,8192,7417
37668,2048,1971
132336,8192,5564
172812,8192,7201
270320,16384,10236
155756,8192,6438
176356,8192,7398
69940,4096,3172
79732,4096,3661
286168,16384,10917
158564,8192,6617
284988,16384,10856
153024,8192,6256
372836,16384,14130
380568,16384,14464
321776,16384,12008
80836,4096,3744
175608,8192,7357
37224,2048,1929
342436,16384,13033
176996,8192,7444
163812,8192,6729
69088,4096,3121
165412,8192,6773
166736,8192,6910
174736,8192,7268
356144,16384,13355
60456,4096,2814
107528,8192,4355
166352,8192,6831
342932,16384,13023
173344,8192,7245
290124,16384,11151
161224,8192,6763
368096,16384,14007
337752,16384,12760
155192,8192,6388
80728,4096,3753
173644,8192,7239
162168,8192,6622
277736,16384,10612
80100,4096,3684
245380,16384,9253
371824,16384,14028
170396,8192,7110
366964,16384,13898
291736,16384,11251
338300,16384,12745
65364,2048,3284
383012,16384,14644
173180,8192,7212
75368,4096,3399
312788,16384,11582
291148,16384,11166
290164,16384,11101
270048,16384,10212
344980,16384,13154
40056,2048,2094
172668,8192,7182
278376,16384,10518
383504,16384,14724
131640,8192,5507
51460,4096,2359
127592,8192,5322
365696,16384,13907
284652,16384,10812
124192,8192,5139
78984,4096,3644
378188,16384,14419
175836,8192,7378
175440,8192,7315
153092,8192,6268
363256,16384,13754
109688,8192,4505
166380,8192,6860
176484,8192,7368
246240,16384,9318
361512,16384,13595
158620,8192,6568
60896,4096,2843
246168,16384,9316
294552,16384,11434
174356,8192,7312
69604,4096,3136
368728,16384,14050
364112,16384,13823
37788,2048,1957
336620,16384,12646
177244,8192,7450
175712,8192,7372
309356,16384,11372
173008,8192,7199
152216,8192,6225
353396,16384,13192
343004,16384,13047
87740,4096,4073
291764,16384,11225
228156,16384,8542
60352,4096,2800
382840,16384,14622
150756,8192,6111
363024,16384,13711
342668,16384,12995
343108,16384,13072
256488,16384,9828
171512,8192,7130
176228,8192,7364
178164,8192,7500
132972,8192,5589
321092,16384,11980
290440,16384,11168
16876,1024,1010
174824,8192,7290
133064,8192,5601
167468,8192,6923
242220,16384,9081
334616,16384,12621
131872,8192,5496
156480,8192,6464
176764,8192,7434
340800,16384,12859
290860,16384,11225
173204,8192,7209
71384,4096,3266
175068,8192,7291
172672,8192,7151
290488,16384,11163
71680,4096,3279
74108,4096,3334
223384,16384,8211
148868,8192,6112
338644,16384,12775
289736,16384,11109
342180,16384,12974
287108,16384,10961
275688,16384,10358
177064,8192,7417
60464,4096,2807
172376,8192,7168
174036,8192,7284
342740,16384,13028
27944,2048,1467
176480,8192,7371
343092,16384,13068
89528,4096,4199
339404,16384,12845
281556,16384,10737
289960,16384,11156
175248,8192,7305
86680,4096,3974
305396,16384,11623
264496,16384,9932
177072,8192,7447
165968,8192,6948
217856,16384,7995
103128,8192,4146
194660,8192,8195
150396,8192,6090
378532,16384,14455
32180,2048,1640
172868,8192,7169
290056,16384,11138
272224,16384,10395
338548,16384,12759
371444,16384,14123
290656,16384,11226
157468,8192,6562
286496,16384,10967
277812,16384,10619
177184,8192,7430
146376,8192,5950
342524,16384,12988
173884,8192,7258
78552,4096,3589
322532,16384,12072
175404,8192,7350
342204,16384,12971
164544,8192,6793
128848,8192,5346
315356,16384,11751
176688,8192,7418
342744,16384,12980
342952,16384,13027
80384,4096,3715
173268,8192,7216
247436,16384,9426
77772,4096,3571
284432,16384,10803
368332,16384,13999
333796,16384,12568
266436,16384,10028
177088,8192,7429
380036,16384,14563
177200,8192,7434
167012,8192,6888
344012,16384,13117
177316,8192,7443
377728,16384,14356
177352,8192,7473
342272,16384,12991
341316,16384,12895
356928,16384,13439
377632,16384,14390
352252,16384,13113
131388,8192,5498
163992,8192,6701
265828,16384,9982
112516,8192,4620
289776,16384,11130
381336,16384,14550
170124,8192,7201
282872,16384,10813
173076,8192,7187
384608,16384,14696
173316,8192,7236
175952,8192,7421
290376,16384,11157
269356,16384,10162
177232,8192,7443
279720,16384,10587
287192,16384,10997
246336,16384,9342
176640,8192,7406
358424,16384,13530
156240,8192,6463
243588,16384,9118
132944,8192,5587
322124,16384,12034
333128,16384,12550
175568,8192,7337
60496,4096,2818
342788,16384,13036
277656,16384,10489
246180,16384,9315
177180,8192,7429
270324,16384,10232
174548,8192,7238
359112,16384,13548
277608,16384,10493
176992,8192,7431
125716,8192,5253
288512,16384,11088
8792,512,608
56404,4096,2575
331536,16384,12403
158744,8192,6641
281396,16384,10816
132956,8192,5586
246060,16384,9292
245640,16384,9298
28308,2048,1493
132672,8192,5559
163780,8192,6721
328264,16384,12241
244236,16384,9203
331316,16384,12551
289668,16384,11115
176524,8192,7395
328948,16384,12248
104536,8192,4242
379572,16384,14496
122864,8192,5039
281620,16384,10734
333596,16384,12535
75124,4096,3394
167996,8192,6971
128868,8192,5336
285620,16384,10902
137040,8192,5779
366500,16384,13943
113040,8192,4676
148824,8192,6102
166444,8192,6863
312184,16384,11530
342708,16384,12971
285832,16384,10905
337452,16384,12682
174816,8192,7271
383256,16384,14661
169044,8192,7059
124036,8192,5148
289804,16384,11145
176544,8192,7411
373784,16384,14169
155492,8192,6419
290544,16384,11193
157364,8192,6551
365480,16384,13865
135028,8192,5688
332484,16384,12645
125820,8192,5257
71884,4096,3325
167592,8192,6954
128608,8192,5316
314612,16384,11710
176312,8192,7384
289952,16384,11116
104632,8192,4248
281132,16384,10679
279716,16384,10600
365448,16384,13858
322948,16384,12129
168204,8192,6962
287964,16384,11011
267868,16384,10056
153604,8192,6348
382124,16384,14569
129132,8192,5359
334720,16384,12588
338004,16384,12700
285416,16384,10863
366408,16384,13888
178016,8192,7479
154672,8192,6376
237148,16384,8852
174940,8192,7310
367268,16384,14009
79512,4096,3677
166328,8192,6858
290496,16384,11178
132672,8192,5536
144816,8192,5915
323128,16384,12089
177048,8192,7430
146396,8192,5928
81936,4096,3786
173096,8192,7221
58196,4096,2658
377312,16384,14360
35144,2048,1822
290220,16384,11113
177164,8192,7426
284912,16384,10871
8232,512,565
169072,8192,7019
255240,16384,9761
156748,8192,6478
245972,16384,9312
289880,16384,11141
176648,8192,7408
171140,8192,7132
132524,8192,5562
165380,8192,6827
357720,16384,13523
255764,16384,9811
290364,16384,11150
363348,16384,13731
176864,8192,7399
242092,16384,9055
156700,8192,6471
247776,16384,9384
254984,16384,9723
234664,16384,8683
32972,2048,1699
332096,16384,12570
285632,16384,10865
174760,8192,7312
290340,16384,11144
285928,16384,10921
350144,16384,13296
162616,8192,6645
76468,4096,3485
164276,8192,6765
328292,16384,12234
311288,16384,11434
292504,16384,11269
241256,16384,9028
121652,8192,4984
270484,16384,10276
172468,8192,7150
376536,16384,14329
177264,8192,7450
177236,8192,7443
167396,8192,6913
82708,4096,3845
342396,16384,12960
172552,8192,7164
37064,2048,1901
173768,8192,7238
156672,8192,6452
67600,4096,3060
290288,16384,11175
52224,4096,2406
286584,16384,10955
288932,16384,11092
277680,16384,10501
307948,16384,11935
321952,16384,12380
305504,16384,11783
382452,16384,14584
175484,8192,7316
73104,4096,3364
334808,16384,12661
331652,16384,12543
256828,16384,9530
164792,8192,6828
274332,16384,10386
132944,8192,5588
123664,8192,5103
177132,8192,7434
376504,16384,14330
367716,16384,13977
362356,16384,13672
153596,8192,6333
174716,8192,7258
342300,16384,12981
175556,8192,7345
132948,8192,5584
362268,16384,13671
176936,8192,7414
364356,16384,13810
277344,16384,10450
342920,16384,13026
277440,16384,10464
382572,16384,14646
173560,8192,7244
174716,8192,7259
74692,4096,3385
155500,8192,6421
305708,16384,11791
176436,8192,7385
246572,16384,9365
381200,16384,14533
331444,16384,12408
380980,16384,14524
342908,16384,13016
123136,8192,5055
322692,16384,12116
364372,16384,13732
381508,16384,14538
104332,8192,4235
176512,8192,7391
157288,8192,6537
286432,16384,10935
171684,8192,7135
167792,8192,6924
35824,2048,1837
163364,8192,6693
265368,16384,9958
177776,8192,7495
177208,8192,7438
353372,16384,13249
366932,16384,13939
176664,8192,7413
288816,16384,11072
339824,16384,12895
288820,16384,11069
305432,16384,11765
343172,16384,13066
167392,8192,6899
270392,16384,10270
108944,8192,4433
32068,2048,1634
175100,8192,7269
281516,16384,10714
177376,8192,7483
123304,8192,5101
167992,8192,6926
343992,16384,13101
288148,16384,11009
114452,8192,4745
260600,16384,9721
35232,2048,1807
83460,4096,3889
305580,16384,11803
289860,16384,11115
269292,16384,10146
128660,8192,5334
177344,8192,7469
381620,16384,14572
80120,4096,3695
225308,16384,8375
245896,16384,9293
361372,16384,13610
284956,16384,10848
380604,16384,14479
132892,8192,5580
378260,16384,14404
81636,4096,3754
308228,16384,11893
156376,8192,6454
64908,4096,2862
340612,16384,12880
281912,16384,10703
338940,16384,12798
74708,4096,3440
165824,8192,6969
338676,16384,12763
280172,16384,10634
171452,8192,7083
340216,16384,12846
338820,16384,12756
144108,8192,5842
131064,8192,5479
173848,8192,7280
148712,8192,6092
356396,16384,13383
356892,16384,13383
16648,1024,989
177276,8192,7480
364288,16384,13713
80348,4096,3729
177236,8192,7458
337696,16384,12677
287992,16384,11007
381024,16384,14552
373996,16384,14188
38216,2048,2017
174592,8192,7243
177236,8192,7443
285696,16384,10892
340544,16384,12863
338052,16384,12705
152156,8192,6226
361236,16384,13648
176116,8192,7377
158820,8192,6617
338908,16384,12786
365508,16384,13869
78496,4096,3604
341972,16384,12921
174840,8192,7289
282612,16384,10877
360720,16384,13567
290584,16384,11205
36120,2048,1861
313888,16384,11651
145272,8192,5825
360892,16384,13821
314484,16384,12060
357316,16384,13616
284604,16384,10798
130708,8192,5476
290488,16384,11197
318968,16384,11884
245780,16384,9243
176080,8192,7331
268044,16384,10114
288636,16384,11036
176648,8192,7407
335996,16384,12634
365152,16384,13817
163040,8192,6633
334660,16384,12623
317900,16384,11890
175452,8192,7317
245784,16384,9265
267296,16384,10071
218384,16384,7988
82072,4096,3825
28548,2048,1485
173320,8192,7229
368972,16384,14113
279560,16384,10610
249824,16384,9476
179812,8192,7509
132404,8192,5554
163952,8192,6727
113932,8192,4722
136256,8192,5695
284048,16384,10722
330068,16384,12364
288460,16384,11033
290528,16384,11195
141872,8192,6043
336528,16384,12644
377728,16384,14384
286536,16384,10950
275928,16384,10405
265236,16384,9989
375460,16384,14227
289912,16384,11149
246276,16384,9343
176892,8192,7426
313900,16384,11671
58412,4096,2725
152992,8192,6287
273244,16384,10316
172660,8192,7196
178192,8192,7510
235056,16384,8840
283428,16384,10755
339544,16384,12865
173388,8192,7262
114556,8192,4763
362992,16384,13719
148440,8192,6086
341860,16384,12954
13840,1024,831
365156,16384,13804
175720,8192,7363
365496,16384,13852
342748,16384,12999
163960,8192,6760
278432,16384,10600
346468,16384,13273
226016,16384,8372
177264,8192,7450
174800,8192,7268
337556,16384,12729
81964,4096,3834
132660,8192,5561
376308,16384,14351
288724,16384,11055
79604,4096,3664
257248,16384,9523
342380,16384,13014
383140,16384,14648
79640,4096,3681
27008,2048,1405
177572,8192,7527
363508,16384,13767
78852,4096,3632
290216,16384,11161
290300,16384,11134
175116,8192,7283
331640,16384,12436
297256,16384,11399
79608,4096,3672
288800,16384,11084
134052,8192,5672
361840,16384,13724
57100,4096,2622
313768,16384,11627
172788,8192,7207
245616,16384,9240
177116,8192,7414
131296,8192,5479
270284,16384,10223
290260,16384,11123
381264,16384,14525
356596,16384,13538
354396,16384,13318
148128,8192,6039
176524,8192,7415
333812,16384,12541
288140,16384,11037
175648,8192,7346
357740,16384,13514
333672,16384,12562
290684,16384,11213
356420,16384,13393
362616,16384,13661
133020,8192,5602
150576,8192,6219
364520,16384,13750
172772,8192,7183
367092,16384,13992
341060,16384,12893
313388,16384,11610
132176,8192,5543
124732,8192,5141
358236,16384,13537
288372,16384,11051
356424,16384,13419
270672,16384,10271
281196,16384,10671
157024,8192,6488
306488,16384,11858
330072,16384,12352
157132,8192,6515
176864,8192,7401
176524,8192,7391
289880,16384,11141
166588,8192,6879
282416,16384,10905
151764,8192,6253
256,32,48
176788,8192,7444
376544,16384,14329
382784,16384,14599
104776,8192,4272
130688,8192,5421
340680,16384,12871
281868,16384,10796
378240,16384,14414
177048,8192,7450
165840,8192,6832
167988,8192,6951
337920,16384,12799
319044,16384,11880
290720,16384,11239
60316,4096,2787
177216,8192,7461
148136,8192,6037
338976,16384,12871
80520,4096,3744
98248,8192,3859
330340,16384,12371
288244,16384,11003
133000,8192,5585
174672,8192,7244
356456,16384,13547
270356,16384,10244
286748,16384,10965
74776,4096,3393
290016,16384,11111
148204,8192,6076
374096,16384,14163
70068,4096,3166
363344,16384,13780
141924,8192,6083
175100,8192,7279
177384,8192,7475
286588,16384,10975
79676,4096,3663
290192,16384,11134
329828,16384,12313
61400,4096,2885
164488,8192,6784
154188,8192,6351
344204,16384,13092
257912,16384,9610
174772,8192,7278
176196,8192,7373
176848,8192,7407
172296,8192,7150
265376,16384,10023
290744,16384,11240
338992,16384,12794
61276,4096,2834
322876,16384,12106
176996,8192,7432
322912,16384,12120
37820,2048,1966
235676,16384,8742
290256,16384,11154
113104,8192,4703
129176,8192,5397
244004,16384,9162
309332,16384,11989
175528,8192,7368
375940,16384,14306
136512,8192,5808
151300,8192,6177
374268,16384,14144
133888,8192,5631
169604,8192,7022
366892,16384,13941
165540,8192,6800
314140,16384,11702
290456,16384,11204
288240,16384,10992
242696,16384,9111
168136,8192,6974
340488,16384,12866
330084,16384,12360
80492,4096,3743
265452,16384,10031
373936,16384,14171
217756,16384,7971
176852,8192,7393
169088,8192,7070
342292,16384,13008
176752,8192,7372
33800,2048,1746
243736,16384,9137
16684,1024,998
284472,16384,10832
279348,16384,10687
249700,16384,9480
155572,8192,6439
62404,4096,2944
353956,16384,13258
80880,4096,3786
383116,16384,14642
16212,1024,960
175340,8192,7299
354044,16384,13501
240296,16384,8974
356860,16384,13442
175620,8192,7356
176476,8192,7389
173028,8192,7177
104704,8192,4272
153004,8192,6283
301528,16384,11637
112728,8192,4626
246492,16384,9287
335484,16384,12630
281400,16384,10690
268628,16384,10128
277600,16384,10580
37856,2048,1976
175224,8192,7310
342284,16384,12995
132904,8192,5579
288744,16384,11066
365212,16384,13845
174752,8192,7287
337964,16384,12747
288748,16384,11062
339024,16384,12815
266376,16384,10019
177268,8192,7439
123896,8192,5118
376836,16384,14352
176904,8192,7372
263900,16384,9978
75864,4096,3474
177432,8192,7487
80364,4096,3705
286096,16384,10883
122016,4096,5395
385576,16384,14776
170884,8192,7056
289912,16384,11108
167040,8192,6865
267992,16384,10085
288384,16384,11035
374016,16384,14142
279356,16384,10698
319168,16384,11931
105544,8192,4317
81792,4096,3805
166124,8192,6974
269716,16384,10198
289904,16384,11162
342348,16384,13006
361372,16384,13624
112228,8192,4617
292044,16384,11266
362184,16384,13728
117868,8192,4885
77296,4096,3579
340844,16384,12954
316868,16384,11747
274564,16384,10384
286216,16384,10924
326976,16384,12368
155272,8192,6406
155324,8192,6395
176808,8192,7448
358252,16384,13546
79900,4096,3698
162712,8192,6678
153636,8192,6362
78164,4096,3603
107980,8192,4356
177296,8192,7463
342476,16384,13021
112696,8192,4651
112924,8192,4674
172276,8192,7134
171860,8192,7147
339100,16384,12790
373800,16384,14145
166100,8192,6964
383052,16384,14615
377748,16384,14414
284164,16384,10765
313752,16384,11599
355332,16384,13370
378892,16384,14456
361344,16384,13611
362600,16384,13706
132196,8192,5506
171736,8192,7121
334000,16384,12565
67664,4096,3059
288304,16384,11037
176884,8192,7416
177252,8192,7459
164292,8192,6770
80260,4096,3697
128688,8192,5337
364832,16384,13815
286368,16384,10926
278924,16384,10648
265592,16384,9951
87832,4096,4095
147236,8192,5993
79112,4096,3634
287464,16384,11009
176672,8192,7373
61196,4096,2866
359548,16384,13571
168100,8192,6996
342356,16384,12933
267252,16384,10063
247644,16384,9414
130788,8192,5488
382164,16384,14575
259632,16384,9670
164128,8192,6728
168192,8192,6971
285812,16384,10904
177072,8192,7440
172656,8192,7186
277636,16384,10603
247656,16384,9419
290336,16384,11181
313752,16384,11623
174996,8192,7331
331900,16384,12395
80204,4096,3698
236792,16384,8827
289476,16384,11111
166248,8192,7005
116596,8192,4872
60252,4096,2775
156664,8192,6517
286420,16384,10916
245596,16384,9281
87896,4096,4100
340696,16384,12918
124028,4096,5517
342244,16384,12918
343176,16384,13040
310840,16384,11486
34196,2048,1776
313920,16384,11660
177284,8192,7451
36112,2048,1860
174240,8192,7272
259116,16384,9628
333116,16384,12496
171788,8192,7154
175356,8192,7371
380624,16384,14463
243744,16384,9148
342940,16384,13024
275180,16384,10297
287192,16384,10997
277728,16384,10610
289372,16384,11107
171388,8192,7099
280748,16384,10667
16836,1024,1004
271164,16384,10318
373992,16384,14224
320632,16384,12239
170872,8192,7054
80356,4096,3736
153076,8192,6524
172172,8192,7197
173316,8192,7232
78088,4096,3576
213864,16384,7799
358468,16384,13535
171524,8192,7101
270296,16384,10224
329876,16384,12321
165952,8192,6862
80400,4096,3737
165516,8192,6799
338416,16384,12753
337240,16384,12694
152648,8192,6429
71476,4096,3278
362908,16384,13710
288164,16384,10964
175752,8192,7389
288804,16384,11064
259672,16384,9669
271416,16384,10301
175488,8192,7339
164180,8192,6741
333484,16384,12507
69236,4096,3160
165388,8192,6925
285868,16384,10878
156660,8192,6457
149780,8192,6160
177448,8192,7447
286376,16384,10922
275480,16384,10485
367244,16384,13991
80408,4096,3717
173308,8192,7218
377468,16384,14298
67700,4096,3048
341516,16384,12975
281200,16384,10660
176680,8192,7416
322812,16384,12094
132056,8192,5506
36120,2048,1856
288660,16384,11063
308692,16384,11382
339872,16384,12856
277540,16384,10502
289504,16384,11113
111088,8192,4572
269468,16384,10166
328736,16384,12227
297748,16384,11443
155676,8192,6471
342580,16384,13000
144936,8192,5909
289000,16384,11037
255464,16384,9452
277600,16384,10503
337632,16384,12664
380972,16384,14546
265564,16384,10199
367272,16384,13987
242244,16384,9100
340416,16384,12848
336816,16384,12705
313640,16384,11611
358284,16384,13719
175484,8192,7306
171312,8192,7079
363620,16384,13800
166308,8192,6830
325092,16384,12524
168216,8192,6980
176740,8192,7432
310660,16384,11877
313836,16384,11609
355368,16384,13274
78736,4096,3619
78784,4096,3622
385324,16384,14774
271896,16384,10341
244192,16384,9210
175304,8192,7331
290308,16384,11141
288288,16384,11079
175408,8192,7327
289812,16384,11139
176824,8192,7406
330160,16384,12379
336392,16384,12606
171228,8192,7076
163984,8192,6759
174084,8192,7278
176640,8192,7423
175380,8192,7316
176716,8192,7430
242888,16384,9137
79588,4096,3669
240388,16384,8940
321416,16384,12048
341436,16384,12980
270548,16384,10270
176708,8192,7424
192280,8192,8113
113008,8192,4688
242864,16384,9158
280984,16384,10641
124268,8192,5163
157204,8192,6550
176640,8192,7402
354136,16384,13265
164304,8192,6770
166352,8192,7027
339856,16384,12826
80536,4096,3718
164332,8192,6774
322828,16384,12147
164472,8192,6780
264196,16384,9904
340124,16384,12898
176972,8192,7458
275852,16384,10590
316064,16384,11768
361656,16384,13677
310872,16384,11391
333692,16384,12528
115784,8192,4803
381096,16384,14569
304152,16384,11735
172608,8192,7180
78640,4096,3611
176264,8192,7361
289724,16384,11087
177276,8192,7449
320628,16384,11976
360236,16384,13562
294176,16384,11382
338432,16384,12780
166032,8192,6827
176792,8192,7385
110640,8192,4551
333272,16384,12562
363860,16384,13764
330632,16384,12369
77920,4096,3574
166112,8192,6820
271128,16384,10304
318524,16384,11862
153936,8192,6335
37072,2048,1920
381120,16384,14501
254376,16384,9690
74700,4096,3439
354036,16384,13268
379892,16384,14527
341100,16384,12891
200176,8192,7847
338156,16384,12733
275536,16384,10353
281148,16384,10671
162200,8192,6816
289236,16384,11091
130304,8192,5404
290364,16384,11181
314036,16384,11666
80380,4096,3722
338068,16384,12709
291256,16384,11229
176948,8192,7415
176236,8192,7372
285432,16384,10827
81372,4096,3798
171576,8192,7165
284844,16384,10838
169716,8192,7079
173088,8192,7175
76032,4096,3472
281248,16384,10667
157176,8192,6508
279484,16384,10586
168412,8192,7057
162312,8192,6769
38560,2048,2007
378356,16384,14459
173840,8192,7284
134092,4096,5954
356244,16384,13332
177172,8192,7433
155680,8192,6463
177024,8192,7441
284716,16384,10826
151264,8192,6164
286552,16384,10970
269436,16384,10143
342996,16384,13060
146588,8192,5970
238108,16384,8899
290264,16384,11151
289316,16384,11064
177160,8192,7441
37996,2048,1993
176488,8192,7386
270324,16384,10216
316560,16384,11695
342124,16384,12975
146556,8192,5960
176868,8192,7407
30748,2048,1606
236364,16384,8772
175256,8192,7324
172768,8192,7163
308468,16384,11947
364888,16384,13828
176532,8192,7391
382204,16384,14571
124780,8192,5200
89312,4096,4156
301468,16384,11623
28916,2048,1516
148508,8192,6090
187692,8192,7849
37908,2048,1989
171864,8192,7141
171760,8192,7130
163280,8192,6687
357544,16384,13473
238848,16384,8955
369452,16384,13959
160400,8192,6687
156528,8192,6477
337112,16384,12658
33212,2048,1702
177132,8192,7430
318860,16384,11858
363248,16384,13750
176932,8192,7415
236144,16384,8776
270380,16384,10249
164180,8192,6848
152872,8192,6268
339908,16384,12860
132476,8192,5577
289588,16384,11132
89364,4096,4180
232856,16384,8600
333908,16384,12564
342900,16384,13015
333596,16384,12548
263028,16384,9885
133388,8192,5650
176732,8192,7430
25316,2048,1274
320604,16384,11916
360648,16384,13553
175416,8192,7313
177264,8192,7446
111996,8192,4622
173264,8192,7214
246052,16384,9288
342296,16384,12980
156660,8192,6499
157124,8192,6509
367444,16384,13988
155740,8192,6439
127212,8192,5239
384776,16384,14721
281248,16384,10675
277076,16384,10432
342420,16384,13011
54900,4096,2506
166048,8192,6835
148108,8192,6046
153088,8192,6308
361532,16384,13631
287920,16384,11035
175564,8192,7347
162744,8192,6664
285720,16384,10869
80444,4096,3726
290340,16384,11160
366908,16384,13902
383360,16384,14687
176424,8192,7381
297584,16384,11462
339232,16384,12834
172440,8192,7220
287668,16384,10963
381624,16384,14556
334012,16384,12590
80460,4096,3730
171920,8192,7163
242488,16384,9102
290344,16384,11146
156488,8192,6462
331924,16384,12468
177868,8192,7458
362844,16384,13715
128764,8192,5355
173044,8192,7186
166996,8192,6933
339128,16384,12857
168124,8192,6987
322200,16384,12041
342988,16384,13043
175440,8192,7359
172972,8192,7195
366492,16384,13921
346532,16384,13229
175028,8192,7319
38016,2048,2010
381112,16384,14489
162948,8192,6695
57128,4096,2617
277928,16384,10506
175364,8192,7307
284708,16384,10819
172112,8192,7172
37540,2048,1944
47520,4096,2131
174452,8192,7224
321424,16384,12051
343088,16384,13067
367232,16384,13982
367220,16384,13980
7876,512,542
286200,16384,10874
386836,16384,14848
175532,8192,7334
322396,16384,12085
306180,16384,11830
89596,4096,4217
296924,16384,11463
217656,16384,7994
168464,8192,6989
363344,16384,13780
238696,16384,8927
173140,8192,7215
176332,8192,7346
82828,4096,3853
288220,16384,11050
246300,16384,9350
303972,16384,11712
164216,8192,6750
80844,4096,3748
287564,16384,10947
270228,16384,10252
177168,8192,7448
156636,8192,6439
361416,16384,13614
166492,8192,6866
177272,8192,7453
341012,16384,12908
177420,8192,7463
112220,8192,4610
174844,8192,7296
157228,8192,6539
175576,8192,7350
131356,8192,5489
280664,16384,10659
310436,16384,11834
290564,16384,11195
280684,16384,10648
317384,16384,11817
342912,16384,13024
374508,16384,14222
332556,16384,12509
153336,8192,6312
170956,8192,7055
177384,8192,7481
313332,16384,11675
357400,16384,13425
288416,16384,11028
343888,16384,13086
380664,16384,14473
362780,16384,13766
320404,16384,11941
172352,8192,7179
314168,16384,11677
344140,16384,13089
354972,16384,13357
153144,8192,6285
382060,16384,14534
340404,16384,12840
52236,4096,2418
341056,16384,12923
169696,8192,7075
174740,8192,7282
34388,2048,1750
148556,8192,6109
127532,8192,5270
362872,16384,13705
127440,8192,5279
322268,16384,12083
361908,16384,13692
80508,4096,3743
156544,8192,6474
156876,8192,6511
130456,8192,5446
133068,8192,5613
153236,8192,6305
361700,16384,13668
166172,8192,6870
175012,8192,7332
333980,16384,12574
175556,8192,7352
173972,8192,7236
235964,16384,8814
321940,16384,12073
158852,8192,6639
214620,16384,7765
335456,16384,12679
337284,16384,12671
229064,8192,9248
362532,16384,13706
299428,16384,11477
342360,16384,13029
285804,16384,10890
111860,8192,4612
174908,8192,7274
338744,16384,12798
277548,16384,10513
286096,16384,10913
362416,16384,13675
172368,8192,7119
59260,4096,2718
79736,4096,3678
290932,16384,11242
378268,16384,14443
166356,8192,6840
385224,16384,14758
306128,16384,11817
360692,16384,13580
320100,16384,11911
81216,4096,3790
375840,16384,14275
322904,16384,12119
17136,1024,1035
362764,16384,13683
162344,8192,6641
16832,1024,1003
79712,4096,3667
286300,16384,10951
257984,16384,9575
363808,16384,13788
340848,16384,12924
80124,4096,3679
332548,16384,12480
333464,16384,12550
324000,16384,12200
338696,16384,12781
266412,16384,10005
342584,16384,12988
73264,4096,3382
309024,16384,11795
366956,16384,13962
341804,16384,12934
289664,16384,11099
177308,8192,7462
121088,8192,5057
168256,8192,6992
243148,16384,9160
27072,2048,1395
79612,4096,3646
313872,16384,11653
154112,8192,6336
367176,16384,13969
333672,16384,12549
168144,8192,6963
166476,8192,6879
290492,16384,11180
381308,16384,14555
129304,8192,5380
354052,16384,13261
285020,16384,10962
228972,8192,9247
373720,16384,14177
132928,8192,5596
176704,8192,7426
173228,8192,7222
175384,8192,7340
288664,16384,11050
173056,8192,7211
177128,8192,7416
314480,16384,11656
168224,8192,6983
366976,16384,13935
133052,8192,5615
363092,16384,13712
287984,16384,11011
48908,4096,2172
321240,16384,12006
289216,16384,11118
288640,16384,11084
140024,8192,5830
289996,16384,11169
343052,16384,13061
259836,16384,9696
168132,8192,6973
80916,4096,3770
319172,16384,11905
164768,8192,6822
37916,2048,1995
249876,16384,9525
342936,16384,13029
290284,16384,11179
176156,8192,7368
269660,16384,10195
37520,2048,1940
157252,8192,6548
362816,16384,13722
225892,16384,8363
297448,16384,11389
71032,4096,3231
179176,8192,7546
283196,16384,10830
79592,4096,3643
132920,8192,5581
75368,4096,3393
113932,8192,4734
336540,16384,12659
289632,16384,11090
78100,4096,3584
325884,16384,12206
133432,8192,5642
175732,8192,7390
289756,16384,11125
255696,16384,9457
157028,8192,6515
156808,8192,6477
363024,16384,13730
279720,16384,10635
77132,4096,3537
342852,16384,13026
335064,16384,12676
153064,8192,6293
114092,8192,4729
322736,16384,12103
157256,8192,6557
243724,16384,9151
363400,16384,13777
284916,16384,10925
290340,16384,11148
288136,16384,10961
148564,8192,6068
168664,8192,7045
127324,8192,5250
176164,8192,7379
170632,8192,7101
359700,16384,13599
282112,16384,10750
164412,8192,6776
152636,8192,6283
278360,16384,10593
64368,4096,3020
261356,16384,9765
323068,16384,12146
305652,16384,11768
170760,8192,7038
275524,16384,10576
176632,8192,7448
176420,8192,7369
177596,8192,7450
352220,16384,13158
261400,16384,9798
342164,16384,12965
263752,16384,9924
376172,16384,14266
322684,16384,12120
329924,16384,12376
177088,8192,7450
175336,8192,7321
342600,16384,12994
342932,16384,13023
168356,8192,6968
156592,8192,6491
288380,16384,11085
159080,8192,6676
382980,16384,14656
177312,8192,7462
342776,16384,13054
284916,16384,10860
335036,16384,12670
179008,8192,7566
79728,4096,3677
156436,8192,6472
357592,16384,13649
10880,1024,641
133420,8192,5657
176560,8192,7407
171044,8192,7092
138028,8192,5834
373212,16384,14171
280472,16384,10613
286444,16384,10956
281316,16384,10701
367008,16384,13927
164240,8192,6747
337292,16384,12698
340476,16384,12880
70648,4096,3198
80364,4096,3719
158012,8192,6611
152284,8192,6233
192500,8192,8061
166388,8192,6861
168120,8192,6997
279592,16384,10586
132656,8192,5591
80488,4096,3720
229620,8192,9308
177372,8192,7472
281224,16384,10706
77568,4096,3567
378312,16384,14444
121024,8192,4980
365444,16384,13904
76400,4096,3484
291092,16384,11220
157288,8192,6538
34448,2048,1751
367036,16384,13982
343432,16384,13104
288744,16384,11062
362948,16384,13729
176332,8192,7347
383232,16384,14655
342092,16384,12975
382960,16384,14637
353368,16384,13190
80372,4096,3726
361616,16384,13634
174676,8192,7276
281656,16384,10765
270032,16384,10213
245068,16384,9234
268572,16384,10115
84344,4096,3950
148136,8192,6054
288780,16384,11070
366948,16384,13961
218108,16384,8043
155120,8192,6375
284836,16384,10836
265884,16384,10048
156460,8192,6470
316480,16384,11692
126128,8192,5151
301232,16384,11638
145008,8192,5900
41360,2048,2131
338384,16384,12718
290512,16384,11186
174196,8192,7322
384520,16384,14669
163180,8192,6634
148124,8192,6072
366228,16384,13908
157996,8192,6538
33724,2048,1743
172732,8192,7193
289740,16384,11128
173304,8192,7216
289572,16384,11108
318736,16384,11860
340724,16384,12916
177140,8192,7452
318140,16384,11836
177328,8192,7450
361888,16384,13671
290492,16384,11181
172772,8192,7175
324276,16384,12475
316480,16384,11697
365116,16384,13806
288936,16384,11081
366296,16384,13883
176932,8192,7432
279368,16384,10704
337264,16384,12679
177316,8192,7463
129100,8192,5363
172872,8192,7165
177568,8192,7478
175128,8192,7316
290548,16384,11192
177288,8192,7440
151692,8192,6214
288172,16384,11041
286716,16384,10976
163688,8192,6730
40284,2048,2118
365744,16384,13900
112444,8192,4623
342028,16384,12936
60556,4096,2830
269896,16384,10178
342692,16384,13017
321184,16384,11992
172168,8192,7117
281180,16384,10662
378500,16384,14451
118292,8192,4786
336816,16384,12696
183436,8192,7632
286156,16384,10915
336728,16384,12653
361152,16384,13855
132892,8192,5574
274028,16384,10438
166072,8192,6957
177524,8192,7480
129384,8192,5413
86232,4096,4042
172668,8192,7152
286668,16384,10964
176468,8192,7385
365692,16384,13930
364372,16384,13754
381104,16384,14556
174856,8192,7282
153084,8192,6278
156344,8192,6446
339528,16384,12802
313272,16384,11610
177036,8192,7446
281660,16384,10745
175280,8192,7313
288640,16384,11045
344264,16384,13102
155564,8192,6459
52268,4096,2426
321228,16384,12014
366492,16384,13867
340184,16384,12913
341632,16384,12896
165476,8192,6950
366636,16384,13945
361596,16384,13635
240616,16384,8934
133036,8192,5609
114780,8192,4806
356640,16384,13580
22504,1024,1337
365892,16384,13920
338980,16384,12868
178692,8192,7487
80132,4096,3693
245676,16384,9243
177308,8192,7462
76428,4096,3490
370976,16384,14150
89444,4096,4183
338724,16384,12765
322868,16384,12110
343384,16384,13092
340312,16384,12871
342204,16384,12991
342016,16384,12945
287732,16384,10978
79876,4096,3691
177040,8192,7394
353344,16384,13196
373524,16384,14144
175244,8192,7299
242228,16384,9091
170736,8192,7049
290416,16384,11162
173152,8192,7191
156924,8192,6480
36428,2048,1886
64124,4096,3024
176164,8192,7353
69004,4096,3105
164688,8192,6813
176536,8192,7382
52112,4096,2400
190748,8192,7926
154928,8192,6391
175484,8192,7338
175604,8192,7357
334264,16384,12599
167672,8192,6940
387128,16384,14865
112808,8192,4649
88920,4096,4165
313308,16384,11617
263032,16384,9885
173444,8192,7260
308296,16384,11921
334516,16384,12583
365268,16384,13845
190600,8192,7946
229688,8192,9297
129572,8192,5385
361548,16384,13642
290180,16384,11140
104828,8192,4280
59836,4096,2783
177096,8192,7453
176624,8192,7402
157136,8192,6514
227516,16384,8480
84436,4096,3878
330100,16384,12444
165840,8192,6816
177376,8192,7479
280124,16384,10654
124120,4096,5536
342076,16384,12947
368516,16384,14044
160432,8192,6683
313860,16384,11661
289484,16384,11074
174784,8192,7288
328300,16384,12235
338980,16384,12808
270040,16384,10240
37620,2048,1961
371476,16384,14147
170692,8192,7064
171648,8192,7127
368520,16384,14037
285500,16384,10894
175356,8192,7340
230092,16384,8615
264768,16384,9928
290340,16384,11127
177044,8192,7413
269132,16384,10211
356716,16384,13418
282312,16384,10770
359916,16384,13625
337612,16384,12714
378316,16384,14449
133076,8192,5616
286732,16384,10994
174848,8192,7288
270780,16384,10297
287608,16384,10968
19832,1024,1149
267056,16384,10048
18492,1024,1082
342176,16384,12972
170640,8192,7123
77968,4096,3552
172668,8192,7183
145184,8192,5894
37800,2048,1973
331768,16384,12557
154816,8192,6378
155488,8192,6424
290464,16384,11187
321144,16384,11998
274860,16384,10329
304052,16384,11684
265960,16384,10212
147944,8192,6059
33916,2048,1754
176196,8192,7376
290456,16384,11169
342312,16384,12985
361020,16384,13581
132916,8192,5587
341040,16384,12891
281328,16384,10727
381192,16384,14526
176248,8192,7369
51400,4096,2349
172700,8192,7167
311748,16384,11480
289836,16384,11147
301272,16384,11612
286924,16384,11005
376904,16384,14396
286372,16384,10925
177072,8192,7420
337324,16384,12699
37080,2048,1914
133184,8192,5598
153264,8192,6306
245260,16384,9247
79052,4096,3650
60368,4096,2803
177324,8192,7454
129124,8192,5395
177232,8192,7448
299444,16384,11472
234996,16384,8828
322212,16384,12040
173376,8192,7231
342716,16384,12974
113000,8192,4693
66720,4096,3159
50036,4096,2270
26172,2048,1367
175528,8192,7334
340460,16384,12854
172340,8192,7160
246988,16384,9394
289472,16384,11118
155780,8192,6450
342480,16384,12963
290468,16384,11176
381216,16384,14532
80296,4096,3692
279464,16384,10664
157912,8192,6535
157448,8192,6573
361788,16384,13678
257240,16384,9531
80432,4096,3723
323240,16384,12153
382684,16384,14642
365512,16384,13873
368756,16384,14086
155272,8192,6432
326748,16384,12222
286404,16384,10926
270112,16384,10233
162544,8192,6647
334816,16384,12662
172060,8192,7141
176372,8192,7384
112812,8192,4668
60236,4096,2810
289756,16384,11137
281408,16384,10703
290584,16384,11205
191072,8192,8025
334096,16384,12607
237280,16384,8840
269576,16384,10173
132268,8192,5538
386848,16384,14851
69940,4096,3180
148156,8192,6064
281100,16384,10690
288304,16384,11078
176300,8192,7394
281488,16384,10708
288188,16384,11028
270344,16384,10242
320352,16384,11949
266108,16384,9979
358256,16384,13509
170832,8192,7044
319836,16384,11921
58608,4096,2684
171500,8192,7097
288788,16384,11072
27956,2048,1481
290524,16384,11185
70752,4096,3220
375692,16384,14238
168352,8192,6999
172880,8192,7167
28800,2048,1508
156944,8192,6516
173276,8192,7221
176668,8192,7410
132612,8192,5573
366708,16384,13900
168208,8192,6988
358120,16384,13509
381556,16384,14615
383212,16384,14651
332844,16384,12476
80392,4096,3713
38288,2048,2015
225972,16384,8407
166596,8192,6888
342404,16384,13019
141760,8192,6047
176388,8192,7373
177456,8192,7462
60892,4096,2824
166572,8192,6874
343012,16384,12999
341840,16384,12942
381948,16384,14605
329396,16384,12393
157368,8192,6568
176764,8192,7423
156612,8192,6492
309692,16384,11808
172944,8192,7201
175552,8192,7326
171140,8192,7053
98440,8192,3886
157316,8192,6561
361728,16384,13683
157476,8192,6578
112844,8192,4659
306304,16384,11855
375636,16384,14220
336660,16384,12668
22248,2048,1111
318676,16384,11892
338028,16384,12738
313776,16384,11627
359728,16384,13595
269464,16384,10164
156552,8192,6483
269748,16384,10203
224176,16384,8241
329260,16384,12382
383288,16384,14683
283392,16384,10796
281352,16384,10722
175716,8192,7336
244560,16384,9204
177540,8192,7471
166272,8192,6859
376004,16384,14421
174868,8192,7301
366900,16384,13963
177452,8192,7482
148248,8192,6081
283528,16384,10865
74236,4096,3371
110236,8192,4488
365792,16384,13860
129216,8192,5414
364972,16384,13800
32228,2048,1652
289824,16384,11126
173500,8192,7230
172204,8192,7131
268468,16384,10138
69316,4096,3168
337328,16384,12684
289368,16384,11110
361168,16384,13599
285888,16384,10848
59284,4096,2720
156612,8192,6512
348240,16384,13158
341288,16384,12905
281092,16384,10651
284296,16384,10797
172512,8192,7152
332308,16384,12627
311492,16384,11500
170904,8192,7057
128076,8192,5272
58848,4096,2740
133652,8192,5636
157256,8192,6545
289592,16384,11096
341132,16384,12883
79720,4096,3669
383920,16384,14761
52104,4096,2397
320000,16384,11905
342848,16384,12990
384436,16384,14770
131196,8192,5454
342812,16384,13019
286416,16384,10936
349648,16384,13279
286208,16384,10911
52084,4096,2392
172436,8192,7157
363360,16384,13766
176256,8192,7376
173556,8192,7243
172632,8192,7138
146988,8192,6139
170040,8192,7129
176252,8192,7358
320568,16384,11980
153396,8192,6312
173108,8192,7225
166240,8192,7004
365284,16384,13804
334320,16384,12619
89488,4096,4194
380848,16384,14492
363068,16384,13724
365456,16384,13837
337060,16384,12680
368536,16384,14052
257100,16384,9535
174788,8192,7277
291816,16384,11225
111296,8192,4589
175996,8192,7406
128468,8192,5329
58328,4096,2660
177292,8192,7458
363412,16384,13796
289752,16384,11109
80096,4096,3683
112980,8192,4676
311896,16384,11507
255504,16384,9809
131812,8192,5482
42620,2048,2131
240808,16384,9013
168104,8192,6986
385672,16384,14816
175540,8192,7324
270248,16384,10218
289516,16384,11127
141804,8192,6026
245620,16384,9288
177064,8192,7463
164176,8192,6761
131064,8192,5446
341028,16384,12916
354084,16384,13507
382824,16384,14596
341280,16384,12952
288156,16384,11061
364556,16384,13802
286840,16384,10968
340652,16384,12891
77312,4096,3531
176600,8192,7382
157236,8192,6523
366280,16384,13900
380960,16384,14523
56656,4096,2609
133084,8192,5623
79996,4096,3716
172584,8192,7168
172896,8192,7167
37904,2048,1983
122344,8192,5029
301652,16384,11662
359500,16384,13572
166068,8192,6852
269248,16384,10157
177328,8192,7463
158152,8192,6635
172512,8192,7155
142436,8192,5700
291232,16384,11237
351472,16384,13320
245612,16384,9335
377512,16384,14409
274256,16384,10467
157288,8192,6536
285404,16384,10850
358404,16384,13490
7804,512,540
132232,8192,5584
381560,16384,14584
52280,4096,2412
81896,4096,3813
174548,8192,7265
71192,4096,3245
372524,16384,14091
378284,16384,14443
153200,8192,6295
165624,8192,6831
280756,16384,10649
341952,16384,12964
340800,16384,12938
112664,8192,4646
173372,8192,7241
173156,8192,7221
278372,16384,10584
252864,16384,9516
172452,8192,7149
132804,8192,5600
177276,8192,7454
342624,16384,12983
165956,8192,6845
156768,8192,6488
65072,2048,3242
257276,16384,9790
288732,16384,11047
246036,16384,9283
170832,8192,7055
286376,16384,10936
275792,16384,10349
175672,8192,7340
280532,16384,10660
154832,8192,6376
37936,2048,1995
366804,16384,13893
166392,8192,6846
377644,16384,14411
56408,4096,2583
79728,4096,3697
176568,8192,7388
130752,8192,5467
156460,8192,6455
278820,16384,10680
175724,8192,7386
287496,16384,11005
177424,8192,7502
322172,16384,12059
235228,16384,8760
270380,16384,10251
177056,8192,7398
280004,16384,10695
224820,16384,8270
104940,8192,4278
321000,16384,11989
288176,16384,11043
362144,16384,13859
363644,16384,13774
160672,8192,6681
130264,8192,5441
131248,8192,5467
175420,8192,7321
354308,16384,13276
286868,16384,10995
156772,8192,6504
132628,8192,5525
289800,16384,11121
55644,4096,2511
88728,4096,4128
281448,16384,10714
303936,16384,11713
161236,8192,6771
291092,16384,11231
164276,8192,6760
157224,8192,6539
279756,16384,10615
385176,16384,14742
175768,8192,7317
147032,8192,5981
317656,16384,11861
290388,16384,11155
264804,16384,9976
132728,8192,5581
167708,8192,6934
37888,2048,1966
144128,8192,5820
286256,16384,10928
17276,1024,1049
177048,8192,7429
381792,16384,14615
283320,16384,10860
139476,8192,5888
36064,2048,1863
153068,8192,6263
290508,16384,11186
141980,8192,6054
342240,16384,12966
304544,16384,11747
341360,16384,12887
37108,2048,1917
322808,16384,12092
177044,8192,7456
175168,8192,7296
130576,8192,5435
156672,8192,6465
284112,16384,10804
342536,16384,12989
342396,16384,12954
133676,8192,5642
132948,8192,5583
262248,16384,10036
157012,8192,6485
168552,8192,7023
340724,16384,12919
290128,16384,11138
287876,16384,10988
236364,16384,8771
177132,8192,7429
177240,8192,7449
305968,16384,11835
79992,4096,3691
136300,8192,5728
384760,16384,14708
157092,8192,6508
314232,16384,11662
108740,8192,4440
177160,8192,7442
172960,8192,7167
372844,16384,14073
285572,16384,10844
341180,16384,12963
85548,4096,3965
156612,8192,6495
33840,2048,1736
173348,8192,7240
155276,8192,6410
306208,16384,11852
363028,16384,13715
78444,4096,3586
177192,8192,7427
281360,16384,10680
76552,4096,3485
362308,16384,13665
173516,8192,7215
374420,16384,14261
177096,8192,7445
221652,8192,9330
175552,8192,7326
314700,16384,12140
69700,4096,3150
270244,16384,10257
366928,16384,13939
77880,4096,3566
358656,16384,13710
318848,16384,11867
243776,16384,9164
321276,16384,11983
333316,16384,12524
245796,16384,9269
364760,16384,13858
107780,8192,4429
79844,4096,3700
268452,16384,10085
89516,4096,4197
333664,16384,12556
375664,16384,14237
288608,16384,11095
223196,8192,8889
83156,4096,3799
338800,16384,12785
221720,16384,8115
171780,8192,7130
158492,8192,6618
269636,16384,10193
173420,8192,7259
290648,16384,11221
245924,16384,9289
323712,16384,12128
265684,16384,9973
153296,8192,6319
71432,4096,3282
317680,16384,11753
290768,16384,11207
80372,4096,3720
171668,8192,7140
24680,2048,1224
285088,16384,10909
241528,16384,9039
281840,16384,10699
355844,16384,13360
217520,16384,7954
176080,8192,7328
155468,8192,6406
259724,16384,9678
332052,16384,12612
80568,4096,3740
290292,16384,11163
80968,4096,3792
357956,16384,13506
104116,8192,4198
179128,8192,7595
289680,16384,11153
288140,16384,11022
276944,16384,10427
378100,16384,14396
280560,16384,10667
155864,8192,6470
322912,16384,12083
260944,16384,9823
285148,16384,10914
367532,16384,14012
343060,16384,13065
263916,16384,10110
132236,8192,5519
320264,16384,11934
33800,2048,1742
89560,4096,4213
288400,16384,11045
336880,16384,12646
171528,8192,7089
167508,8192,6965
155192,8192,6393
381008,16384,14480
33208,2048,1699
145884,8192,5926
366652,16384,13949
144308,8192,5865
340944,16384,12895
124700,8192,5186
381556,16384,14612
171712,8192,7135
313528,16384,11610
338904,16384,12772
33988,2048,1748
177260,8192,7445
285824,16384,10907
176504,8192,7389
288276,16384,11071
134656,8192,5695
290096,16384,11189
296220,16384,11326
265408,16384,9904
342500,16384,12967
177836,8192,7469
271984,16384,10348
76412,4096,3483
286052,16384,10880
175104,8192,7311
165880,8192,6973
285948,16384,10935
356528,16384,13403
288468,16384,11028
177532,8192,7469
352648,16384,13174
341996,16384,12934
322744,16384,12089
37904,2048,1986
322724,16384,12105
281148,16384,10673
173504,8192,7258
343320,16384,13075
137608,8192,5774
165004,8192,6886
290196,16384,11155
176588,8192,7411
110308,8192,4475
167388,8192,6898
288016,16384,11013
244660,16384,9213
162880,8192,6695
353356,16384,13262
80512,4096,3748
230016,16384,8543
337216,16384,12685
248552,16384,9480
111820,8192,4555
222924,16384,8226
99740,8192,3968
289760,16384,11128
255776,16384,9465
372420,16384,14065
132948,8192,5593
170552,8192,7028
167068,8192,6883
362888,16384,13729
382112,16384,14568
17504,1024,1028
265144,16384,9888
336980,16384,12646
167552,8192,6944
78664,4096,3603
286472,16384,10933
85012,4096,3919
342956,16384,13034
156140,8192,6426
311384,16384,11462
373656,16384,14151
176740,8192,7386
277316,16384,10445
78036,4096,3564
309416,16384,11408
380856,16384,14507
284564,16384,10811
171596,8192,7122
176856,8192,7409
280848,16384,10670
167576,8192,6945
156768,8192,6472
195744,8192,8041
244660,8192,9735
264448,16384,9919
366120,16384,13890
147356,8192,5991
176764,8192,7434
171480,8192,7099
158964,8192,6589
277876,16384,10505
177380,8192,7479
147124,8192,5973
338824,16384,12814
177076,8192,7452
172344,8192,7161
132384,8192,5545
278564,16384,10627
176308,8192,7373
340952,16384,12897
333548,16384,12518
175064,8192,7347
137000,8192,5828
342196,16384,12983
174532,8192,7270
384608,16384,14692
308104,16384,11266
342992,16384,13042
177336,8192,7482
81284,4096,3765
226028,16384,8380
340772,16384,12888
176624,8192,7403
79568,4096,3666
168460,8192,6998
334640,16384,12615
266316,16384,9999
173624,8192,7230
289888,16384,11127
356140,16384,13364
365524,16384,13872
46460,4096,2040
156152,8192,6447
236116,16384,8773
177044,8192,7412
172524,8192,7113
308028,16384,11276
381328,16384,14531
168056,8192,6981
355240,16384,13360
229676,8192,9306
143592,8192,5813
59216,4096,2692
246828,16384,9399
35496,2048,1817
180400,8192,7612
132224,8192,5532
37824,2048,1981
286220,16384,10930
281036,16384,10659
176788,8192,7381
275416,16384,10485
229028,16384,8533
176480,8192,7384
177552,8192,7494
177964,8192,7497
178948,8192,7495
175764,8192,7392
367096,16384,13961
177188,8192,7433
176908,8192,7408
341280,16384,12967
288764,16384,11065
26100,2048,1338
378388,16384,14474
337424,16384,12724
362272,16384,13648
270208,16384,10196
338288,16384,12707
285072,16384,10888
290328,16384,11142
175808,8192,7376
175464,8192,7339
174972,8192,7247
173500,8192,7225
341316,16384,12933
156708,8192,6453
321928,16384,12066
291332,16384,11263
343808,16384,13145
173244,8192,7201
381000,16384,14541
172588,8192,7176
270328,16384,10237
358988,16384,13580
380888,16384,14514
267300,16384,10052
381292,16384,14535
125956,8192,5258
342380,16384,13039
290140,16384,11142
279804,16384,10611
59808,4096,2763
359844,16384,13607
356740,16384,13533
171484,8192,7089
385668,16384,14826
366040,16384,13877
322848,16384,12103
155644,8192,6446
314176,16384,12052
158124,8192,6560
342916,16384,13024
165032,8192,6827
173176,8192,7229
322860,16384,12102
173436,8192,7241
7940,512,557
166456,8192,6858
268364,16384,10114
126428,8192,5175
381324,16384,14542
279012,16384,10537
157772,8192,6578
367176,16384,13965
290412,16384,11179
380508,16384,14455
175264,8192,7298
173320,8192,7216
357128,16384,13421
320548,16384,11967
337396,16384,12729
193172,8192,8131
344500,16384,13095
153168,8192,6288
286508,16384,10951
307508,16384,11837
173164,8192,7190
333772,16384,12532
361936,16384,13712
367148,16384,13957
292080,16384,11242
176472,8192,7365
275324,16384,10330
33332,2048,1720
357284,16384,13624
176860,8192,7410
342848,16384,13038
170888,8192,7058
338440,16384,12797
124184,8192,5169
375700,16384,14257
165848,8192,6853
364684,16384,13795
176428,8192,7401
67496,4096,3046
342924,16384,13025
290352,16384,11146
79840,4096,3687
177156,8192,7437
80200,4096,3711
176364,8192,7390
57976,4096,2627
342396,16384,13005
340704,16384,12925
320136,16384,11985
173212,8192,7222
172948,8192,7184
153888,8192,6308
337100,16384,12697
254744,16384,9396
133108,8192,5611
176572,8192,7406
177316,8192,7464
316444,16384,11715
271592,16384,10277
173036,8192,7211
174768,8192,7271
162060,8192,6740
289560,16384,11122
78096,4096,3602
275208,16384,10497
147772,8192,6011
132896,8192,5570
336652,16384,12659
269312,16384,10191
290976,16384,11148
152196,8192,6210
174416,8192,7299
247656,16384,9384
132088,8192,5501
107524,8192,4361
152756,8192,6229
343276,16384,13076
241660,16384,9085
288400,16384,11028
172476,8192,7146
321852,16384,12027
357908,16384,13642
364984,16384,13785
171940,8192,7150
68900,4096,3104
331292,16384,12409
146480,8192,5961
244636,16384,9206
362228,16384,13674
374280,16384,14193
290148,16384,11155
360560,16384,13576
277292,16384,10459
69976,4096,3189
149864,8192,6166
112988,8192,4674
381156,16384,14495
296648,16384,11330
176688,8192,7419
128204,8192,5296
169008,8192,7032
81096,4096,3746
337048,16384,12682
281368,16384,10740
384320,16384,14652
157236,8192,6540
89384,4096,4185
276764,16384,10486
342744,16384,13011
240884,8192,9784
80508,4096,3738
172956,8192,7199
357924,16384,13503
277340,16384,10455
174336,8192,7225
341144,16384,12898
155072,8192,6447
292784,16384,11307
290460,16384,11177
284832,16384,10847
135712,8192,5670
132856,8192,5593
17920,1024,1071
156552,8192,6476
141880,8192,6030
79756,4096,3678
16876,1024,1002
79716,4096,3673
275588,16384,10592
265504,16384,9967
385112,16384,14730
380824,16384,14510
76384,4096,3476
383368,16384,14689
152064,8192,6203
342748,16384,13047
176584,8192,7410
382952,16384,14629
80124,4096,3726
175332,8192,7300
290960,16384,11215
37256,2048,1937
337268,16384,12679
36032,2048,1851
333904,16384,12595
363756,16384,13754
168040,8192,6981
341024,16384,12887
171392,8192,7089
44840,2048,2326
156596,8192,6494
133056,8192,5603
172620,8192,7184
132320,8192,5534
279660,16384,10583
156692,8192,6511
175264,8192,7315
168272,8192,6996
80572,4096,3741
376644,16384,14320
112216,8192,4613
152084,8192,6204
172116,8192,7110
218736,8192,8854
281752,16384,10772
364800,16384,13791
286228,16384,10889
79748,4096,3681
175200,8192,7292
382876,16384,14598
163948,8192,6826
133104,8192,5606
363232,16384,13747
155080,8192,6370
361388,16384,13601
176940,8192,7427
176672,8192,7394
286400,16384,10924
290464,16384,11179
363008,16384,13743
360300,16384,13641
342656,16384,12994
363560,16384,13752
128692,8192,5336
334268,16384,12601
248088,16384,9448
168516,8192,7035
265364,16384,9940
167864,8192,6925
237088,16384,8847
353836,16384,13495
172928,8192,7171
148488,8192,6091
286472,16384,10949
379764,16384,14493
177348,8192,7467
131264,8192,5466
338880,16384,12784
19432,1024,1063
363028,16384,13700
177252,8192,7464
155056,8192,6439
340660,16384,12894
363576,16384,13792
356804,16384,13416
76436,4096,3488
234452,16384,8819
333040,16384,12534
112136,8192,4605
256628,16384,9492
233852,16384,8667
372356,16384,14080
288804,16384,11075
265952,16384,9957
174836,8192,7292
165720,8192,6801
149088,8192,6105
332728,16384,12510
314144,16384,11703
177080,8192,7453
178020,8192,7511
276532,16384,10373
284180,16384,10788
251580,8192,10085
132788,8192,5595
363016,16384,13730
76208,4096,3467
290140,16384,11154
332240,16384,12481
281328,16384,10688
176316,8192,7354
177644,8192,7480
176664,8192,7430
60288,4096,2784
40204,2048,2046
130896,8192,5444
336468,16384,12637
314624,16384,12090
358964,16384,13723
314412,16384,11717
286472,16384,10946
365412,16384,13860
274404,16384,10492
176668,8192,7413
290196,16384,11151
290388,16384,11183
342736,16384,13063
27428,2048,1428
50660,4096,2294
365084,16384,13894
352504,16384,13372
281096,16384,10693
286060,16384,10890
330800,16384,12488
280948,16384,10689
170520,8192,6996
168468,8192,7024
261976,16384,9819
364688,16384,13808
308576,16384,11992
163428,8192,6723
168112,8192,7003
338904,16384,12790
40156,2048,2103
166504,8192,6841
157148,8192,6514
314012,16384,11702
338612,16384,12835
383140,16384,14644
121340,8192,4924
294000,16384,11357
381212,16384,14515
141960,8192,6049
372300,16384,14046
288320,16384,11022
113696,8192,4680
174960,8192,7317
156512,8192,6488
216888,16384,7929
37104,2048,1917
362844,16384,13703
164340,8192,6765
173364,8192,7243
37956,2048,1994
16028,1024,935
71384,4096,3249
360308,16384,13580
175592,8192,7354
156036,8192,6418
230004,8192,9371
176420,8192,7400
177228,8192,7441
172708,8192,7189
285956,16384,10896
290588,16384,11206
172352,8192,7163
266008,16384,9980
336616,16384,12662
157236,8192,6528
246432,16384,9366
71704,4096,3285
226080,16384,8388
286020,16384,10897
339152,16384,12851
156348,8192,6453
337008,16384,12652
176684,8192,7423
341000,16384,12860
343736,16384,13041
175612,8192,7331
242444,16384,9101
360524,16384,13529
52496,4096,2429
322532,16384,12068
342732,16384,13025
177420,8192,7489
342632,16384,12957
133012,8192,5592
337304,16384,12710
284796,16384,10846
288212,16384,10995
342732,16384,13026
157132,8192,6515
330148,16384,12377
84140,4096,3925
176888,8192,7406
289592,16384,11101
162148,8192,6808
368712,16384,14113
290192,16384,11123
156716,8192,6455
366412,16384,13884
173288,8192,7226
174876,8192,7299
356488,16384,13411
172904,8192,7172
381064,16384,14542
313652,16384,11640
269444,16384,10196
34068,2048,1761
313976,16384,11661
89412,4096,4187
127880,8192,5313
37432,2048,1935
342788,16384,12992
340560,16384,12863
168904,8192,7001
174232,8192,7280
267092,16384,10064
285604,16384,10873
306096,16384,11862
268324,16384,10095
109724,8192,4503
167620,8192,6943
383080,16384,14680
171972,8192,7174
331884,16384,12569
277628,16384,10515
173328,8192,7220
267776,16384,10043
174384,8192,7223
282500,16384,10783
357852,16384,13473
157240,8192,6497
339040,16384,12807
226048,16384,8383
357216,16384,13412
124508,4096,5569
155432,8192,6394
144476,4096,6486
364872,16384,13821
175672,8192,7357
191404,8192,8016
358252,16384,13520
234352,16384,8801
177060,8192,7436
290464,16384,11187
368572,16384,14098
153560,8192,6351
174632,8192,7277
132500,8192,5584
359276,16384,13791
254456,16384,9721
313692,16384,11606
157104,8192,6508
260252,16384,9699
174016,8192,7306
341624,16384,12936
322188,16384,12034
286232,16384,10929
130012,8192,5429
363100,16384,13723
175652,8192,7351
132852,8192,5588
279692,16384,10610
37840,2048,1971
246204,16384,9309
328256,16384,12235
80564,4096,3734
177008,8192,7418
176528,8192,7392
312196,16384,11934
276816,16384,10479
166380,8192,6859
380756,16384,14462
287756,16384,10985
288032,16384,10999
173300,8192,7228
78324,4096,3580
358296,16384,13510
163500,8192,6808
376972,16384,14401
286252,16384,10912
340816,16384,12927
365520,16384,13876
360740,16384,13780
365740,16384,13881
80564,4096,3728
308236,16384,11953
76368,4096,3492
357864,16384,13641
165208,8192,6849
362380,16384,13735
176920,8192,7435
366008,16384,13854
341496,16384,12972
156056,8192,6416
334204,16384,12618
132896,8192,5580
367892,16384,13973
153884,8192,6316
167964,8192,6962
268140,16384,10087
165716,8192,6805
172440,8192,7153
280372,16384,10619
271484,16384,10348
147308,8192,5963
173592,8192,7258
68452,4096,3113
285028,16384,10887
190952,8192,7977
284692,16384,10852
338116,16384,12754
352648,16384,13204
244320,16384,9177
155420,8192,6423
384708,16384,14731
339096,16384,12833
331932,16384,12437
113008,8192,4697
321152,16384,11988
289752,16384,11125
285012,16384,10885
178560,8192,7472
33668,2048,1741
259840,16384,9711
175624,8192,7358
344144,16384,13139
157252,8192,6540
168308,8192,7004
385256,16384,14730
167460,8192,6933
277536,16384,10483
177416,8192,7488
177044,8192,7439
77724,4096,3535
171800,8192,7113
277436,16384,10458
285408,16384,10931
251396,16384,9569
280124,16384,10745
174748,8192,7267
157348,8192,6551
341380,16384,12960
372040,16384,14090
171416,8192,7101
78576,4096,3579
132344,8192,5550
363008,16384,13971
238736,16384,8951
153168,8192,6291
335400,16384,12744
330048,16384,12454
80240,4096,3720
342800,16384,12995
366120,16384,13881
246232,16384,9328
237268,16384,8868
342104,16384,13013
176512,8192,7403
176756,8192,7449
262404,16384,10033
176596,8192,7413
305160,16384,11570
218084,8192,8775
246132,16384,9309
66664,4096,2988
175408,8192,7356
167620,8192,6943
280852,16384,10692
341240,16384,12937
342948,16384,13031
60260,4096,2773
362428,16384,13661
172512,8192,7177
177704,8192,7500
83636,4096,3885
177536,8192,7475
357272,16384,13460
102496,8192,4125
352916,16384,13188
131528,8192,5504
232536,16384,8566
358368,16384,13543
245796,16384,9272
128996,8192,5353
188072,8192,7893
286524,16384,10937
80568,4096,3753
167832,8192,6930
365448,16384,13870
175532,8192,7350
57200,4096,2648
127384,8192,5266
112896,8192,4666
89400,4096,4189
338452,16384,12796
339128,16384,12823
128880,8192,5366
266160,16384,10022
365620,16384,13900
71352,4096,3261
339792,16384,12882
226128,16384,8399
177396,8192,7485
177032,8192,7448
305360,16384,11811
288768,16384,11060
270052,16384,10186
336596,16384,12661
269744,16384,10204
130596,8192,5428
132716,8192,5573
260524,16384,9745
176548,8192,7395
176844,8192,7406
378144,16384,14412
367828,16384,13984
265928,16384,9977
284616,16384,10801
381952,16384,14579
173432,8192,7225
288168,16384,11040
25376,2048,1285
12804,1024,766
382344,16384,14606
264392,16384,10115
371564,16384,14020
177288,8192,7439
290120,16384,11122
322608,16384,12087
175472,8192,7341
329320,16384,12299
338076,16384,12712
163424,8192,6686
37888,2048,1988
342296,16384,12935
290544,16384,11193
33980,2048,1759
381276,16384,14518
157000,8192,6526
363384,16384,13779
312128,16384,11937
156420,8192,6453
362248,16384,13925
167972,8192,6964
80276,4096,3700
156372,8192,6457
239620,16384,8909
71492,4096,3278
290308,16384,11135
286368,16384,10932
237664,16384,8935
280288,16384,10660
68992,4096,3101
127436,8192,5277
372248,16384,14061
338968,16384,12801
154520,8192,6328
365508,16384,13869
172408,8192,7144
173232,8192,7212
17000,1024,1016
378336,16384,14454
173276,8192,7205
191440,8192,8036
173332,8192,7204
237264,16384,8879
221756,16384,8125
82668,4096,3861
290476,16384,11177
62936,4096,2960
301208,16384,11637
280976,16384,10723
157192,8192,6512
176840,8192,7414
177088,8192,7456
168000,8192,6975
384812,16384,14750
131728,8192,5524
334072,16384,12610
176304,8192,7399
342784,16384,12996
275484,16384,10503
112992,8192,4678
182244,8192,7549
372572,16384,14069
177124,8192,7448
143904,8192,5812
175400,8192,7301
170916,8192,7045
172664,8192,7187
169000,8192,7048
365052,16384,13870
151384,8192,6149
362392,16384,13678
174736,8192,7271
342596,16384,12992
178724,8192,7512
33860,2048,1741
380800,16384,14492
327572,16384,12402
289344,16384,11135
112912,8192,4661
372404,16384,14083
290348,16384,11146
288588,16384,11033
157316,8192,6560
286528,16384,10959
244520,16384,9209
364740,16384,13821
290544,16384,11194
341724,16384,12978
327928,16384,12202
375604,16384,14264
148148,8192,6189
384760,16384,14730
324192,16384,12247
176976,8192,7395
286056,16384,10901
281788,16384,10776
384472,16384,14707
104564,8192,4253
386420,16384,14828
173056,8192,7212
380656,16384,14507
246472,16384,9360
112188,8192,4647
290032,16384,11179
25780,2048,1326
337240,16384,12690
364684,16384,13813
279388,16384,10590
176208,8192,7351
164204,8192,6741
177100,8192,7453
85616,4096,3963
376060,16384,14317
176920,8192,7414
177824,8192,7505
362756,16384,13723
237284,16384,8916
290544,16384,11199
290712,16384,11188
163324,8192,6701
376200,16384,14290
131232,8192,5476
245636,16384,9298
286508,16384,10954
78620,4096,3613
225440,16384,8324
353044,16384,13170
37148,2048,1913
322404,16384,12099
156816,8192,6494
153676,8192,6322
9012,512,605
290208,16384,11181
155976,8192,6456
177300,8192,7460
342528,16384,12976
247748,16384,9408
343492,16384,13041
176472,8192,7398
282724,16384,10791
330100,16384,12475
168472,8192,7046
176956,8192,7423
341968,16384,12994
353924,16384,13259
362724,16384,13731
340644,16384,12885
367028,16384,13927
286416,16384,10933
175384,8192,7333
328212,16384,12213
164220,8192,6745
65764,4096,2928
131280,8192,5477
276492,16384,10410
356820,16384,13409
354364,16384,13297
361684,16384,13656
380916,16384,14487
242976,16384,9154
290336,16384,11149
343016,16384,13016
173260,8192,7226
172980,8192,7210
290016,16384,11123
259164,16384,9690
265688,16384,9970
323516,16384,12141
280744,16384,10644
156672,8192,6513
358040,16384,13474
365248,16384,13808
339040,16384,12792
80436,4096,3724
171236,8192,7059
260476,16384,9742
168452,8192,7018
342164,16384,12960
360060,16384,13645
176732,8192,7429
331368,16384,12361
109444,8192,4480
79400,4096,3643
361260,16384,13834
247184,16384,9398
364620,16384,13774
79492,4096,3649
176848,8192,7393
341160,16384,12905
284896,16384,10867
340008,16384,12853
329468,16384,12416
341876,16384,12942
174332,8192,7293
286168,16384,10919
337292,16384,12686
375996,16384,14252
290412,16384,11178
162632,8192,6650
360116,16384,13741
362960,16384,14003
112940,8192,4661
316268,16384,11804
277612,16384,10490
349692,16384,13289
374224,16384,14196
358208,16384,13532
288080,16384,11059
177040,8192,7426
177140,8192,7436
176704,8192,7422
342420,16384,13006
177080,8192,7454
351796,16384,13111
175668,8192,7372
341636,16384,12979
344248,16384,13086
174032,8192,7268
108484,8192,4440
272700,16384,10383
381588,16384,14548
157324,8192,6545
166132,8192,6977
289680,16384,11103
175488,8192,7328
13552,1024,809
365512,16384,13879
288992,16384,11110
157120,8192,6517
171772,8192,7118
130844,8192,5466
174752,8192,7263
254532,16384,9740
288428,16384,11040
174928,8192,7283
176796,8192,7396
150396,8192,6092
157140,8192,6516
177176,8192,7429
243828,16384,9193
176612,8192,7399
289244,16384,11061
335792,16384,12778
123344,8192,5103
290204,16384,11153
287728,16384,11051
382656,16384,14635
333700,16384,12573
324384,16384,12219
132528,8192,5527
376116,16384,14265
8804,512,596
90100,4096,4221
291656,16384,11217
290232,16384,11144
155608,8192,6436
288016,16384,11014
168064,8192,6944
172668,8192,7199
285312,16384,10861
237032,16384,8827
171768,8192,7154
310240,16384,11822
351404,16384,13331
378212,16384,14424
326892,16384,12341
240564,16384,9001
91676,4096,4299
155004,8192,6405
326488,16384,12312
110704,8192,4547
361164,16384,13603
172904,8192,7195
265468,16384,9947
80432,4096,3730
322200,16384,12064
166612,8192,6883
152892,8192,6263
338152,16384,12824
175628,8192,7341
280116,16384,10653
374804,16384,14212
366476,16384,13910
230676,16384,8434
74860,4096,3402
168884,8192,7020
191244,8192,7991
245348,16384,9254
166508,8192,6871
342580,16384,12992
378508,16384,14497
338300,16384,12762
288824,16384,11080
281620,16384,10740
367192,16384,13986
168152,8192,6970
176348,8192,7373
385164,16384,14739
377376,16384,14370
358360,16384,13540
78112,4096,3591
112548,8192,4629
173196,8192,7230
73072,4096,3354
339068,16384,12830
383104,16384,14640
37008,2048,1903
80428,4096,3722
36980,2048,1911
132368,8192,5563
341360,16384,12951
173392,8192,7234
360256,16384,13766
50916,4096,2304
177024,8192,7454
342556,16384,13004
363572,16384,13788
162724,8192,6665
121804,8192,5006
177228,8192,7437
342604,16384,13002
267856,16384,10111
356300,16384,13410
363208,16384,13750
237496,16384,8868
165860,8192,6835
356280,16384,13389
361316,16384,13624
373600,16384,14151
329424,16384,12322
171788,8192,7118
380996,16384,14525
290456,16384,11172
42860,2048,2081
339668,16384,12848
176912,8192,7409
365472,16384,13847
70960,4096,3210
338420,16384,12758
132960,8192,5591
342120,16384,12949
362868,16384,13678
144008,8192,5826
166296,8192,6855
79856,4096,3702
133204,8192,5610
277676,16384,10491
340612,16384,12896
72500,4096,3324
177328,8192,7462
374076,16384,14190
365184,16384,13809
343068,16384,13062
322876,16384,12106
175240,8192,7314
168088,8192,6996
155296,8192,6414
284368,16384,10784
177248,8192,7447
168416,8192,6984
225928,16384,8355
327948,16384,12350
338772,16384,12775
288796,16384,11069
8688,512,603
176264,8192,7378
386528,16384,14883
153424,8192,6317
241604,16384,9040
177696,8192,7479
176056,8192,7331
365516,16384,13852
173232,8192,7195
331728,16384,12531
160540,8192,6731
191036,8192,8015
176416,8192,7367
278660,16384,10651
124124,8192,5140
71576,4096,3296
287292,16384,11005
77244,4096,3562
177204,8192,7448
162160,8192,6584
274368,16384,10479
289844,16384,11131
286384,16384,10929
167608,8192,6958
247740,16384,9433
177328,8192,7450
245372,16384,9248
342896,16384,13015
135276,8192,5737
75728,4096,3550
315896,16384,11752
245776,16384,9326
361988,16384,13733
166544,8192,6891
174016,8192,7262
175656,8192,7368
372320,16384,14036
61444,4096,2865
154588,8192,6395
177036,8192,7394
177524,8192,7484
157068,8192,6515
175596,8192,7354
284900,16384,10868
176648,8192,7409
56768,4096,2624
79760,4096,3667
355652,16384,13329
124828,8192,5171
118356,8192,4817
141196,8192,6019
8736,512,614
162068,8192,6762
336800,16384,12632
366600,16384,13932
78564,4096,3620
338968,16384,12800
172288,8192,7152
287152,16384,10987
356220,16384,13387
175060,8192,7268
364836,16384,13892
168600,8192,7024
177388,8192,7482
78852,4096,3627
168316,8192,7001
287632,16384,10959
305956,16384,11785
170700,8192,7018
362836,16384,13693
365312,16384,13824
37876,2048,1976
339044,16384,12824
17140,1024,1006
157256,8192,6497
153120,8192,6280
299780,16384,11531
37892,2048,1984
286228,16384,10928
127624,8192,5281
342660,16384,13072
325252,16384,12235
167344,8192,6934
19396,1024,1116
288152,16384,10969
174664,8192,7294
141072,8192,5973
171736,8192,7109
322204,16384,12053
323116,16384,12153
177352,8192,7486
245372,16384,9248
365316,16384,13865
133128,8192,5611
286420,16384,10941
167472,8192,6931
283984,16384,10768
358956,16384,13564
173108,8192,7176
176740,8192,7431
153076,8192,6277
131144,8192,5466
156608,8192,6507
177416,8192,7488
357956,16384,13473
342956,16384,13033
175532,8192,7338
290676,16384,11210
176836,8192,7409
122312,8192,5005
176356,8192,7402
104400,8192,4244
342144,16384,12938
354892,16384,13553
246244,16384,9336
381324,16384,14542
36220,2048,1871
80440,4096,3720
284796,16384,10859
78708,4096,3612
354984,16384,13364
167776,8192,6931
372676,16384,14114
273564,16384,10343
176468,8192,7380
174840,8192,7330
322932,16384,12093
231844,16384,8489
112960,8192,4700
81748,4096,3793
363504,16384,13765
245820,16384,9294
331816,16384,12552
284800,16384,10852
286492,16384,10933
368948,16384,14091
276744,16384,10541
34768,2048,1791
172536,8192,7161
341892,16384,12944
247032,16384,9363
168116,8192,6961
141660,8192,6031
177856,8192,7476
188260,8192,7896
306552,16384,11873
89128,4096,4055
268232,16384,10114
333484,16384,12582
288016,16384,10995
37956,2048,1984
168308,8192,6984
79784,4096,3672
351328,16384,13321
360644,16384,13549
55980,4096,2551
353828,16384,13261
165996,8192,6860
313988,16384,11676
372548,16384,14081
353720,16384,13285
342908,16384,13034
289912,16384,11137
367056,16384,13998
364628,16384,13785
180300,8192,7618
338476,16384,12770
248948,8192,10143
290692,16384,11183
177036,8192,7442
277816,16384,10621
311384,16384,11510
365648,16384,13949
171468,8192,7102
343008,16384,13046
177708,8192,7518
345140,16384,13131
330244,16384,12383
148144,8192,6067
367812,16384,14016
173060,8192,7212
289684,16384,11103
173020,8192,7202
283596,16384,10719
290620,16384,11214
111692,8192,4590
289672,16384,11088
276736,16384,10423
132516,8192,5541
175336,8192,7317
281684,16384,10751
342908,16384,13041
338712,16384,12821
76564,4096,3512
288220,16384,11042
175332,8192,7315
157148,8192,6518
20288,1024,1191
131904,8192,5499
290728,16384,11236
337288,16384,12696
325416,16384,12296
357380,16384,13620
339184,16384,12842
60496,4096,2832
358760,16384,13706
313628,16384,11639
143724,8192,5786
288072,16384,11006
149776,8192,6149
364820,16384,13829
376172,16384,14325
273444,16384,10441
157068,8192,6499
362556,16384,13693
134240,8192,5639
342868,16384,13066
135488,8192,5628
263532,16384,9884
359352,16384,13528
133524,8192,5601
32928,2048,1706
49596,4096,2221
246168,16384,9329
385396,16384,14748
117300,8192,4719
382380,16384,14603
289460,16384,11052
290736,16384,11226
362748,16384,13705
343092,16384,13052
277496,16384,10477
176076,8192,7342
376800,16384,14357
285696,16384,10891
155752,8192,6424
286780,16384,10988
365484,16384,13866
364360,16384,13747
381292,16384,14598
177276,8192,7453
124748,8192,5185
290220,16384,11147
362440,16384,13665
34176,2048,1790
362996,16384,13772
245208,16384,9270
178288,8192,7529
381140,16384,14527
241348,16384,9014
137156,8192,5838
172744,8192,7209
168300,8192,6990
286236,16384,10935
266556,16384,10047
177448,8192,7448
228084,8192,9213
80288,4096,3687
35936,2048,1874
173164,8192,7183
245640,16384,9292
269592,16384,10177
160780,8192,6701
173420,8192,7253
281864,16384,10734
70856,4096,3246
281360,16384,10708
290396,16384,11157
359104,16384,13552
279408,16384,10666
290760,16384,11215
342844,16384,13051
340432,16384,12851
281572,16384,10739
164308,8192,6755
217060,16384,7937
342980,16384,13040
222104,16384,8172
357760,16384,13473
171612,8192,7107
176416,8192,7351
269836,16384,10227
174588,8192,7238
309348,16384,11981
156556,8192,6489
329216,16384,12296
173012,8192,7196
292104,16384,11266
59116,4096,2726
171388,8192,7066
174568,8192,7253
289708,16384,11125
382336,16384,14603
19356,1024,1119
137596,8192,5792
80484,4096,3732
174200,8192,7202
288448,16384,11040
287908,16384,11002
321928,16384,12002
356196,16384,13501
123344,8192,5082
237308,16384,8878
290168,16384,11149
3940,256,311
366812,16384,13926
362380,16384,13746
69324,4096,3109
245756,16384,9326
286256,16384,10938
360424,16384,13514
376460,16384,14333
72272,4096,3344
312012,16384,11504
266288,16384,9992
176828,8192,7407
74620,4096,3356
360576,16384,13566
313024,16384,11547
278148,16384,10634
173336,8192,7205
233980,16384,8665
28812,2048,1504
328872,16384,12693
174688,8192,7267
36884,2048,1931
173276,8192,7222
175628,8192,7363
176572,8192,7406
229692,8192,9306
270364,16384,10282
241468,16384,9041
336968,16384,12665
297712,16384,11510
353036,16384,13181
144900,8192,5900
290628,16384,11211
155124,8192,6412
172556,8192,7172
358196,16384,13522
366420,16384,13904
174204,8192,7262
293820,16384,11316
164236,8192,6738
246924,16384,9400
343000,16384,13040
340956,16384,12930
123284,8192,5060
243912,16384,9202
306792,16384,11924
20068,1024,1176
165884,8192,6853
274352,16384,10479
172740,8192,7205
337548,16384,12786
153252,8192,6312
333808,16384,12588
176408,8192,7428
149028,8192,6100
327448,16384,12356
379872,16384,14562
178088,8192,7523
120952,8192,4970
279000,16384,10579
173260,8192,7213
176532,8192,7396
177564,8192,7478
154844,8192,6390
307048,16384,11207
333816,16384,12568
175052,8192,7280
177340,8192,7465
175456,8192,7307
357884,16384,13482
79632,4096,3652
340248,16384,12839
165256,8192,6817
171272,8192,7070
324456,16384,12201
376072,16384,14300
364552,16384,13806
376504,16384,14325
270136,16384,10212
337844,16384,12716
175612,8192,7359
286448,16384,10939
175420,8192,7316
28220,2048,1471
176780,8192,7436
168160,8192,7004
171004,8192,7055
59472,4096,2754
178048,8192,7518
32216,2048,1638
60364,4096,2802
176948,8192,7409
337880,16384,12693
290636,16384,11212
237124,16384,8862
363148,16384,13729
363012,16384,13707
331316,16384,12539
286500,16384,10952
270356,16384,10270
279388,16384,10578
171684,8192,7112
309360,16384,11355
78076,4096,3566
175616,8192,7387
46776,2048,2301
79708,4096,3670
60480,4096,2814
339864,16384,12780
155952,8192,6434
258056,16384,9601
36040,2048,1858
80380,4096,3710
132844,8192,5574
166156,8192,6835
290380,16384,11198
130768,8192,5479
328688,16384,12299
172816,8192,7172
171976,8192,7165
210244,8192,8673
156836,8192,6519
176980,8192,7411
17112,1024,1016
349488,16384,13392
281860,16384,10794
173240,8192,7240
367104,16384,13968
290408,16384,11177
372628,16384,14099
290440,16384,11190
80728,4096,3748
331388,16384,12558
172732,8192,7181
37152,2048,1929
285448,16384,10944
104808,8192,4276
356844,16384,13384
347424,16384,13076
117540,8192,4739
357940,16384,13491
310704,16384,11887
279748,16384,10609
342080,16384,12958
101832,8192,4073
284796,16384,10911
121984,8192,4987
342632,16384,13022
290332,16384,11174
284588,16384,10794
285252,16384,10925
177320,8192,7465
291844,16384,11253
175916,8192,7354
175884,8192,7342
382320,16384,14605
281320,16384,10725
167596,8192,6937
335512,16384,12710
366832,16384,13947
335928,16384,12668
289340,16384,11071
154764,8192,6625
290292,16384,11148
155392,8192,6399
131080,8192,5504
342724,16384,12992
130896,8192,5440
123460,8192,5116
177400,8192,7489
172140,8192,7161
136932,8192,5816
113524,8192,4700
255636,16384,9437
89296,4096,4147
265240,16384,9959
80392,4096,3708
336316,16384,12637
332136,16384,12627
301552,16384,11659
75444,4096,3413
281432,16384,10710
157212,8192,6536
289980,16384,11097
288396,16384,10991
374288,16384,14200
380332,16384,14419
177180,8192,7429
283312,16384,10785
290548,16384,11195
367176,16384,13958
381792,16384,14584
177368,8192,7445
270096,16384,10207
332024,16384,12453
367256,16384,13993
237456,16384,8885
171448,8192,7086
141432,8192,6029
113180,8192,4695
177384,8192,7482
176864,8192,7421
175528,8192,7376
290352,16384,11151
274240,16384,10452
341008,16384,12959
338904,16384,12784
177232,8192,7442
358140,16384,13675
361268,16384,13630
319360,16384,11936
175132,8192,7304
158152,8192,6578
175480,8192,7326
382632,16384,14649
167228,8192,6932
381104,16384,14523
343096,16384,13020
238956,16384,8981
38024,2048,1999
340572,16384,12864
360256,16384,13510
171584,8192,7115
380716,16384,14466
276788,16384,10470
176100,8192,7388
83072,4096,3786
266528,16384,10027
133132,8192,5603
126984,8192,5261
270332,16384,10238
375588,16384,14232
180700,8192,7603
164312,8192,6758
352220,16384,13144
318468,16384,11885
254992,16384,9743
360848,16384,13571
286432,16384,10939
165928,8192,6837
165124,8192,6832
6320,512,430
78192,4096,3595
339104,16384,12791
279644,16384,10612
175428,8192,7320
340948,16384,12933
78708,4096,3609
134664,8192,5696
185208,8192,7821
175148,8192,7287
176264,8192,7373
271228,16384,10334
286184,16384,10889
132984,8192,5594
342860,16384,13053
79348,4096,3649
333132,16384,12611
175848,8192,7370
337628,16384,12754
331488,16384,12422
288128,16384,10997
164288,8192,6767
176432,8192,7354
164300,8192,6766
168136,8192,6961
342056,16384,12950
289600,16384,11131
323040,16384,12141
79424,4096,3659
341840,16384,12968
272092,16384,10370
337320,16384,12697
76364,4096,3490
331908,16384,12604
176704,8192,7406
322752,16384,12095
351816,16384,13136
288512,16384,11083
290528,16384,11191
76748,4096,3522
129276,8192,5392
194428,8192,8126
292144,16384,11273
309132,16384,11763
130628,8192,5479
245328,16384,9219
340768,16384,12918
168508,8192,7019
341372,16384,12955
148104,8192,6045
81440,4096,3779
175616,8192,7358
171544,8192,7178
20120,1024,1185
378208,16384,14421
320888,16384,11966
304124,16384,11700
168376,8192,7009
71184,4096,3243
176992,8192,7431
291996,16384,11260
381692,16384,14511
125752,8192,5244
147904,8192,6008
14772,1024,868
285680,16384,10878
367056,16384,13987
344816,16384,13177
153608,8192,6353
360636,16384,13563
121060,8192,4908
165324,8192,6903
161140,8192,6748
37988,2048,1991
281656,16384,10748
361216,16384,13850
312644,16384,11522
157480,8192,6522
124092,8192,5161
384936,16384,14756
362844,16384,13703
322072,16384,12038
176552,8192,7397
220720,16384,8077
171560,8192,7109
285680,16384,10871
104908,8192,4286
148296,8192,6054
177360,8192,7470
249828,16384,9525
342828,16384,13018
273516,16384,10395
267620,16384,10133
246060,16384,9286
376288,16384,14326
361988,16384,13696
373744,16384,14192
357224,16384,13636
161876,8192,6598
246208,16384,9328
112740,8192,4646
173500,8192,7221
154968,8192,6405
172436,8192,7124
176988,8192,7445
282456,16384,10774
84056,4096,3910
285868,16384,10907
267332,16384,10084
171652,8192,7116
338500,16384,12733
373380,16384,14181
339340,16384,12845
342964,16384,13040
254900,16384,9391
109860,8192,4487
236276,16384,8771
283852,16384,10771
339252,16384,12831
288416,16384,11010
175540,8192,7329
177420,8192,7478
289436,16384,11048
163240,8192,6655
377936,16384,14425
73912,4096,3315
365016,16384,13861
383388,16384,14689
76504,4096,3511
177228,8192,7441
342036,16384,12927
282916,16384,10807
28776,2048,1506
171020,8192,7097
132260,8192,5523
147292,8192,5991
317808,16384,11862
37040,2048,1913
380744,16384,14498
114744,8192,4813
359896,16384,13574
367300,16384,14000
28804,2048,1521
381992,16384,14602
85820,4096,4009
170032,8192,7078
286384,16384,10928
132344,8192,5540
172528,8192,7193
124472,8192,5165
356544,16384,13535
119520,8192,4868
80328,4096,3717
343116,16384,13074
288864,16384,11090
290708,16384,11187
376304,16384,14316
241540,16384,9059
322952,16384,12142
279108,16384,10640
151596,8192,6267
333656,16384,12496
343184,16384,13086
377992,16384,14416
77544,4096,3573
298636,16384,11407
358720,16384,13519
163656,8192,6734
75592,4096,3423
175364,8192,7327
114284,8192,4747
372640,16384,14115
176596,8192,7414
26288,2048,1372
358788,16384,13534
217036,8192,8750
172128,8192,7190
56840,4096,2601
315336,16384,11693
157220,8192,6531
175056,8192,7311
245288,16384,9223
333224,16384,12522
279064,16384,10673
176204,8192,7359
367252,16384,13989
301608,16384,11608
264408,16384,9847
168460,8192,7025
217792,16384,7950
224408,16384,8289
288696,16384,11049
364736,16384,13842
328356,16384,12364
364820,16384,13824
141760,8192,6015
70528,4096,3207
135268,8192,5717
57164,4096,2633
176564,8192,7388
152448,8192,6231
173524,8192,7268
133632,8192,5633
289440,16384,11089
27368,2048,1434
377140,16384,14334
246260,16384,9324
153472,8192,6315
382376,16384,14573
380428,16384,14409
342884,16384,13021
384648,16384,14736
323032,16384,12144
337436,16384,12731
148964,8192,6140
385048,16384,14726
176528,8192,7395
358964,16384,13586
289456,16384,11098
342024,16384,12977
156404,8192,6507
173300,8192,7223
222472,16384,8188
175608,8192,7368
333924,16384,12567
316716,16384,11771
331416,16384,12398
343924,16384,13026
318824,16384,11879
79440,4096,3684
177420,8192,7490
171444,8192,7101
173228,8192,7210
288328,16384,11072
157276,8192,6549
36460,2048,1909
289212,16384,11051
364900,16384,13819
360272,16384,13753
175504,8192,7345
77876,4096,3582
328316,16384,12244
329968,16384,12344
21788,1024,1285
177164,8192,7470
342144,16384,12970
157032,8192,6489
177400,8192,7481
385196,16384,14806
342940,16384,13044
237116,16384,8837
322924,16384,12168
363272,16384,13749
70380,4096,3178
177100,8192,7414
265424,16384,9907
81908,4096,3840
356940,16384,13469
271340,16384,10288
384972,16384,14765
289796,16384,11109
341312,16384,12927
80284,4096,3718
384844,16384,14717
342036,16384,12977
363648,16384,13801
287980,16384,10982
176256,8192,7388
367136,16384,13962
288600,16384,11047
327672,16384,12302
289504,16384,11120
360736,16384,13572
376484,16384,14325
80772,4096,3745
37912,2048,1989
245872,16384,9288
175684,8192,7371
176448,8192,7371
171760,8192,7116
357840,16384,13698
176680,8192,7412
176396,8192,7366
255812,16384,9451
159432,8192,6637
364148,16384,13726
171224,8192,7073
362360,16384,13706
253680,16384,9691
290404,16384,11177
289892,16384,11097
321368,16384,12032
288368,16384,11020
290060,16384,11117
172268,8192,7174
82012,4096,3835
354468,16384,13273
173396,8192,7247
345136,16384,13148
375740,16384,14260
175504,8192,7309
82192,4096,3842
286576,16384,10954
290264,16384,11124
240856,8192,9791
377192,16384,14333
290388,16384,11160
174708,8192,7272
278648,16384,10490
272964,16384,10315
177292,8192,7454
343500,16384,13041
340540,16384,12858
263028,16384,9884
342984,16384,13041
245736,16384,9270
386924,16384,14857
74712,4096,3377
173160,8192,7193
177328,8192,7471
372324,16384,14036
166680,8192,6918
245296,16384,9240
289296,16384,11055
259848,16384,9712
374160,16384,14179
345852,16384,13181
69120,4096,3112
170808,8192,7048
382700,16384,14661
124144,8192,5137
181992,8192,7529
181056,8192,7583
286344,16384,10943
288580,16384,11083
361196,16384,13575
237140,16384,8842
76704,4096,3544
177244,8192,7451
339840,16384,12828
79832,4096,3686
176112,8192,7340
269696,16384,10227
377644,16384,14393
378756,16384,14442
120828,8192,4957
168576,8192,7023
89628,4096,4194
366076,16384,13885
380544,16384,14472
275572,16384,10521
291100,16384,11186
341364,16384,12935
382328,16384,14574
284924,16384,10858
377776,16384,14346
275524,16384,10364
342968,16384,13049
172688,8192,7183
340400,16384,12888
343088,16384,13067
253644,16384,9585
79020,4096,3655
179408,8192,7598
173224,8192,7222
172836,8192,7191
175800,8192,7384
162556,8192,6825
168380,8192,7006
274532,16384,10440
176500,8192,7405
364948,16384,13785
255184,16384,9779
269900,16384,10175
270200,16384,10202
175488,8192,7339
80504,4096,3741
282856,16384,10793
365368,16384,13847
376704,16384,14350
338572,16384,12835
277256,16384,10470
341904,16384,12961
284608,16384,10808
180504,8192,7643
289292,16384,11058
156832,8192,6492
290416,16384,11189
290856,16384,11161
52332,4096,2425
163880,8192,6810
78900,4096,3645
363216,16384,13747
290272,16384,11127
340332,16384,12844
176372,8192,7368
175576,8192,7346
288832,16384,11067
359192,16384,13748
168124,8192,6977
342036,16384,12976
226032,16384,8412
288748,16384,11067
177248,8192,7445
358104,16384,13495
289892,16384,11161
177252,8192,7447
341524,16384,12980
174828,8192,7334
173204,8192,7204
111176,8192,4547
176944,8192,7410
290772,16384,11203
310500,16384,11449
236824,16384,8824
313440,16384,11593
171160,8192,7084
173292,8192,7231
340612,16384,12876
148344,8192,6094
290796,16384,11210
80596,4096,3761
270320,16384,10236
37752,2048,1962
334040,16384,12575
52708,4096,2410
288144,16384,11075
153816,8192,6326
167104,8192,6876
262204,16384,9822
173268,8192,7232
171008,8192,7088
114376,8192,4723
123608,4096,5478
343176,16384,13088
382940,16384,14658
292248,16384,11300
342944,16384,13047
249488,8192,10269
289996,16384,11127
342892,16384,13034
78116,4096,3572
58664,4096,2694
176436,8192,7389
76368,4096,3503
269576,16384,10220
149268,8192,6133
38180,2048,1973
356348,16384,13432
283452,16384,10803
174684,8192,7315
172700,8192,7186
330940,16384,12463
270944,16384,10266
265568,16384,9936
176912,8192,7423
283264,16384,10847
290392,16384,11145
374504,16384,14217
172188,8192,7122
154272,8192,6355
37808,2048,1963
176988,8192,7381
356444,16384,13399
136944,8192,5745
340920,16384,12894
175716,8192,7321
166440,8192,6871
63708,4096,2998
133144,8192,5625
342180,16384,13012
80120,4096,3694
287880,16384,10993
176208,8192,7374
128712,8192,5342
113020,8192,4686
89484,4096,4211
121976,8192,5001
246060,16384,9285
332296,16384,12450
173408,8192,7224
71364,4096,3244
173200,8192,7216
290468,16384,11176
343340,16384,13080
362920,16384,13734
242276,16384,9109
54592,4096,2449
364700,16384,13795
177204,8192,7431
174440,8192,7257
331304,16384,12410
360768,16384,13567
344148,16384,13071
132100,8192,5517
172392,8192,7130
170604,8192,7031
366772,16384,13929
165900,8192,6945
245316,16384,9232
168092,8192,6951
298932,16384,11476
174716,8192,7280
342408,16384,12958
156528,8192,6486
378036,16384,14397
361008,16384,13814
53180,4096,2475
149292,8192,6150
290408,16384,11161
218720,8192,8838
372372,16384,14064
11736,1024,703
361504,16384,13622
157268,8192,6545
172740,8192,7184
88472,4096,4118
213560,16384,7746
274148,16384,10472
173200,8192,7204
285276,16384,10818
367212,16384,13989
378392,16384,14474
271068,16384,10337
173140,8192,7185
166276,8192,6834
331832,16384,12562
36328,2048,1883
149080,8192,6129
246168,16384,9317
32680,2048,1687
354264,16384,13539
128984,8192,5368
246064,16384,9331
289508,16384,11069
333716,16384,12565
123616,8192,5095
343184,16384,13015
281632,16384,10715
172732,8192,7197
27300,2048,1428
167580,8192,6920
329844,16384,12318
366548,16384,13923
168160,8192,6964
366688,16384,13960
366612,16384,13908
331564,16384,12487
366292,16384,13919
185948,8192,7511
128656,8192,5328
381076,16384,14543
226364,16384,8451
80524,4096,3730
153752,8192,6353
40960,2048,2092
157040,8192,6507
305288,16384,11737
80224,4096,3683
277672,16384,10497
166684,8192,6869
342520,16384,12991
157144,8192,6529
382028,16384,14543
152736,8192,6289
289436,16384,11107
281208,16384,10685
268496,16384,10100
376740,16384,14403
367124,16384,13955
363388,16384,13779
288652,16384,11043
378204,16384,14421
331712,16384,12443
167040,8192,6958
290264,16384,11156
361064,16384,13591
176796,8192,7426
361688,16384,13682
79880,4096,3692
77548,4096,3517
233272,16384,8651
357444,16384,13664
24956,2048,1260
268932,16384,10139
123228,8192,5080
385980,16384,14763
37128,2048,1922
287928,16384,10989
333736,16384,12532
377140,16384,14306
8256,512,567
301548,16384,11654
246096,16384,9301
270376,16384,10250
173288,8192,7220
364816,16384,13823
383096,16384,14686
290432,16384,11170
80352,4096,3703
70900,4096,3230
175716,8192,7351
290384,16384,11199
37952,2048,1982
153120,8192,6296
172780,8192,7182
331284,16384,12526
164048,8192,6698
374276,16384,14209
166484,8192,6895
366908,16384,13963
287700,16384,10988
289336,16384,11066
288388,16384,11021
80456,4096,3713
363340,16384,13735
147764,8192,6033
170788,8192,7028
381592,16384,14574
319632,16384,11923
326996,16384,12244
322696,16384,12105
285560,16384,10985
132688,8192,5567
177432,8192,7492
150048,8192,6199
339652,16384,12928
16896,1024,1004
289996,16384,11169
60656,4096,2838
315560,16384,11741
116228,8192,4844
308260,16384,11312
67460,4096,3037
382168,16384,14562
378068,16384,14433
155552,8192,6418
132936,8192,5585
289524,16384,11131
340956,16384,12886
265232,16384,9976
177204,8192,7437
286684,16384,10987
151900,8192,6274
260780,16384,9735
236508,16384,8819
274768,16384,10287
37840,2048,1970
342184,16384,12969
168292,8192,7000
289796,16384,11120
362828,16384,13953
372748,16384,14113
270156,16384,10185
172504,8192,7153
342144,16384,12975
83760,4096,3836
279748,16384,10593
363336,16384,13757
132364,8192,5550
335936,16384,12559
180688,8192,7606
156096,8192,6447
383328,16384,14678
223384,16384,8262
133388,8192,5645
12352,1024,731
177480,8192,7483
177440,8192,7467
148252,8192,6064
33880,2048,1749
123320,8192,5086
385528,16384,14781
166424,8192,6881
358168,16384,13509
80460,4096,3719
157324,8192,6562
286520,16384,10952
172296,8192,7169
345216,16384,13163
132992,8192,5598
175484,8192,7322
177260,8192,7449
176608,8192,7399
281136,16384,10826
171564,8192,7111
361384,16384,13602
381440,16384,14528
171304,8192,7073
338836,16384,12771
173296,8192,7228
269476,16384,10197
36728,2048,1886
138164,8192,5869
176360,8192,7370
154912,8192,6408
331188,16384,12519
177192,8192,7432
60312,4096,2790
104668,8192,4258
339204,16384,12817
287952,16384,11008
341032,16384,12886
177408,8192,7491
147336,8192,5971
340308,16384,12869
147460,8192,6016
342040,16384,12997
176336,8192,7348
176960,8192,7434
165412,8192,6920
332396,16384,12488
57328,4096,2659
133700,8192,5615
112592,8192,4639
167872,8192,6944
224352,16384,8278
278708,16384,10668
290516,16384,11183
171284,8192,7072
176948,8192,7403
320252,16384,11914
365532,16384,13841
173160,8192,7227
380784,16384,14504
175360,8192,7328
177128,8192,7416
290216,16384,11184
308564,16384,11985
330220,16384,12362
175564,8192,7347
338884,16384,12817
77868,4096,3542
78300,4096,3561
176304,8192,7383
226404,16384,8408
372768,16384,14130
378824,16384,14497
177336,8192,7486
177112,8192,7430
245796,16384,9269
324648,16384,12232
223044,16384,8240
284576,16384,10806
284372,16384,10786
172940,8192,7213
327868,16384,12134
340964,16384,12906
365460,16384,13848
286096,16384,10911
361692,16384,13639
290880,16384,11199
173256,8192,7233
383052,16384,14653
133040,8192,5595
115824,8192,4813
272208,16384,10376
146604,8192,5975
131400,8192,5500
347940,16384,13115
166728,8192,6876
33888,2048,1736
265688,16384,10009
376136,16384,14273
157100,8192,6512
221624,16384,8122
376564,16384,14316
176832,8192,7383
60688,4096,2819
289352,16384,11069
362936,16384,13673
178688,8192,7494
174604,8192,7283
83936,4096,3867
133948,8192,5661
172504,8192,7173
342780,16384,12989
333896,16384,12597
37896,2048,1986
237140,16384,8853
171812,8192,7174
290384,16384,11155
176768,8192,7438
266088,16384,9951
175984,8192,7370
121664,8192,4992
128860,8192,5335
373800,16384,14185
288084,16384,10998
284668,16384,10812
266144,16384,10003
290532,16384,11186
331384,16384,12506
147312,8192,5992
103240,8192,4178
72968,4096,3345
342680,16384,12969
18488,1024,1086
286504,16384,10933
281788,16384,10750
176224,8192,7352
157924,8192,6568
175100,8192,7290
266992,16384,10043
368580,16384,14047
382480,16384,14603
266708,16384,10048
359560,16384,13563
168624,8192,7031
153004,8192,6278
80668,4096,3750
255044,16384,9759
365808,16384,13930
380964,16384,14492
283260,16384,10926
154932,8192,6388
290992,16384,11177
289892,16384,11148
244024,16384,9230
338900,16384,12776
287776,16384,10991
372492,16384,14083
57656,4096,2654
175504,8192,7331
340612,16384,12818
144160,8192,6164
270564,16384,10301
371784,16384,14018
177416,8192,7476
342600,16384,13018
268788,16384,10140
74048,4096,3319
175540,8192,7340
225292,16384,8323
175636,8192,7361
332280,16384,12473
176636,8192,7417
338932,16384,12796
176556,8192,7401
341240,16384,12908
322744,16384,12105
166656,8192,6895
287984,16384,11000
288628,16384,11049
290284,16384,11146
172404,8192,7227
61420,4096,2894
286384,16384,10967
176568,8192,7401
175100,8192,7263
311848,16384,11499
170924,8192,7068
173240,8192,7230
362180,16384,13728
255248,16384,9798
356384,16384,13397
175512,8192,7328
178120,8192,7535
281500,16384,10726
267864,16384,10101
377728,16384,14394
177228,8192,7446
177988,8192,7519
284760,16384,10833
278952,16384,10649
177288,8192,7452
344816,16384,13099
353128,16384,13228
362600,16384,13717
380760,16384,14486
250396,16384,9471
368492,16384,14044
80516,4096,3744
132120,8192,5511
173156,8192,7208
254952,16384,9769
363500,16384,13802
26264,2048,1366
132240,8192,5535
132728,8192,5569
80260,4096,3712
282600,16384,10885
359352,16384,13788
365196,16384,13855
226144,16384,8404
131688,8192,5526
337128,16384,12745
260088,16384,9765
175504,8192,7342
89440,4096,4199
265432,16384,9969
175612,8192,7353
268224,16384,10131
339016,16384,12805
365032,16384,13881
38572,2048,2027
246088,16384,9297
290564,16384,11189
345992,16384,13201
175300,8192,7328
341908,16384,12951
270296,16384,10241
175444,8192,7354
174660,8192,7249
340952,16384,12880
163664,8192,6803
374072,16384,14169
104636,8192,4266
307428,16384,11244
77520,4096,3559
342728,16384,13025
362520,16384,13706
319904,16384,11927
342804,16384,12995
32808,2048,1688
147292,8192,5971
104812,8192,4293
366504,16384,13929
177052,8192,7446
342984,16384,13040
363736,16384,13733
160892,8192,6734
245820,16384,9280
242688,16384,9136
85632,4096,3977
152168,8192,6224
86400,4096,3999
156960,8192,6490
268408,16384,10122
177300,8192,7464
380804,16384,14503
172712,8192,7193
173292,8192,7221
177412,8192,7483
357076,16384,13594
163556,8192,6708
131600,8192,5491
288756,16384,11063
286772,16384,10947
152480,8192,6242
167896,8192,6958
175768,8192,7366
173288,8192,7226
141264,8192,5998
156976,8192,6519
167168,8192,6913
332136,16384,12585
318864,16384,11871
159320,8192,6614
128728,8192,5334
364296,16384,13742
165052,8192,6813
171608,8192,7116
340468,16384,12872
173068,8192,7219
337448,16384,12730
362860,16384,13724
332080,16384,12538
173260,8192,7293
173424,8192,7260
133060,8192,5611
173156,8192,7192
357968,16384,13522
177356,8192,7479
157164,8192,6521
60200,4096,2779
175204,8192,7304
164076,8192,6743
342400,16384,13018
281024,16384,10647
290372,16384,11169
283092,16384,10817
177372,8192,7478
367248,16384,13981
318012,16384,11862
163652,8192,6716
290324,16384,11157
168192,8192,6976
286540,16384,10993
154988,8192,6406
223936,16384,8244
356492,16384,13412
171472,8192,7088
276276,16384,10425
280476,16384,10615
342336,16384,12990
320364,16384,11914
89116,4096,4170
81296,4096,3763
340244,16384,12854
20396,1024,1210
331956,16384,12588
173404,8192,7249
167404,8192,6949
132956,8192,5590
175160,8192,7285
242308,16384,9120
289604,16384,11106
127488,8192,5327
288128,16384,11019
167860,8192,6945
280776,16384,10658
227836,16384,8510
342472,16384,12960
318692,16384,11866
289776,16384,11114
339848,16384,12829
339660,16384,12887
343028,16384,13025
337660,16384,12739
143760,8192,5807
290096,16384,11158
320076,16384,11950
363640,16384,13742
343256,16384,13109
168408,8192,7012
338236,16384,12766
142016,8192,6058
175424,8192,7316
168316,8192,6989
178936,8192,7548
363296,16384,13771
80512,4096,3760
177180,8192,7456
342572,16384,12970
290344,16384,11145
91544,4096,4202
340860,16384,12874
162280,8192,6772
338108,16384,12763
304724,16384,11780
287936,16384,10991
176884,8192,7416
341188,16384,12913
279176,16384,10577
355612,16384,13327
33552,2048,1704
279572,16384,10755
163368,8192,6679
130920,8192,5481
168196,8192,6976
56480,4096,2591
290396,16384,11173
39348,2048,2034
174672,8192,7251
289912,16384,11149
373156,16384,14101
133732,8192,5610
366892,16384,13946
362048,16384,13711
130616,8192,5433
242468,16384,9082
56484,4096,2592
27104,2048,1401
132820,8192,5573
265900,16384,9942
286676,16384,10979
38112,2048,2017
173056,8192,7210
271848,16384,10360
363664,16384,13710
340508,16384,12871
139812,8192,5880
340552,16384,12929
280896,16384,10699
177244,8192,7445
123888,8192,5115
331144,16384,12508
352856,16384,13217
270212,16384,10225
286156,16384,10922
33120,2048,1767
285900,16384,10929
334272,16384,12575
153040,8192,6261
156776,8192,6474
79884,4096,3694
153320,8192,6325
365432,16384,13869
77940,4096,3596
265616,16384,9953
266036,16384,9982
270316,16384,10247
273836,16384,10412
377416,16384,14354
336700,16384,12671
171556,8192,7113
249104,16384,9456
270380,16384,10250
254328,16384,9726
173608,8192,7224
284592,16384,10842
370092,16384,14105
176768,8192,7439
176268,8192,7382
162928,8192,6682
270516,16384,10259
157064,8192,6510
172576,8192,7168
59656,4096,2784
75620,4096,3429
176996,8192,7416
358512,16384,13512
167400,8192,6922
289968,16384,11158
322028,16384,12026
132116,8192,5540
246820,16384,9349
138004,8192,5825
339052,16384,12827
270312,16384,10233
135764,8192,5679
373196,16384,14110
277656,16384,10592
341956,16384,12961
281144,16384,10653
357988,16384,13460
177248,8192,7452
156996,8192,6481
339036,16384,12770
80196,4096,3703
365656,16384,13892
172716,8192,7141
172188,8192,7141
87696,4096,3988
154756,8192,6370
246276,16384,9351
383820,16384,14753
171996,8192,7111
217136,16384,7929
130648,8192,5473
366884,16384,13917
290888,16384,11184
290352,16384,11151
59924,4096,2752
319032,16384,11918
178440,8192,7474
333980,16384,12566
177504,8192,7462
339048,16384,12808
339312,16384,12795
177332,8192,7467
272896,16384,10312
177312,8192,7468
287932,16384,11007
288276,16384,11035
288780,16384,11074
329964,16384,12346
177816,8192,7509
281164,16384,10711
164584,8192,6825
342184,16384,12970
78328,4096,3589
175284,8192,7316
384380,16384,14672
157172,8192,6520
366900,16384,13922
289612,16384,11090
255268,16384,9799
337520,16384,12752
177336,8192,7464
378332,16384,14457
148832,8192,6099
290660,16384,11180
146228,8192,5897
287960,16384,10981
362480,16384,13687
375824,16384,14275
157940,8192,6581
364236,16384,13832
178192,8192,7531
79648,4096,3657
177520,8192,7514
366504,16384,13928
338028,16384,12725
155336,8192,6431
342740,16384,13051
41392,2048,2162
133652,8192,5640
133076,8192,5603
288392,16384,11044
80400,4096,3712
265652,16384,10043
71008,4096,3236
290344,16384,11145
171572,8192,7111
144252,8192,5851
340132,16384,12900
54964,4096,2505
176716,8192,7393
376244,16384,14331
171620,8192,7112
8808,512,627
165864,8192,6826
173184,8192,7226
176992,8192,7431
343088,16384,13063
333560,16384,12601
124740,8192,5191
256548,16384,9796
277908,16384,10485
167184,8192,6891
331988,16384,12469
264936,16384,10041
366884,16384,13946
343384,16384,13087
247008,16384,9394
352460,16384,13214
32876,2048,1692
378744,16384,14508
27200,2048,1409
176420,8192,7351
318488,16384,11862
109388,8192,4462
268280,16384,10076
142016,8192,6067
259496,16384,9634
312076,16384,11520
342028,16384,12926
269640,16384,10177
110436,8192,4501
139984,4096,6208
138616,8192,5927
279660,16384,10582
224452,16384,8257
286408,16384,10929
360824,16384,13603
163656,8192,6718
132208,8192,5514
342656,16384,12980
289768,16384,11049
358772,16384,13533
355108,16384,13322
290496,16384,11183
322816,16384,12108
177068,8192,7428
366764,16384,13930
160568,8192,6667
375488,16384,14240
125784,8192,5252
342468,16384,12991
342544,16384,13042
172204,8192,7151
308844,16384,11994
167780,8192,6949
281364,16384,10688
322924,16384,12122
279596,16384,10558
182140,8192,7561
364032,16384,13760
340384,16384,12841
342252,16384,12982
361384,16384,13876
358124,16384,13625
85860,4096,4043
176540,8192,7410
385140,16384,14736
285420,16384,10855
168292,8192,7000
288644,16384,11027
80544,4096,3735
166592,8192,6891
177324,8192,7461
362384,16384,13700
136872,8192,5800
173708,8192,7266
153048,8192,6267
164356,8192,6769
365380,16384,13840
331620,16384,12553
37820,2048,1978
173196,8192,7210
77188,4096,3552
328296,16384,12246
20104,1024,1178
77896,4096,3574
153088,8192,6284
261172,16384,9789
384376,16384,14665
362340,16384,13671
343016,16384,13048
84132,4096,3933
281664,16384,10768
157288,8192,6537
245564,16384,9285
380704,16384,14479
381036,16384,14550
165960,8192,6865
383348,16384,14700
309412,16384,11370
180884,8192,7635
146092,8192,5919
141460,8192,6004
284744,16384,10880
270296,16384,10228
242060,16384,9054
347596,16384,13103
104004,8192,4232
276572,16384,10434
361480,16384,13625
242096,16384,9068
383236,16384,14683
343352,16384,13083
36108,2048,1866
176776,8192,7398
175388,8192,7318
174800,8192,7283
171556,8192,7091
338564,16384,12770
286236,16384,10904
303964,16384,11698
132072,8192,5514
270528,16384,10276
38128,2048,1995
338612,16384,12756
352428,16384,13159
37904,2048,1987
301472,16384,11622
135052,4096,5999
261236,16384,9764
176364,8192,7394
340620,16384,12862
176552,8192,7402
57064,4096,2609
176180,8192,7374
177372,8192,7478
175896,8192,7366
177220,8192,7439
177060,8192,7443
125392,8192,5235
175484,8192,7322
342208,16384,12986
36956,2048,1881
374096,16384,14222
254848,16384,9738
49632,4096,2223
69708,4096,3135
154732,8192,6359
360804,16384,13591
359436,16384,13585
339028,16384,12832
262380,16384,9842
351900,16384,13398
177224,8192,7440
281392,16384,10890
243596,16384,9150
281244,16384,10679
180456,8192,7608
288984,16384,11076
78932,4096,3636
287980,16384,11004
331580,16384,12537
314552,16384,11695
368224,16384,14070
338192,16384,12736
177156,8192,7446
368484,16384,14008
288548,16384,11044
290412,16384,11161
174732,8192,7262
288064,16384,11019
79568,4096,3651
129084,8192,5389
132212,8192,5533
322928,16384,12106
176272,8192,7386
377884,16384,14385
314456,16384,11749
276528,16384,10444
275224,16384,10468
171608,8192,7105
156156,8192,6474
174564,8192,7238
269116,16384,10207
269016,16384,10149
288628,16384,11036
175400,8192,7311
176468,8192,7431
269964,16384,10215
167772,8192,6978
376428,16384,14347
281372,16384,10721
84148,4096,3883
270072,16384,10222
36852,2048,1916
79084,4096,3674
302432,16384,11734
131332,8192,5490
176628,8192,7398
177248,8192,7452
16236,1024,956
167928,8192,6957
168312,8192,6984
336516,16384,12637
174632,8192,7266
280928,16384,10707
187736,8192,7894
122300,8192,5035
290332,16384,11136
38000,2048,1995
333668,16384,12542
245208,16384,9264
171480,8192,7089
376280,16384,14274
85500,4096,3966
175032,8192,7337
375504,16384,14211
366796,16384,13933
168372,8192,7016
281388,16384,10700
340376,16384,12833
323596,16384,12135
267736,16384,10034
164152,8192,6747
131084,8192,5460
378236,16384,14426
289732,16384,11121
77908,4096,3537
290276,16384,11163
155612,8192,6446
284520,16384,10836
290460,16384,11173
210436,8192,8406
172408,8192,7261
190628,8192,7786
257440,16384,9571
314216,16384,11684
291776,16384,11315
155076,8192,6381
343060,16384,13060
328964,16384,12297
286512,16384,10939
280876,16384,10705
172980,8192,7192
172484,8192,7153
290504,16384,11168
224584,16384,8295
174704,8192,7271
372496,16384,14079
343076,16384,13080
180892,8192,7641
380400,16384,14457
155324,8192,6410
230844,16384,8681
165216,8192,6816
286176,16384,10935
325908,16384,12607
168452,8192,7024
304912,16384,11780
177176,8192,7435
157660,8192,6570
340852,16384,12892
89160,4096,4161
132824,8192,5570
60520,4096,2821
341440,16384,12970
314604,16384,11705
173260,8192,7238
308560,16384,11988
375964,16384,14267
353576,16384,13254
73092,4096,3361
361352,16384,13619
111948,8192,4641
278440,16384,10522
244932,16384,9206
351660,16384,13094
40984,2048,2144
115284,8192,4825
129012,8192,5351
174312,8192,7211
289264,16384,11141
172588,8192,7174
36316,2048,1890
278924,16384,10563
288668,16384,11050
307908,16384,11937
133828,8192,5612
377528,16384,14382
380560,16384,14459
338524,16384,12754
58644,4096,2694
177200,8192,7434
280976,16384,10640
168996,8192,7023
241100,8192,9814
342468,16384,12973
289140,16384,11115
173396,8192,7252
384496,16384,14664
267888,16384,10063
177212,8192,7449
385660,16384,14818
331128,16384,12339
175588,8192,7355
312740,16384,11568
27220,2048,1414
168116,8192,6971
35396,2048,1822
358472,16384,13569
109296,8192,4458
292204,16384,11306
166496,8192,6884
246156,16384,9297
173196,8192,7198
270320,16384,10235
236952,16384,8807
87072,4096,4035
373580,16384,14174
331916,16384,12578
156004,8192,6437
80432,4096,3723
345488,16384,13088
173108,8192,7219
76164,4096,3500
287316,16384,10956
360480,16384,13561
355116,16384,13369
278488,16384,10672
176344,8192,7403
370168,16384,14098
173460,8192,7251
163272,8192,6701
270372,16384,10239
342412,16384,13021
364792,16384,13833
157188,8192,6528
83248,4096,3836
131480,8192,5526
174220,8192,7267
284240,16384,10775
289872,16384,11133
175756,8192,7377
176544,8192,7377
337368,16384,12704
37708,2048,1950
290736,16384,11220
47780,4096,2156
242204,16384,9094
270252,16384,10223
243908,16384,9180
290000,16384,11154
208960,8192,8347
173548,8192,7273
166660,8192,6874
286388,16384,10937
381280,16384,14555
386200,16384,14816
36896,2048,1907
75812,4096,3444
367208,16384,13971
133128,8192,5612
244808,16384,9277
357476,16384,13656
312196,16384,11565
385596,16384,14830
157004,8192,6525
173384,8192,7206
285996,16384,10902
375812,16384,14273
176464,8192,7392
56504,4096,2585
175424,8192,7307
344312,16384,13136
276924,16384,10458
360536,16384,13526
168248,8192,6989
171732,8192,7151
277008,16384,10484
70404,4096,3208
80456,4096,3728
244092,16384,9179
290124,16384,11133
270832,16384,10301
341396,16384,12943
366792,16384,13925
342600,16384,13009
285512,16384,10914
313944,16384,11665
333116,16384,12522
176736,8192,7430
318028,16384,11910
158832,8192,6651
176228,8192,7369
175660,8192,7353
154652,8192,6336
162260,8192,6832
55048,4096,2498
361716,16384,13679
162556,8192,6651
31468,2048,1588
284660,16384,10856
376280,16384,14310
246100,16384,9300
132104,8192,5537
381776,16384,14531
172972,8192,7227
289340,16384,11083
163328,8192,6702
246092,16384,9298
153112,8192,6289
269608,16384,10207
148144,8192,6059
134088,8192,5698
187516,8192,7834
219628,16384,7988
341420,16384,12957
155328,8192,6395
342352,16384,13000
173204,8192,7216
375960,16384,14298
337244,16384,12696
166040,8192,6980
133212,8192,5628
364780,16384,13811
319580,16384,11943
363180,16384,13807
245112,16384,9226
133188,8192,5617
177600,8192,7487
174632,8192,7275
381764,16384,14577
174976,8192,7343
346524,16384,13223
338324,16384,12818
341296,16384,12922
81148,4096,3779
301760,16384,11690
168120,8192,6968
167976,8192,6970
32320,2048,1659
155256,8192,6381
381732,16384,14605
156588,8192,6496
364900,16384,13833
364196,16384,13783
174844,8192,7291
69900,4096,3172
164432,8192,6863
270352,16384,10244
382920,16384,14625
329900,16384,12327
245792,16384,9273
176164,8192,7353
382356,16384,14613
178476,8192,7495
286660,16384,10979
266616,16384,10062
245904,16384,9263
124160,8192,5136
289468,16384,11103
288880,16384,11100
167960,8192,6997
142364,4096,6326
260464,16384,9682
330492,16384,12408
129924,8192,5409
245920,8192,10028
272640,16384,10387
175048,8192,7278
172676,8192,7185
366192,16384,13898
96008,4096,4396
287828,16384,10965
310780,16384,11485
174524,8192,7259
286400,16384,10911
73740,4096,3393
168232,8192,6986
339488,16384,12855
244172,16384,9261
362936,16384,13726
249036,16384,9443
165388,8192,6772
366328,16384,13869
278636,16384,10633
331780,16384,12543
147828,8192,6033
288224,16384,11011
177140,8192,7432
141652,8192,6024
165632,8192,6833
162632,8192,6822
11144,1024,658
340356,16384,12828
116032,8192,4814
177908,8192,7472
322748,16384,12100
337480,16384,12738
332892,16384,12514
306420,16384,11852
177140,8192,7403
172344,8192,7135
73396,4096,3388
284916,16384,10877
336692,16384,12672
70472,4096,3213
366800,16384,13954
177356,8192,7491
67244,4096,3015
342800,16384,12994
282996,16384,10823
342376,16384,13014
290448,16384,11171
104688,8192,4268
286604,16384,10978
80788,4096,3750
136548,8192,5786
78584,4096,3581
340364,16384,12888
381588,16384,14587
147892,8192,6031
281392,16384,10711
89604,4096,4196
173608,8192,7262
177112,8192,7461
366448,16384,13947
284732,16384,10890
172232,8192,7133
246344,16384,9344
175180,8192,7298
167768,8192,6925
157012,8192,6501
343088,16384,13062
155812,8192,6439
291460,16384,11231
176972,8192,7427
176896,8192,7419
245252,16384,9233
144692,8192,6157
176444,8192,7385
147268,8192,6027
312624,16384,11962
177288,8192,7456
171280,8192,7086
266824,16384,10081
287324,16384,10998
323048,16384,12136
59656,4096,2738
378240,16384,14447
172464,8192,7149
353392,16384,13450
292384,16384,11260
80464,4096,3726
174888,8192,7357
250416,16384,9466
269908,16384,10209
364136,16384,13781
342920,16384,13025
321132,16384,12292
309864,16384,11798
362356,16384,13703
138092,8192,5839
145056,8192,5911
173148,8192,7195
244448,16384,9208
347968,16384,13331
138928,4096,6162
360512,16384,13640
329936,16384,12434
404852,16384,15433
166556,8192,6882
240320,16384,8945
60464,4096,2811
266544,16384,10043
78624,4096,3620
176912,8192,7417
111928,8192,4602
132892,8192,5582
332008,16384,12606
249056,16384,9448
358524,16384,13709
289604,16384,11106
285008,16384,10855
176172,8192,7375
284668,16384,10810
270248,16384,10222
334612,16384,12611
166108,8192,6966
168352,8192,7015
321036,16384,11971
52316,4096,2416
324968,16384,12232
79772,4096,3683
356208,16384,13516
8624,512,604
157088,8192,6505
364372,16384,13760
149528,8192,6171
235336,16384,8734
177216,8192,7438
89584,4096,4220
365420,16384,13847
60456,4096,2825
286580,16384,10973
127384,8192,5244
284340,16384,10764
224320,16384,8330
382460,16384,14607
363192,16384,13741
341480,16384,12925
383144,16384,14650
265696,16384,10200
121192,8192,5065
172288,8192,7140
177612,8192,7488
373800,16384,14183
257432,16384,9808
171888,8192,7175
173084,8192,7192
164364,8192,6787
358664,16384,13560
168236,8192,6985
339000,16384,12858
75308,4096,3415
168296,8192,7002
337200,16384,12700
318468,16384,11920
142668,8192,6096
340364,16384,12849
157204,8192,6528
329808,16384,12309
381156,16384,14488
361948,16384,13620
222080,16384,8161
279664,16384,10605
286372,16384,10903
290588,16384,11201
33868,2048,1762
304508,16384,11739
290520,16384,11193
128996,8192,5364
122696,8192,5053
362148,16384,13919
311080,16384,11435
331096,16384,12535
281360,16384,10670
364176,16384,13801
382520,16384,14601
168240,8192,7015
172352,8192,7136
80824,4096,3772
172432,8192,7171
267856,16384,10068
255372,16384,9825
255104,16384,9759
245376,16384,9306
104096,8192,4216
286176,16384,10888
55004,4096,2494
176628,8192,7404
285592,16384,10853
157976,8192,6592
257528,16384,9593
173068,8192,7173
27268,2048,1414
283248,16384,10842
277372,16384,10475
177028,8192,7403
59560,4096,2754
168240,8192,6999
76508,4096,3515
338408,16384,12719
362684,16384,13743
364504,16384,13793
234076,16384,8693
281460,16384,10700
317120,16384,11771
176400,8192,7390
338164,16384,12727
175488,8192,7327
127276,8192,5255
80508,4096,3742
80360,4096,3701
157784,8192,6582
21508,1024,1260
330184,16384,12371
340544,16384,12881
162532,8192,6640
338880,16384,12784
342044,16384,12935
132364,8192,5550
73164,4096,3382
176812,8192,7409
339812,16384,12873
362616,16384,13646
322824,16384,12093
176680,8192,7428
287808,16384,11091
308156,16384,11977
383768,16384,14677
380564,16384,14486
333872,16384,12538
364216,16384,13726
228472,16384,8536
166464,8192,6859
133076,8192,5599
158024,8192,6541
19448,1024,1118
289512,16384,11077
279644,16384,10593
245616,16384,9303
175352,8192,7338
24644,2048,1231
291552,16384,11256
380668,16384,14466
284528,16384,10820
132988,8192,5567
169988,8192,7109
112148,8192,4608
290228,16384,11163
170916,8192,7077
259512,16384,9670
95088,4096,4346
288704,16384,11039
339068,16384,12870
176956,8192,7417
342020,16384,12941
172592,8192,7148
89296,4096,4197
76420,4096,3485
359272,16384,13784
282944,16384,10827
287708,16384,10984
380192,16384,14502
175416,8192,7314
76240,4096,3486
170060,8192,7045
225956,16384,8362
254488,16384,9728
38084,2048,2015
281252,16384,10745
343048,16384,13058
286784,16384,10970
173312,8192,7231
338732,16384,12779
168308,8192,6988
128416,8192,5336
155824,8192,6437
342400,16384,12961
164400,8192,6761
343908,16384,13143
80360,4096,3705
313012,16384,11561
89068,4096,4153
174536,8192,7262
36456,2048,1909
279632,16384,10579
51368,4096,2341
244256,16384,9192
285040,16384,10869
148304,8192,6078
172712,8192,7205
279088,16384,10555
374116,16384,14188
61448,4096,2877
284640,16384,10815
383008,16384,14649
284864,16384,10847
290364,16384,11149
129832,8192,5432
382712,16384,14652
286472,16384,10962
330832,16384,12436
39392,2048,2035
280288,16384,10606
177260,8192,7449
339044,16384,12823
233700,16384,8665
37976,2048,1989
176160,8192,7336
340740,16384,12844
279408,16384,10619
176564,8192,7388
18248,1024,1048
84764,4096,3903
332972,16384,12508
323024,16384,12099
176396,8192,7383
157308,8192,6547
79680,4096,3668
387220,16384,14901
156884,8192,6468
377760,16384,14422
338936,16384,12793
290156,16384,11158
153764,8192,6330
291116,16384,11195
317056,16384,11739
175560,8192,7344
290320,16384,11138
174804,8192,7286
17784,1024,1049
290360,16384,11148
281188,16384,10697
168500,8192,7035
322740,16384,12076
150948,8192,6243
7792,512,541
175196,8192,7319
167360,8192,6907
362304,16384,13679
290416,16384,11163
267892,16384,10062
361776,16384,13749
26240,2048,1355
161192,8192,6766
280696,16384,10651
193080,8192,8126
279908,16384,10617
291852,16384,11236
376864,16384,14390
60448,4096,2819
267724,16384,10086
177216,8192,7433
342620,16384,12987
52164,4096,2411
360784,16384,13588
245728,16384,9288
279068,16384,10696
83760,4096,3843
340956,16384,12886
132512,8192,5591
80552,4096,3749
177128,8192,7416
124168,8192,5154
270064,16384,10203
373572,16384,14129
361508,16384,13603
329420,16384,12318
380672,16384,14465
374460,16384,14210
78212,4096,3612
330820,16384,12392
323724,16384,12135
333832,16384,12562
278296,16384,10548
337080,16384,12654
112976,8192,4680
255372,16384,9821
173512,8192,7278
241264,16384,8985
366068,16384,13825
111260,8192,4563
360792,16384,13585
122532,8192,5044
323012,16384,12096
337752,16384,12697
78036,4096,3604
132640,8192,5579
338080,16384,12744
382456,16384,14620
277660,16384,10518
361760,16384,13655
362012,16384,13637
129084,8192,5376
342896,16384,13032
84600,4096,3998
281268,16384,10717
284752,16384,10831
289932,16384,11158
312952,16384,11998
37544,2048,1958
275888,16384,10387
286640,16384,10988
74740,4096,3373
342948,16384,13032
79788,4096,3679
282028,16384,10842
176744,8192,7427
281764,16384,10745
38368,2048,1965
176688,8192,7423
363068,16384,13727
175460,8192,7353
81148,4096,3769
132292,8192,5532
244404,16384,9198
343004,16384,13046
156488,8192,6476
289828,16384,11124
287252,16384,11005
357064,16384,13603
80636,4096,3773
376280,16384,14284
380696,16384,14471
118348,8192,5007
51724,4096,2377
329248,16384,12370
143712,8192,6019
165320,8192,6940
360376,16384,13789
175356,8192,7290
176544,8192,7398
126592,8192,5295
267188,16384,10061
177176,8192,7429
176956,8192,7405
381536,16384,14551
80444,4096,3727
353004,16384,13173
71704,4096,3291
341276,16384,12906
367152,16384,13975
173768,8192,7260
301628,16384,11657
163164,8192,6655
333876,16384,12557
16804,1024,990
380812,16384,14499
373364,16384,14121
289796,16384,11119
245652,16384,9273
365744,16384,13887
381148,16384,14499
104772,8192,4266
243752,16384,9178
226260,16384,8416
141928,8192,6073
208148,8192,8316
155136,8192,6369
288464,16384,11059
171680,8192,7128
146448,8192,5941
177496,8192,7460
177284,8192,7456
362916,16384,13749
180564,8192,7567
338868,16384,12780
67572,4096,3043
173884,8192,7240
287852,16384,11061
334488,16384,12584
340660,16384,12904
340768,16384,12934
241764,16384,9065
266816,16384,10046
128748,8192,5342
357048,16384,13486
157572,8192,6545
270468,16384,10255
282476,16384,10778
343056,16384,13079
149340,8192,6150
313804,16384,11647
290168,16384,11133
366216,16384,13938
151992,8192,6229
152424,8192,6313
174704,8192,7276
342076,16384,12942
284036,16384,10769
245460,16384,9264
372496,16384,14084
175556,8192,7328
104952,8192,4289
107400,8192,4322
294904,16384,11385
290028,16384,11098
241160,16384,9038
175264,8192,7267
33812,2048,1734
168304,8192,7003
342760,16384,13017
167208,8192,6902
322100,16384,12028
246148,16384,9312
178984,8192,7560
353572,16384,13384
246824,16384,9352
374416,16384,14189
290508,16384,11174
364896,16384,13849
175552,8192,7338
269988,16384,10186
289904,16384,11146
217712,16384,7960
58252,4096,2701
245320,16384,9231
172964,8192,7182
338600,16384,12725
322148,16384,12020
168356,8192,7011
191272,8192,7978
52364,4096,2414
336556,16384,12572
285884,16384,10922
176232,8192,7383
16100,1024,944
127560,8192,5282
82536,4096,3844
290520,16384,11184
51864,4096,2381
168112,8192,6968
271552,16384,10334
360320,16384,13523
166816,8192,6908
380500,16384,14460
290644,16384,11188
176524,8192,7422
381096,16384,14521
289288,16384,11056
162820,8192,6683
373068,16384,14189
174916,8192,7299
289844,16384,11148
287680,16384,11050
275628,16384,10360
173376,8192,7237
176096,8192,7340
78872,4096,3649
333660,16384,12540
342816,16384,13047
366700,16384,13925
246048,16384,9287
290504,16384,11190
79724,4096,3675
313696,16384,11631
127216,8192,5229
173052,8192,7198
381380,16384,14530
167948,8192,6958
80316,4096,3716
174104,8192,7296
340932,16384,12871
79576,4096,3650
172216,8192,7165
290524,16384,11189
176360,8192,7382
125724,8192,5190
339032,16384,12817
376736,16384,14354
176740,8192,7426
342060,16384,12944
157428,8192,6571
176544,8192,7398
178212,8192,7510
288668,16384,11047
177272,8192,7453
339592,16384,12864
171076,8192,7104
168396,8192,7008
176584,8192,7424
338088,16384,12840
241832,16384,9069
321168,16384,12004
288156,16384,10957
177072,8192,7434
291756,16384,11257
176440,8192,7385
176944,8192,7419
175372,8192,7338
285604,16384,10897
286824,16384,10990
285056,16384,10785
270348,16384,10241
177440,8192,7494
176960,8192,7435
71208,4096,3255
368296,16384,14052
343668,16384,13089
155460,8192,6417
276112,16384,10423
363952,16384,13676
77680,4096,3525
281460,16384,10717
361592,16384,13646
128024,8192,5312
361628,16384,13649
332288,16384,12591
32876,2048,1686
288052,16384,11017
149848,8192,6160
157732,8192,6548
167892,8192,6949
270568,16384,10298
153336,8192,6313
384544,16384,14714
172472,8192,7166
177104,8192,7427
331472,16384,12400
166468,8192,7008
173944,8192,7262
156316,8192,6452
245924,16384,9301
46472,4096,2042
148832,8192,6104
363076,16384,13707
171504,8192,7095
381504,16384,14560
171116,8192,7031
366992,16384,13975
337348,16384,12721
281208,16384,10653
357736,16384,13478
314940,16384,11705
362596,16384,13716
365684,16384,13904
270528,16384,10272
225928,16384,8350
249684,16384,9457
314112,16384,11681
175128,8192,7287
314036,16384,11688
322952,16384,12098
322884,16384,12125
112960,8192,4683
166364,8192,6836
342804,16384,13031
177140,8192,7436
362496,16384,13679
168240,8192,6982
297476,16384,11392
339076,16384,12788
299224,16384,11490
176488,8192,7364
274316,16384,10472
364880,16384,13810
38084,2048,2015
360680,16384,13553
367932,16384,13978
270980,16384,10284
322256,16384,12063
267092,16384,10064
281356,16384,10694
355952,16384,13398
343828,16384,13076
60356,4096,2796
165844,8192,6833
362836,16384,13701
383184,16384,14706
357192,16384,13489
177256,8192,7448
156352,8192,6448
333404,16384,12567
331460,16384,12405
239872,16384,8943
156664,8192,6504
75448,4096,3434
279544,16384,10700
130756,8192,5488
147184,8192,5988
352668,16384,13218
331668,16384,12576
129352,8192,5377
165884,8192,6832
342164,16384,12984
16932,1024,1011
334016,16384,12599
52304,4096,2413
289916,16384,11145
381444,16384,14550
244560,16384,9207
36216,2048,1887
349972,16384,13252
340628,16384,12901
380376,16384,14441
205752,8192,8168
14964,1024,847
290232,16384,11160
132004,8192,5493
281328,16384,10746
130324,8192,5378
332520,16384,12484
330492,16384,12778
231596,16384,8502
271808,16384,10336
241632,16384,9071
72488,4096,3326
167156,8192,6894
337176,16384,12673
363740,16384,13729
337932,16384,12719
175232,8192,7263
288860,16384,11046
265828,16384,9988
365148,16384,13814
333840,16384,12547
380728,16384,14461
174744,8192,7269
37520,2048,1940
109832,8192,4513
140808,8192,5939
157108,8192,6491
264636,16384,9888
138788,8192,5901
87708,4096,4066
284056,16384,10786
373448,16384,14130
71432,4096,3261
157216,8192,6536
345796,16384,13212
377908,16384,14364
177016,8192,7437
123204,8192,5068
371876,16384,14058
340216,16384,12857
248316,16384,9446
176616,8192,7400
288444,16384,11040
341968,16384,12960
345276,16384,13170
340364,16384,12841
367080,16384,13988
281052,16384,10725
103528,8192,4162
384424,16384,14686
362120,16384,13661
281164,16384,10686
172324,8192,7161
164068,8192,6763
365572,16384,13885
286340,16384,10916
49920,4096,2249
342820,16384,13021
300944,16384,11615
37268,2048,1948
80356,4096,3716
362996,16384,13688
382468,16384,14604
173004,8192,7203
131096,8192,5509
152452,8192,6253
346004,16384,13173
267816,16384,10118
338348,16384,12779
177380,8192,7479
37936,2048,1995
173708,8192,7203
167928,8192,6958
176880,8192,7434
342300,16384,12985
303860,16384,11667
157104,8192,6508
124776,8192,5193
360996,16384,13563
186584,8192,7827
175088,8192,7307
280256,16384,10608
114216,8192,4749
243860,16384,9185
77480,4096,3569
176576,8192,7412
176536,8192,7413
366692,16384,13897
153164,8192,6290
282132,16384,10756
289692,16384,11094
237116,16384,8846
344316,16384,13123
59656,4096,2749
223208,16384,8265
363120,16384,13769
330012,16384,12386
177196,8192,7449
374084,16384,14173
381348,16384,14548
36324,2048,1880
320116,16384,11997
291828,16384,11245
281384,16384,10702
175536,8192,7334
362560,16384,13694
177280,8192,7455
279328,16384,10584
79804,4096,3678
277160,16384,10453
217724,16384,7967
285480,16384,10828
79472,4096,3655
338296,16384,12771
176480,8192,7400
279156,16384,10605
166468,8192,6865
156524,8192,6486
360836,16384,13584
352072,16384,13131
70020,4096,3174
344740,16384,13138
35656,2048,1836
176980,8192,7444
342120,16384,12953
314008,16384,11668
217408,16384,7963
156120,8192,6439
279636,16384,10575
290632,16384,11206
176272,8192,7374
176416,8192,7362
165920,8192,6856
61288,4096,2888
173096,8192,7172
271836,16384,10316
16452,1024,961
167600,8192,6939
178532,8192,7501
157052,8192,6526
310304,16384,12087
173544,8192,7210
286452,16384,10952
32932,2048,1705
147920,8192,6043
34792,2048,1797
156440,8192,6448
344840,16384,13109
57080,4096,2606
167952,8192,6949
141936,8192,6042
166816,8192,6913
288652,16384,11025
377896,16384,14400
156848,8192,6492
382512,16384,14603
149040,8192,6279
36068,2048,1861
138360,8192,5906
285488,16384,10827
287968,16384,11015
177212,8192,7432
264304,16384,9895
366868,16384,13953
279976,16384,10618
78792,4096,3617
361044,16384,13670
175632,8192,7350
173520,8192,7255
356252,16384,13334
253004,16384,9522
166328,8192,7015
342892,16384,13013
274980,16384,10265
282240,16384,10783
147360,8192,5993
213976,8192,8579
338712,16384,12754
37956,2048,1988
287916,16384,11027
383240,16384,14653
175092,8192,7278
286420,16384,10937
164308,8192,6774
290144,16384,11127
127376,8192,5275
108496,8192,4417
289872,16384,11145
183452,8192,7655
338204,16384,12750
339900,16384,12763
166500,8192,6859
167812,8192,6947
131652,8192,5492
364528,16384,13752
163348,8192,6700
367708,16384,13942
280848,16384,10643
290512,16384,11181
112892,8192,4687
325412,16384,12164
382804,16384,14640
278972,16384,10551
363740,16384,13767
333848,16384,12593
240448,16384,8967
287148,16384,10986
290964,16384,11246
331172,16384,12503
176040,8192,7400
338236,16384,12747
237524,16384,8883
173120,8192,7188
220304,16384,8027
103920,8192,4215
290228,16384,11115
132912,8192,5579
169308,8192,7058
155256,8192,6371
341032,16384,12889
172664,8192,7176
312972,16384,11571
168392,8192,7021
176408,8192,7365
75284,4096,3402
243808,16384,9181
341244,16384,12922
132800,8192,5568
37856,2048,1977
363488,16384,13810
147120,8192,5978
358316,16384,13701
342224,16384,12979
157392,8192,6562
175052,8192,7345
331044,16384,12483
246040,16384,9289
34364,2048,1744
342884,16384,13010
177212,8192,7437
329028,16384,12286
287992,16384,10991
335464,16384,12633
172964,8192,7224
171752,8192,7135
270356,16384,10259
289540,16384,11104
364640,16384,13766
372476,16384,14083
165860,8192,6809
154892,8192,6382
246404,16384,9359
177128,8192,7418
246180,16384,9321
33888,2048,1751
339816,16384,12888
173288,8192,7225
353796,16384,13212
290568,16384,11163
288760,16384,11059
148148,8192,6062
168016,8192,6976
60200,4096,2788
234008,16384,8674
167344,8192,6905
246300,16384,9354
277584,16384,10504
112632,8192,4641
284928,16384,10832
133260,8192,5644
337520,16384,12712
176544,8192,7399
162576,8192,6639
174628,8192,7258
120436,8192,4895
331844,16384,12559
284328,16384,10792
75412,4096,3440
279512,16384,10583
287300,16384,10965
285756,16384,10901
290428,16384,11166
255140,16384,9630
177052,8192,7419
131984,8192,5528
338368,16384,12734
342828,16384,13006
329184,16384,12291
177272,8192,7452
325412,16384,12295
18288,1024,1053
167172,8192,6897
80508,4096,3730
321860,16384,11985
336820,16384,12679
167792,8192,6955
69460,4096,3152
332344,16384,12478
278688,16384,10643
353952,16384,13286
343016,16384,13053
177196,8192,7433
377916,16384,14398
183996,8192,7662
173348,8192,7228
156852,8192,6488
177220,8192,7445
290332,16384,11147
342832,16384,13007
37916,2048,2002
224916,16384,8320
130516,8192,5436
20376,1024,1205
157208,8192,6528
156568,8192,6497
333092,16384,12493
254448,16384,9745
245400,16384,9285
175864,8192,7377
174748,8192,7262
337736,16384,12775
177032,8192,7398
317208,16384,11766
337168,16384,12671
176320,8192,7380
57776,4096,2622
359788,16384,13599
31044,2048,1630
80636,4096,3742
85956,4096,4033
337872,16384,12730
129256,8192,5417
381128,16384,14494
269828,16384,10162
341364,16384,12957
293288,16384,11302
365800,16384,13810
168304,8192,7018
266408,16384,10036
359060,16384,13544
123748,8192,5103
124120,8192,5168
127552,8192,5265
353432,16384,13208
329968,16384,12338
372020,16384,14073
171900,8192,7171
289928,16384,11138
166568,8192,6881
129096,8192,5385
288724,16384,11049
329476,16384,12274
145312,8192,5850
167900,8192,6946
112076,8192,4595
286452,16384,10946
322968,16384,12146
167212,8192,6898
533092,32768,18627
159400,8192,6639
173212,8192,7206
257440,16384,9555
168012,8192,6961
334468,16384,12593
358232,16384,13526
380880,16384,14508
173332,8192,7224
78444,4096,3573
361172,16384,13597
290308,16384,11162
246096,16384,9271
176992,8192,7415
378268,16384,14455
280828,16384,10686
177296,8192,7476
288968,16384,11126
342916,16384,13045
338880,16384,12803
338416,16384,12779
373828,16384,14171
175144,8192,7328
177384,8192,7480
246376,16384,9348
174672,8192,7258
285524,16384,10895
362320,16384,13668
63616,4096,2973
330920,16384,12501
82216,4096,3848
358284,16384,13539
177352,8192,7473
148084,8192,6041
340256,16384,12865
340692,16384,12862
288360,16384,10975
314884,16384,11732
271664,16384,10299
245868,16384,9286
364896,16384,13843
285624,16384,10862
10404,1024,598
309660,16384,11793
382220,16384,14583
245104,16384,9229
246292,16384,9348
366992,16384,13939
363748,16384,13992
164648,8192,6792
308492,16384,11954
165944,8192,6877
112752,8192,4685
290824,16384,11247
243948,16384,9193
163412,8192,6801
290464,16384,11176
268808,16384,10161
171488,8192,7092
171120,8192,7095
75548,4096,3504
176648,8192,7410
288848,16384,11075
266416,16384,10025
199128,8192,7854
326760,16384,12346
132956,8192,5595
175144,8192,7289
363156,16384,13735
171200,8192,7072
381304,16384,14543
79732,4096,3688
176456,8192,7373
281080,16384,10684
176772,8192,7383
277408,16384,10515
377436,16384,14362
338016,16384,12742
362424,16384,13677
175348,8192,7303
280980,16384,10784
173232,8192,7225
342908,16384,13017
156876,8192,6516
175616,8192,7363
245388,16384,9247
174468,8192,7263
216408,16384,7863
328772,16384,12222
269380,16384,10182
177376,8192,7474
76620,4096,3507
288776,16384,11064
80232,4096,3705
174616,8192,7280
357752,16384,13454
146516,8192,5968
176528,8192,7395
134248,8192,5654
357000,16384,13390
150424,8192,6078
331728,16384,12466
245788,16384,9266
123892,8192,5097
175340,8192,7327
123296,8192,5079
82436,4096,3813
242004,16384,9046
313424,16384,11606
243232,16384,9191
366396,16384,13908
381256,16384,14521
168548,8192,7019
342392,16384,13017
79476,4096,3658
237284,16384,8873
288560,16384,11016
135732,8192,5757
269636,16384,10188
280616,16384,10661
334900,16384,12688
236840,16384,8990
281208,16384,10697
132216,8192,5535
119948,8192,4894
338348,16384,12779
58584,4096,2679
177268,8192,7447
162792,8192,6650
133168,8192,5626
339020,16384,12798
277564,16384,10510
291332,16384,11263
177172,8192,7426
383088,16384,14619
37872,2048,1980
382828,16384,14619
176888,8192,7405
174708,8192,7269
81188,4096,3764
339464,16384,12914
288552,16384,11023
290144,16384,11148
284596,16384,10797
172388,8192,7162
177160,8192,7431
345264,16384,13168
112888,8192,4658
338460,16384,12742
153044,8192,6273
32224,2048,1651
132752,8192,5552
333852,16384,12570
145808,8192,5916
75444,4096,3438
40768,2048,2143
136960,8192,5835
334268,16384,12606
100160,8192,3996
155432,8192,6381
369436,16384,14119
153328,8192,6283
12732,1024,752
244276,16384,9231
154908,8192,6378
152544,8192,6229
128404,8192,5347
290332,16384,11154
363316,16384,13772
361636,16384,13651
338128,16384,12734
366372,16384,13897
217868,16384,7999
337356,16384,12719
173288,8192,7209
367480,16384,14001
330036,16384,12350
177236,8192,7444
149796,8192,6164
80540,4096,3747
79736,4096,3678
157124,8192,6512
279568,16384,10608
167564,8192,6937
286632,16384,10970
280724,16384,10678
173140,8192,7188
342872,16384,13012
342644,16384,13004
78800,4096,3632
375756,16384,14243
165904,8192,6836
270432,16384,10251
341288,16384,12942
157316,8192,6556
291064,16384,11244
360800,16384,13583
112608,8192,4638
132816,8192,5568
288648,16384,11041
155488,8192,6424
154332,8192,6376
133812,8192,5676
261584,16384,9795
168224,8192,6979
144240,8192,5831
367024,16384,13935
341604,16384,12968
157068,8192,6498
177284,8192,7450
276804,16384,10428
175632,8192,7364
288404,16384,11017
264976,16384,9956
147504,8192,6014
177084,8192,7442
288408,16384,11030
289580,16384,11077
365420,16384,13834
356396,16384,13560
343880,16384,13147
293444,16384,11344
267348,16384,10069
303776,16384,11640
356316,16384,13538
366284,16384,13921
341156,16384,12900
175672,8192,7337
279472,16384,10567
290504,16384,11185
56052,4096,2553
36172,2048,1871
289508,16384,11081
343884,16384,13086
274284,16384,10486
329972,16384,12348
166032,8192,6946
283680,16384,10840
162420,8192,6617
320572,16384,11978
171144,8192,7070
316920,16384,11739
333908,16384,12581
358060,16384,13501
38272,2048,2015
340596,16384,12888
121768,8192,5109
177300,8192,7460
289788,16384,11129
281164,16384,10686
137992,8192,5821
11396,1024,685
74360,4096,3326
358052,16384,13481
167048,8192,6858
73176,4096,3381
78700,4096,3622
177056,8192,7442
51304,4096,2338
363220,16384,13796
356976,16384,13444
175532,8192,7350
359392,16384,13683
168272,8192,6996
174452,8192,7234
176368,8192,7371
341312,16384,12939
382732,16384,14579
147180,8192,5994
341224,16384,12922
21968,1024,1310
176528,8192,7390
242184,16384,9090
330768,16384,12419
136836,8192,5823
176540,8192,7383
246316,16384,9349
52240,4096,2402
123904,8192,5119
355688,16384,13335
263008,16384,9879
127208,8192,5276
147736,8192,6008
176656,8192,7428
112792,8192,4659
27248,2048,1415
335360,16384,12607
353916,16384,13486
300784,16384,11562
134732,8192,5635
290584,16384,11204
159312,8192,6618
339748,16384,12872
384560,16384,14684
342900,16384,13025
291300,16384,11255
380804,16384,14500
342872,16384,13016
286024,16384,10913
180836,8192,7624
175212,8192,7307
301712,16384,11682
172800,8192,7141
172900,8192,7175
175460,8192,7316
290080,16384,11185
177188,8192,7444
377912,16384,14408
173608,8192,7246
57316,4096,2647
137856,8192,5871
269896,16384,10163
290276,16384,11140
58564,4096,2661
158092,8192,6563
365480,16384,13833
340020,16384,12875
174740,8192,7268
268396,16384,10071
146364,8192,5949
154784,8192,6355
290460,16384,11174
366732,16384,13969
291820,16384,11212
291840,16384,11248
242880,16384,9133
363596,16384,13666
131180,8192,5462
171244,8192,7159
341068,16384,12931
174168,8192,7293
29108,2048,1547
285108,16384,10852
139572,8192,5914
279356,16384,10546
367280,16384,13995
168020,8192,6949
176632,8192,7404
238220,16384,8946
167608,8192,6936
362812,16384,13696
342364,16384,12997
366316,16384,13910
343716,16384,13049
301624,16384,11660
281072,16384,10669
133712,8192,5619
156620,8192,6493
287204,16384,11000
61520,4096,2883
78932,4096,3616
80296,4096,3716
162816,8192,6682
290452,16384,11173
374884,16384,14213
382768,16384,14604
337644,16384,12715
176744,8192,7444
323708,16384,12127
259236,16384,9653
176588,8192,7393
177212,8192,7454
318344,16384,11821
381460,16384,14546
80904,4096,3776
277132,16384,10472
123980,8192,5122
175440,8192,7348
164248,8192,6769
70764,4096,3242
365020,16384,13798
374192,16384,14227
331880,16384,12573
331460,16384,12587
78008,4096,3550
155208,8192,6386
81060,4096,3769
271060,16384,10291
172956,8192,7222
108156,8192,4374
147228,8192,6006
386208,16384,14807
286096,16384,10978
126148,8192,5281
177172,8192,7422
132252,8192,5533
381436,16384,14577
175288,8192,7323
337268,16384,12695
484548,32768,16599
384264,16384,14643
242144,16384,9081
357552,16384,13671
290168,16384,11154
377580,16384,14400
167544,8192,6941
79572,4096,3644
289852,16384,11129
337484,16384,12702
176912,8192,7411
337164,16384,12670
175444,8192,7315
367052,16384,13953
27852,2048,1439
383200,16384,14647
356500,16384,13398
372696,16384,14129
268800,16384,10159
148760,8192,6086
380556,16384,14431
157160,8192,6521
80324,4096,3702
72136,4096,3299
333668,16384,12531
374340,16384,14208
173096,8192,7160
362980,16384,13704
381636,16384,14570
276288,16384,10456
245312,16384,9259
287904,16384,11001
176460,8192,7406
156248,8192,6466
80520,4096,3741
165888,8192,6848
345180,16384,13186
165860,8192,6789
168548,8192,7016
162780,8192,6658
68244,4096,3092
342992,16384,13043
267916,16384,10122
111376,8192,4571
288540,16384,11075
376712,16384,14353
124068,8192,5144
289648,16384,11098
367072,16384,13960
346272,16384,13223
165772,8192,6816
35796,2048,1839
147320,8192,5998
328480,16384,12654
36284,2048,1898
336572,16384,12646
287012,16384,10955
218728,8192,8824
383428,16384,14704
166132,8192,6972
284652,16384,10811
334296,16384,12609
156620,8192,6493
162500,8192,6632
365920,16384,13847
281380,16384,10696
158532,8192,6623
282500,16384,10767
331840,16384,12444
339188,16384,12833
375924,16384,14280
264872,16384,9940
288252,16384,11050
174592,8192,7263
322872,16384,12092
277344,16384,10483
85272,4096,3830
290084,16384,11123
288484,16384,11032
130748,8192,5466
313732,16384,11613
243360,16384,9187
133976,8192,5666
175324,8192,7294
77252,4096,3631
290944,16384,11251
289468,16384,11104
274400,16384,10459
290256,16384,11122
132808,8192,5552
373232,16384,14107
142020,8192,6076
285796,16384,10900
73700,4096,3299
145264,8192,5930
177180,8192,7430
362152,16384,13626
17472,1024,1040
269356,16384,10141
285168,16384,10796
280620,16384,10614
290240,16384,11118
331304,16384,12405
291992,16384,11290
342724,16384,13019
79800,4096,3673
171904,8192,7135
83904,4096,3871
333112,16384,12529
177096,8192,7475
318928,16384,11887
229404,8192,9269
340008,16384,12774
290476,16384,11179
173016,8192,7216
37628,2048,1966
175672,8192,7358
103912,8192,4209
177160,8192,7424
266824,16384,10015
174788,8192,7279
340424,16384,12877
34152,2048,1784
356508,16384,13398
71568,4096,3294
380880,16384,14511
342780,16384,13033
79324,4096,3639
288464,16384,11022
177892,8192,7469
336536,16384,12630
101484,8192,4036
270284,16384,10226
380752,16384,14483
338364,16384,12754
175752,8192,7372
167428,8192,6908
286444,16384,10951
167804,8192,6963
176244,8192,7373
357144,16384,13600
223852,16384,8266
168344,8192,7012
289668,16384,11099
167916,8192,6956
272612,16384,10361
216808,16384,7910
172716,8192,7195
361568,16384,13650
337404,16384,12681
132956,8192,5590
341184,16384,12917
8252,512,570
290432,16384,11184
245800,16384,9331
290120,16384,11149
266680,16384,10073
167344,8192,6938
359596,16384,13594
360084,16384,13669
177100,8192,7457
288136,16384,11026
356528,16384,13560
134044,8192,5655
157216,8192,6547
60092,4096,2778
362164,16384,13642
172612,8192,7184
246100,16384,9300
175524,8192,7332
362000,16384,13615
177440,8192,7473
76660,4096,3511
316140,16384,11767
366936,16384,13989
321908,16384,12028
292840,16384,11190
200580,8192,8295
89492,4096,4212
153488,8192,6355
132536,8192,5541
329292,16384,12413
77072,4096,3523
153820,8192,6326
339172,16384,12861
290352,16384,11190
286456,16384,10953
378420,16384,14493
339984,16384,12880
162564,8192,6639
187388,8192,7874
360532,16384,13535
66320,4096,2931
177132,8192,7417
338628,16384,12769
174960,8192,7308
166688,8192,6915
281712,16384,10792
25760,2048,1331
242420,16384,9128
254828,16384,9411
54220,2048,2716
290324,16384,11161
155412,8192,6401
158332,8192,6573
355692,16384,13335
322932,16384,12123
290524,16384,11185
173288,8192,7233
36416,2048,1910
176540,8192,7399
290452,16384,11176
141764,8192,6044
337832,16384,12717
284804,16384,10867
170848,8192,7060
289764,16384,11111
170616,8192,7027
364724,16384,13800
276948,16384,10453
175328,8192,7319
110304,8192,4469
80968,4096,3777
340912,16384,12891
171544,8192,7122
319264,16384,11911
382948,16384,14615
367160,16384,14024
270936,16384,10303
173380,8192,7243
281592,16384,10734
113296,8192,4718
301740,16384,11418
366840,16384,13939
33992,2048,1773
167532,8192,6929
288528,16384,11043
284824,16384,10821
164332,8192,6842
79892,4096,3683
177140,8192,7420
125112,8192,5214
246216,16384,9314
361320,16384,13832
133944,8192,5645
381912,16384,14650
269616,16384,10183
342704,16384,13006
290116,16384,11163
284056,16384,10781
134496,8192,5657
169704,8192,7070
78480,4096,3588
177552,8192,7479
341072,16384,12895
177352,8192,7472
157284,8192,6508
329900,16384,12326
16796,1024,1000
343664,16384,13055
290528,16384,11195
329372,16384,12342
171464,8192,7106
290224,16384,11132
369880,16384,14070
289928,16384,11106
175476,8192,7336
281532,16384,10707
383196,16384,14645
284000,16384,10788
156876,8192,6496
17912,1024,1070
333564,16384,12553
120520,8192,4946
177320,8192,7465
242060,16384,9058
173024,8192,7196
175572,8192,7347
148556,8192,6098
366708,16384,13912
356224,16384,13339
350060,16384,13274
376184,16384,14282
176956,8192,7418
341260,16384,12926
80024,4096,3702
361868,16384,13665
168172,8192,6989
322672,16384,12071
270480,16384,10249
352436,16384,13422
173532,8192,7242
131316,8192,5496
353964,16384,13254
362984,16384,13706
134112,8192,5650
364852,16384,13788
159032,8192,6669
378048,16384,14399
268392,16384,10117
289388,16384,11082
363652,16384,13772
60424,4096,2813
133004,8192,5603
288744,16384,11065
33468,2048,1723
281544,16384,10706
290552,16384,11196
174828,8192,7303
122868,8192,5039
339388,16384,12825
376712,16384,14338
361076,16384,13836
280832,16384,10671
172564,8192,7172
255548,16384,9684
338676,16384,12772
340880,16384,12872
175140,8192,7308
357532,16384,13493
54860,4096,2480
7816,512,537
337604,16384,12731
81132,4096,3769
157468,8192,6550
327848,16384,12243
342792,16384,13020
386856,16384,14857
287744,16384,10988
332040,16384,12608
162692,8192,6673
277424,16384,10567
338532,16384,12744
173036,8192,7178
375296,16384,14301
155440,8192,6408
288800,16384,11019
322532,16384,12073
168192,8192,6996
287832,16384,10970
175540,8192,7340
380888,16384,14508
289964,16384,11100
37916,2048,1979
340372,16384,12837
133128,8192,5629
172872,8192,7182
176816,8192,7400
177044,8192,7440
339300,16384,12894
104800,8192,4278
375816,16384,14316
365872,16384,13816
177716,8192,7480
373892,16384,14156
381444,16384,14523
319704,16384,11926
80456,4096,3731
342904,16384,13064
17596,1024,1003
328960,16384,12248
323908,16384,12188
176892,8192,7406
153672,8192,6332
176700,8192,7380
243964,16384,9172
164460,8192,6886
353880,16384,13254
281280,16384,10699
257040,16384,9817
341304,16384,12936
177756,8192,7493
289940,16384,11173
176956,8192,7418
245992,16384,9273
269568,16384,10177
172480,8192,7151
130712,8192,5479
382724,16384,14661
175136,8192,7313
173292,8192,7205
272112,16384,10290
236212,16384,8755
285380,16384,10846
340952,16384,12905
167536,8192,6935
289716,16384,11100
177404,8192,7486
60356,4096,2802
378120,16384,14400
175168,8192,7294
116780,8192,4907
380864,16384,14502
332280,16384,12608
342084,16384,12949
153480,8192,6338
80408,4096,3717
358748,16384,13671
328712,16384,12642
368596,16384,14087
301136,16384,11618
271672,16384,10317
281412,16384,10699
366728,16384,13916
173016,8192,7201
78684,4096,3606
271076,16384,10292
365132,16384,13827
287888,16384,11004
177200,8192,7434
280012,16384,10663
338920,16384,12777
380888,16384,14514
270320,16384,10277
261732,16384,9917
136696,8192,5800
36224,2048,1888
80540,4096,3749
155308,8192,6375
177320,8192,7480
173400,8192,7237
164556,8192,6812
377796,16384,14431
288080,16384,11017
112224,8192,4609
38592,2048,2032
120040,8192,4922
178024,8192,7512
177004,8192,7434
377628,16384,14413
238756,16384,8948
357832,16384,13596
157208,8192,6528
125560,8192,5236
132800,8192,5547
290616,16384,11212
226084,16384,8393
174412,8192,7293
212648,8192,8471
367468,16384,13962
148308,8192,6083
290584,16384,11188
225016,16384,8331
168180,8192,6972
162972,8192,6676
287840,16384,10984
286492,16384,10945
364204,16384,13829
290236,16384,11122
382324,16384,14563
150792,8192,6117
175448,8192,7317
277768,16384,10577
168376,8192,7005
356168,16384,13363
333592,16384,12566
172496,8192,7151
308844,16384,11734
176456,8192,7361
319912,16384,11869
308260,16384,11975
168960,8192,7024
331352,16384,12489
176520,8192,7387
147176,8192,5944
75264,4096,3390
44376,2048,2261
177432,8192,7445
339100,16384,12835
165968,8192,6981
288460,16384,11039
177488,8192,7502
337404,16384,12725
342056,16384,13023
304284,16384,11734
71188,4096,3248
163420,8192,6707
362024,16384,13660
290040,16384,11130
172632,8192,7174
164068,8192,6758
164244,8192,6754
174260,8192,7272
286472,16384,10945
177108,8192,7429
271876,16384,10365
79768,4096,3670
168224,8192,6978
152628,8192,6504
290148,16384,11139
292188,16384,11281
166648,8192,6889
156540,8192,6474
336436,16384,12621
177624,8192,7460
342488,16384,12997
367120,16384,13960
124432,8192,5186
312072,16384,11923
167640,8192,6948
340408,16384,12846
162072,8192,6722
76932,4096,3551
84180,4096,3940
132952,8192,5589
383064,16384,14613
155304,8192,6387
80172,4096,3712
85504,4096,4047
174108,8192,7254
342664,16384,13006
286204,16384,10890
174688,8192,7304
338072,16384,12742
300840,16384,11573
79908,4096,3716
337592,16384,12716
288240,16384,11004
57336,4096,2652
354564,16384,13298
150972,8192,6139
279024,16384,10650
171464,8192,7104
236528,16384,8807
80580,4096,3761
342244,16384,12953
168212,8192,6992
284880,16384,10926
160752,8192,6668
337476,16384,12721
361460,16384,13624
179032,8192,7524
290200,16384,11173
381180,16384,14524
290796,16384,11226
270496,16384,10274
289596,16384,11149
176960,8192,7411
178216,8192,7565
177520,8192,7482
172220,8192,7126
305476,16384,11778
285904,16384,10888
291512,16384,11239
286736,16384,11008
366828,16384,13925
113084,8192,4685
270572,16384,10249
175372,8192,7353
334048,16384,12604
320072,16384,11876
284096,16384,10874
366052,16384,13853
269868,16384,10241
173300,8192,7229
362272,16384,13895
290488,16384,11175
174956,8192,7298
380260,16384,14409
321312,16384,12029
281588,16384,10731
163664,8192,6697
362644,16384,13729
358972,16384,13581
161884,8192,6611
366900,16384,13964
121640,8192,4986
138944,8192,5872
285668,16384,10851
362800,16384,13697
286680,16384,10998
317764,16384,11837
157060,8192,6492
290476,16384,11177
86584,4096,4052
340596,16384,12892
290316,16384,11138
343028,16384,13052
177648,8192,7493
263920,16384,10103
319584,16384,11912
244152,16384,9170
381180,16384,14527
338188,16384,12727
52144,4096,2407
133524,8192,5679
79416,4096,3647
317628,16384,11791
244528,16384,9215
167216,8192,6887
137220,8192,5745
287468,16384,11064
290488,16384,11197
269864,16384,10184
67360,4096,3028
165532,8192,6930
298904,16384,11462
357388,16384,13444
176996,8192,7432
287408,16384,10987
176740,8192,7431
284796,16384,10843
289272,16384,11106
174804,8192,7292
377820,16384,14438
172688,8192,7200
249340,16384,9424
171444,8192,7085
279492,16384,10588
287248,16384,10946
367292,16384,13981
289880,16384,11140
362088,16384,13636
322888,16384,12097
177352,8192,7467
35700,2048,1848
366708,16384,13896
287884,16384,10986
303796,16384,11672
58928,4096,2711
148032,8192,6040
360780,16384,13713
128600,8192,5315
166060,8192,6810
365912,16384,13847
382924,16384,14627
340596,16384,12893
109904,8192,4516
176672,8192,7415
257456,16384,9576
248380,16384,9454
266524,16384,10055
342756,16384,13015
322028,16384,12038
175204,8192,7304
340468,16384,12861
121108,8192,4995
336420,16384,12625
286612,16384,10980
156604,8192,6490
279032,16384,10553
112156,8192,4630
338292,16384,12744
333884,16384,12564
151900,8192,6205
374932,16384,14243
78620,4096,3613
228676,16384,8575
332116,16384,12457
287992,16384,11008
173236,8192,7196
365444,16384,13857
112880,8192,4647
155288,8192,6390
364608,16384,13778
156428,8192,6462
142004,8192,6059
173140,8192,7215
167832,8192,6965
338388,16384,12764
342368,16384,12993
176576,8192,7391
326708,16384,12321
37848,2048,1981
291764,16384,11213
353344,16384,13196
157732,8192,6557
171748,8192,7144
173372,8192,7236
322888,16384,12084
175540,8192,7342
176808,8192,7422
176616,8192,7414
256188,16384,9727
171808,8192,7158
163200,8192,6667
288052,16384,11021
168980,8192,7034
343240,16384,13060
288052,16384,11020
168272,8192,6982
176420,8192,7368
37356,2048,1947
290236,16384,11139
245232,16384,9243
147336,8192,6011
362260,16384,13910
167412,8192,6916
322944,16384,12129
355940,16384,13353
281528,16384,10717
81524,4096,3818
378352,16384,14454
37588,2048,1958
323012,16384,12139
381468,16384,14567
382224,16384,14581
252428,16384,9490
78756,4096,3624
286772,16384,10936
361612,16384,13645
343088,16384,13039
270968,16384,10270
288700,16384,11055
329656,16384,12351
290508,16384,11202
342200,16384,12973
337008,16384,12697
36804,2048,1906
281312,16384,10695
172484,8192,7153
246180,16384,9321
77808,4096,3538
288868,16384,11096
31320,2048,1601
162204,8192,6611
235512,16384,8782
351312,16384,13262
384548,16384,14711
65236,4096,3060
177072,8192,7452
334396,16384,12638
175540,8192,7336
337736,16384,12801
269856,16384,10219
177596,8192,7490
177336,8192,7469
56976,4096,2635
113004,8192,4677
167584,8192,6936
51404,4096,2351
152748,8192,6272
74724,4096,3381
290440,16384,11169
340272,16384,12856
334052,16384,12595
80252,4096,3699
365164,16384,13835
175760,8192,7348
37856,2048,1976
342180,16384,12968
290152,16384,11144
28220,2048,1482
290772,16384,11177
287792,16384,10960
361236,16384,13574
329340,16384,12317
173008,8192,7204
157012,8192,6489
358232,16384,13530
177200,8192,7439
341368,16384,12958
197152,8192,8337
384448,16384,14639
131296,8192,5491
19492,1024,1128
128720,8192,5345
173056,8192,7190
60376,4096,2810
174744,8192,7269
152156,8192,6213
280692,16384,10664
162144,8192,6584
134680,8192,5705
155656,8192,6448
342584,16384,12989
289648,16384,11100
175700,8192,7349
284708,16384,10820
316928,16384,11791
246000,16384,9332
132072,8192,5513
276560,16384,10500
171556,8192,7107
176552,8192,7406
290156,16384,11134
245368,16384,9247
130492,8192,5440
364660,16384,13831
387320,16384,14904
340784,16384,12875
281232,16384,10660
157172,8192,6522
119624,8192,4894
255964,16384,9467
193160,8192,8140
164056,8192,6749
367188,16384,13955
323632,16384,12112
130768,8192,5479
177312,8192,7463
308180,16384,11317
158960,8192,6651
176548,8192,7412
171516,8192,7118
177240,8192,7462
177296,8192,7460
307284,16384,11251
281472,16384,10737
300896,16384,11603
384456,16384,14691
286092,16384,10906
103956,8192,4225
168124,8192,6941
270200,16384,10211
177316,8192,7459
290480,16384,11160
172368,8192,7172
342256,16384,12982
288280,16384,11014
50868,4096,2329
277008,16384,10498
284680,16384,10846
288060,16384,11007
290340,16384,11143
47756,4096,2154
362368,16384,13697
131280,8192,5480
168204,8192,6983
177528,8192,7467
45140,2048,2331
287812,16384,10961
283924,16384,10803
270256,16384,10214
175100,8192,7322
342112,16384,12950
177328,8192,7466
167476,8192,6925
35852,2048,1840
133236,8192,5644
166208,8192,6990
80600,4096,3721
83428,4096,3818
281208,16384,10637
155000,8192,6412
166280,8192,6818
340980,16384,12905
281800,16384,10866
292304,16384,11309
148188,8192,6042
78956,4096,3631
177204,8192,7441
341724,16384,12940
374292,16384,14213
132008,8192,5508
175564,8192,7351
35844,2048,1833
362320,16384,13685
283876,16384,10756
165300,8192,6767
382500,16384,14602
252900,16384,9545
71436,4096,3262
53220,4096,2437
28816,2048,1504
80072,4096,3687
74012,4096,3332
266112,16384,10000
175624,8192,7330
337448,16384,12728
173000,8192,7182
164676,8192,6795
269260,16384,10143
128092,8192,5298
313744,16384,11669
83696,4096,3832
254864,16384,9631
371656,16384,14049
172428,8192,7166
290508,16384,11186
288088,16384,11015
331484,16384,12414
173244,8192,7198
362752,16384,13738
131196,8192,5466
222020,16384,8168
361608,16384,13623
290220,16384,11130
74916,4096,3479
26816,2048,1367
119420,8192,4956
227992,16384,8470
288980,16384,11045
337596,16384,12750
287696,16384,10980
70668,4096,3214
326296,16384,12242
268476,16384,10094
315836,16384,11757
129956,8192,5436
80460,4096,3731
289728,16384,11103
177192,8192,7433
342600,16384,12994
290624,16384,11214
37900,2048,1986
342604,16384,12946
367080,16384,13976
89404,4096,4191
261248,16384,9761
128684,8192,5303
366168,16384,13863
366512,16384,13936
56724,4096,2608
177324,8192,7466
60288,4096,2779
174748,8192,7315
89596,4096,4218
288540,16384,11058
177108,8192,7400
286160,16384,10915
166252,8192,6859
285676,16384,10858
68128,4096,3107
177180,8192,7451
171620,8192,7108
76784,4096,3520
37996,2048,1978
281140,16384,10685
176936,8192,7413
386608,16384,14842
72880,4096,3345
292136,16384,11293
380848,16384,14508
342752,16384,13028
331488,16384,12391
151364,8192,6200
127508,8192,5279
177284,8192,7451
269900,16384,10175
380328,16384,14442
120696,8192,4944
340728,16384,12892
132264,8192,5546
376460,16384,14308
338876,16384,12783
172868,8192,7169
362256,16384,13684
175656,8192,7365
288944,16384,11095
357476,16384,13657
381136,16384,14558
382284,16384,14593
337048,16384,12647
261392,16384,9785
173356,8192,7226
289540,16384,11115
270748,16384,10293
360632,16384,13564
341088,16384,12945
172696,8192,7185
164516,8192,6772
231228,16384,8512
338368,16384,12763
365500,16384,13881
167904,8192,6978
342756,16384,13016
246216,16384,9328
170672,8192,7021
52036,4096,2384
322760,16384,12094
32468,2048,1668
225632,16384,8324
343068,16384,13057
245916,16384,9254
175780,8192,7356
354364,16384,13305
362108,16384,13663
354316,16384,13311
342984,16384,13029
146528,8192,5961
235688,16384,8753
266180,16384,10008
166780,8192,6905
279012,16384,10532
176348,8192,7372
336232,16384,12586
148348,8192,6063
172640,8192,7175
286296,16384,10950
374336,16384,14214
322624,16384,12096
80428,4096,3722
176400,8192,7375
341900,16384,12952
71376,4096,3274
367760,16384,13967
176180,8192,7357
268604,16384,10118
33200,2048,1704
378264,16384,14437
331964,16384,12430
80356,4096,3724
146312,8192,5918
342920,16384,13020
133024,8192,5624
343116,16384,13073
373164,16384,14059
80356,4096,3722
222928,16384,8227
341060,16384,12930
38020,2048,2000
338372,16384,12767
177116,8192,7414
290372,16384,11151
176188,8192,7361
384960,16384,14757
123120,8192,5051
340504,16384,12860
174932,8192,7300
163760,8192,6743
335192,16384,12625
168088,8192,6976
33324,2048,1724
18352,1024,1068
289908,16384,11148
163216,8192,6835
156808,8192,6494
155160,8192,6385
131036,8192,5480
73184,4096,3389
321360,16384,12031
177060,8192,7449
245704,16384,9309
175404,8192,7365
241368,16384,9002
88660,4096,4117
338720,16384,12743
382084,16384,14561
166324,8192,6873
304828,16384,11775
288184,16384,11032
153296,8192,6308
175496,8192,7377
341160,16384,12923
291016,16384,11232
363180,16384,13749
246196,16384,9320
164268,8192,6767
385180,16384,14756
339028,16384,12773
171912,8192,7136
170900,8192,7057
175360,8192,7315
224444,16384,8293
285628,16384,10911
363272,16384,13744
80488,4096,3733
256892,16384,9870
145876,8192,5928
340644,16384,12917
155420,8192,6406
168432,8192,6992
176280,8192,7329
177460,8192,7478
171344,8192,7150
175248,8192,7312
337980,16384,12736
174788,8192,7281
142260,8192,6075
155448,8192,6415
167880,8192,6946
164212,8192,6733
177052,8192,7415
180740,8192,7680
276788,16384,10424
290684,16384,11199
37624,2048,1955
278652,16384,10502
285580,16384,10946
324328,16384,12208
176772,8192,7439
367176,16384,13965
372432,16384,14259
354020,16384,13253
367152,16384,13979
80704,4096,3755
124044,8192,5133
287944,16384,10993
141192,8192,5997
167644,8192,7026
312244,16384,11546
161148,8192,6672
168116,8192,6989
156280,8192,6430
32968,2048,1682
132948,8192,5588
79892,4096,3699
290136,16384,11154
222152,16384,8161
383372,16384,14701
80636,4096,3753
381688,16384,14541
376184,16384,14294
288796,16384,11067
88464,4096,4106
176796,8192,7399
298640,16384,11409
176768,8192,7380
174744,8192,7318
171236,8192,7092
288852,16384,11076
176468,8192,7395
146376,8192,5938
366564,16384,13940
270192,16384,10240
32956,2048,1686
290316,16384,11155
157144,8192,6513
338948,16384,12797
155100,8192,6371
341204,16384,12952
341292,16384,12971
247132,16384,9366
174892,8192,7291
286324,16384,10956
310108,16384,11796
168256,8192,6976
37544,2048,1943
373384,16384,14158
168896,8192,7022
384504,16384,14718
380760,16384,14502
173284,8192,7223
255088,16384,9765
286796,16384,11022
377776,16384,14381
316652,16384,11746
280948,16384,10680
286560,16384,10967
78380,4096,3576
341032,16384,12913
79452,4096,3667
377992,16384,14371
270540,16384,10273
281624,16384,10747
228616,16384,8577
337184,16384,12671
375988,16384,14299
281468,16384,10719
340324,16384,12833
342812,16384,13002
168580,8192,7019
71268,4096,3276
271396,16384,10313
167968,8192,7047
177868,8192,7477
175508,8192,7349
167884,8192,6949
353832,16384,13233
130028,8192,5450
366972,16384,13923
357244,16384,13411
129224,8192,5378
378092,16384,14399
87724,4096,3995
290276,16384,11154
226644,16384,8432
81120,4096,3798
261608,16384,9798
176580,8192,7408
361628,16384,13658
178232,8192,7564
79496,4096,3645
176576,8192,7407
172896,8192,7176
242188,16384,9075
337788,16384,12729
283784,16384,10849
156864,8192,6492
341512,16384,12944
171264,8192,7098
342572,16384,12986
155412,8192,6409
16796,1024,998
36412,2048,1887
367988,16384,13979
281008,16384,10794
174648,8192,7245
384768,16384,14736
334184,16384,12627
78736,4096,3632
246084,16384,9307
269576,16384,10178
357040,16384,13416
385376,16384,14804
297712,16384,11434
245380,16384,9244
175456,8192,7346
281544,16384,10721
322836,16384,12099
155532,8192,6430
289992,16384,11164
358796,16384,13746
172744,8192,7196
129284,8192,5381
285636,16384,10881
173208,8192,7200
364628,16384,13788
294916,16384,11371
173172,8192,7220
164064,8192,6756
380832,16384,14495
299136,16384,11232
277404,16384,10472
128168,8192,5298
289796,16384,11135
131596,8192,5522
341040,16384,12887
246188,16384,9322
342988,16384,13040
236008,16384,8894
366744,16384,13932
288848,16384,11087
275076,16384,10334
342804,16384,13014
89612,4096,4209
284060,16384,10787
155604,8192,6416
80544,4096,3735
378424,16384,14476
164928,8192,6800
280652,16384,10639
26480,2048,1363
123340,8192,5090
285444,16384,10965
171560,8192,7093
80448,4096,3728
175792,8192,7387
362196,16384,13667
133016,8192,5606
286588,16384,10995
175404,8192,7329
177848,8192,7473
171332,8192,7095
265264,16384,9933
358408,16384,13547
362568,16384,13651
328444,16384,12413
143840,8192,5812
164356,8192,6780
115256,8192,4829
168288,8192,6995
341280,16384,12935
157552,8192,6554
89532,4096,4201
171596,8192,7118
367116,16384,13967
383184,16384,14675
37292,2048,1951
364936,16384,13890
176520,8192,7424
166492,8192,6867
329380,16384,12286
149820,8192,6153
281184,16384,10690
172680,8192,7202
80032,4096,3714
168268,8192,7010
172320,8192,7140
278744,16384,10483
171152,8192,7126
177320,8192,7464
258376,16384,9648
175636,8192,7358
175412,8192,7308
175200,8192,7311
289724,16384,11101
176712,8192,7420
57360,4096,2658
271428,16384,10323
27864,2048,1438
337940,16384,12706
172380,8192,7171
151420,8192,6171
177320,8192,7465
320404,16384,11984
175348,8192,7339
125612,8192,5232
337368,16384,12704
172644,8192,7175
111472,8192,4583
254708,16384,9710
290244,16384,11125
158096,8192,6595
286408,16384,10913
313884,16384,11638
174840,8192,7293
290280,16384,11145
367040,16384,13935
273872,16384,10409
177216,8192,7438
177072,8192,7398
178000,8192,7507
130668,8192,5429
153308,8192,6298
175444,8192,7347
303760,16384,11663
287696,16384,10963
244452,16384,9193
80448,4096,3729
281348,16384,10688
365952,16384,13840
180344,8192,7628
290492,16384,11183
361440,16384,13620
285068,16384,10899
176712,8192,7424
170900,8192,7068
176588,8192,7392
176944,8192,7420
122288,8192,5031
185884,8192,7746
342956,16384,13044
168084,8192,6966
290248,16384,11120
89112,4096,4162
171832,8192,7143
290668,16384,11195
336844,16384,12671
175368,8192,7324
367052,16384,13955
248044,16384,9418
288416,16384,11051
263516,16384,9891
377940,16384,14388
72524,4096,3356
290600,16384,11204
362772,16384,13732
27260,2048,1422
246380,16384,9322
152452,8192,6257
244328,16384,9194
80448,4096,3727
288132,16384,11021
342804,16384,13044
368060,16384,14014
69708,4096,3134
166288,8192,6832
270692,16384,10284
245404,16384,9234
133292,8192,5637
235904,16384,8799
177372,8192,7477
362268,16384,13671
171580,8192,7114
297456,16384,11387
156484,8192,6471
171188,8192,7080
182408,8192,7571
290192,16384,11156
174664,8192,7266
168288,8192,6998
166988,8192,6910
176504,8192,7389
381752,16384,14590
132952,8192,5585
52388,4096,2435
290596,16384,11208
147676,8192,6046
358892,16384,13577
141580,8192,6002
150664,8192,6241
165124,8192,6910
357864,16384,13465
339304,16384,12884
361348,16384,13617
160428,8192,6631
281544,16384,10732
17764,1024,1049
156700,8192,6455
152416,8192,6213
80548,4096,3736
153404,8192,6302
168352,8192,6999
366828,16384,13930
244148,16384,9212
322616,16384,12067
162668,8192,6662
289404,16384,11087
123352,8192,5063
157428,8192,6567
376488,16384,14297
175432,8192,7314
175456,8192,7347
176504,8192,7388
132964,8192,5592
321728,16384,12001
121700,8192,4944
153428,8192,6318
166468,8192,6877
149176,8192,6110
321188,16384,11993
333156,16384,12613
318280,16384,11857
35848,2048,1838
261628,16384,9801
78024,4096,3601
341176,16384,12941
305640,16384,11834
176968,8192,7409
375696,16384,14236
355740,16384,13335
340744,16384,12928
281124,16384,10655
384480,16384,14680
157256,8192,6544
333324,16384,12455
171984,8192,7166
34192,2048,1779
176624,8192,7419
176696,8192,7420
328416,16384,12276
178672,8192,7528
177260,8192,7439
129076,8192,5373
157024,8192,6499
366464,16384,13924
376516,16384,14317
119828,8192,4882
362352,16384,13648
177100,8192,7442
176992,8192,7431
110948,8192,4523
340568,16384,12859
175588,8192,7335
168500,8192,7036
146736,8192,6020
289028,16384,11040
179012,8192,7506
177392,8192,7477
176096,8192,7307
174892,8192,7273
161184,8192,6774
157264,8192,6543
243724,16384,9152
152896,8192,6267
381524,16384,14546
78600,4096,3664
374208,16384,14175
171784,8192,7149
114084,8192,4704
153296,8192,6324
80648,4096,3765
171560,8192,7121
76728,4096,3537
357116,16384,13420
127368,8192,5261
167044,8192,6885
36984,2048,1944
290296,16384,11150
37836,2048,1970
175620,8192,7360
80372,4096,3735
364724,16384,13854
175288,8192,7313
322720,16384,12088
177320,8192,7464
322252,16384,12067
378044,16384,14425
376900,16384,14368
287652,16384,11035
365816,16384,13901
133228,8192,5593
177128,8192,7421
342676,16384,13012
145316,8192,5933
128360,8192,5318
269724,16384,10215
123872,8192,5113
155532,8192,6446
246136,16384,9292
74812,4096,3399
243508,16384,9147
290184,16384,11154
319412,16384,11943
328688,16384,12406
173156,8192,7192
7896,512,545
360688,16384,13560
172336,8192,7243
168208,8192,6962
324180,16384,12112
176648,8192,7420
271124,16384,10308
286836,16384,11015
39452,2048,2054
358484,16384,13695
332164,16384,12433
176084,8192,7327
388036,16384,14945
283100,16384,10806
229864,16384,8570
174572,8192,7259
242264,16384,9138
332316,16384,12462
28720,2048,1511
304760,16384,11763
177084,8192,7424
250768,16384,9555
103668,8192,4153
239480,16384,8989
371052,16384,14186
177256,8192,7449
341364,16384,12978
269520,16384,10147
80308,4096,3725
236988,8192,9589
76344,4096,3487
100232,8192,3998
156292,8192,6438
243876,16384,9204
362516,16384,13701
167396,8192,6937
288680,16384,11077
132600,8192,5567
150988,8192,6142
357896,16384,13454
325916,16384,12274
52160,4096,2394
343404,16384,13065
362436,16384,13649
86232,4096,4073
291004,16384,11181
97556,8192,3823
373024,16384,14167
382168,16384,14545
167900,8192,6951
350700,16384,13269
132888,8192,5572
262952,16384,9897
74496,4096,3359
9964,512,692
290184,16384,11162
331988,16384,12552
66808,4096,2988
226396,16384,8412
85460,4096,3955
381628,16384,14563
343432,16384,13073
284620,16384,10807
333764,16384,12560
157136,8192,6511
152532,8192,6252
327048,16384,12368
185492,8192,7707
286156,16384,10872
130576,8192,5409
156668,8192,6478
381560,16384,14568
290508,16384,11217
281592,16384,10751
172484,8192,7166
172696,8192,7201
367216,16384,13967
82100,4096,3859
340952,16384,12885
366364,16384,13909
363156,16384,13764
28120,2048,1468
175096,8192,7273
326264,16384,12301
111296,8192,4591
172908,8192,7178
193244,8192,8101
170080,8192,7122
157344,8192,6519
286268,16384,10955
361720,16384,13693
132536,8192,5567
291132,16384,11217
157752,8192,6541
292780,16384,11306
327660,16384,12168
165820,8192,6943
172864,8192,7172
176344,8192,7349
166592,8192,6891
176948,8192,7432
97372,8192,3785
168236,8192,6987
288484,16384,11028
175516,8192,7329
377900,16384,14395
359844,16384,13613
36108,2048,1859
177680,8192,7489
381320,16384,14540
167368,8192,6898
288392,16384,11031
135788,8192,5740
109516,8192,4448
368540,16384,14035
340948,16384,12895
340852,16384,12829
266012,16384,9976
157040,8192,6495
174996,8192,7307
74676,4096,3369
290440,16384,11185
353932,16384,13218
19700,1024,1145
251248,8192,10051
174060,8192,7270
133220,8192,5634
28652,2048,1511
173320,8192,7230
163844,8192,6717
172176,8192,7151
104440,8192,4260
372812,16384,14077
20140,1024,1190
367200,16384,13979
156076,8192,6419
361436,16384,13636
242220,16384,9098
286160,16384,10894
290076,16384,11132
80284,4096,3713
358132,16384,13483
174860,8192,7287
290384,16384,11155
228384,16384,8503
286292,16384,10916
153180,8192,6290
358084,16384,13493
176852,8192,7407
374308,16384,14233
275384,16384,10475
279172,16384,10592
353956,16384,13274
80280,4096,3717
366548,16384,13928
85984,4096,3986
288656,16384,11060
337280,16384,12703
289636,16384,11108
177320,8192,7469
166516,8192,6893
125660,8192,5239
288784,16384,11091
367056,16384,13987
245408,16384,9240
161136,8192,6769
175764,8192,7360
42240,2048,2044
186084,8192,7541
168160,8192,6967
80464,4096,3727
338760,16384,12764
173856,8192,7233
280484,16384,10607
191264,8192,7988
176392,8192,7393
108860,8192,4428
148264,8192,6074
145860,8192,6196
173052,8192,7166
177432,8192,7487
342988,16384,13059
333816,16384,12536
171948,8192,7146
171092,8192,7077
176484,8192,7384
341484,16384,12961
104260,8192,4204
359040,16384,13726
257584,16384,9607
289016,16384,11116
36368,2048,1897
173756,8192,7276
342444,16384,13019
128740,8192,5354
81076,4096,3742
171416,8192,7084
333904,16384,12590
381528,16384,14548
270408,16384,10241
130832,8192,5507
365300,16384,13841
171156,8192,7069
80156,4096,3703
244336,16384,9185
366296,16384,13877
288976,16384,11075
80332,4096,3710
342420,16384,13006
337848,16384,12781
80524,4096,3724
269492,16384,10174
308084,16384,11656
290508,16384,11185
287640,16384,10958
289636,16384,11093
270032,16384,10226
36780,2048,1883
290668,16384,11177
261344,16384,9779
58552,4096,2666
290544,16384,11205
329332,16384,12316
260252,16384,9691
280708,16384,10667
133036,8192,5595
175316,8192,7296
62072,4096,2910
176496,8192,7386
177056,8192,7430
249448,16384,9493
176612,8192,7399
342576,16384,12988
342432,16384,13015
174868,8192,7284
289916,16384,11145
128604,8192,5287
287964,16384,11000
361504,16384,13923
157008,8192,6515
329876,16384,12316
154492,8192,6315
354424,16384,13327
289776,16384,11122
100248,8192,4013
71148,4096,3245
340408,16384,12860
340192,16384,12771
188084,8192,7901
338316,16384,12781
310724,16384,11488
292020,16384,11287
290028,16384,11158
168416,8192,6978
291084,16384,11213
287740,16384,10991
156400,8192,6457
153456,8192,6342
131004,8192,5423
80824,4096,3742
342396,16384,12995
235096,16384,8675
160232,8192,6662
340012,16384,12796
157196,8192,6530
128972,8192,5361
305832,16384,11806
342208,16384,12987
334412,16384,12614
172336,8192,7147
289996,16384,11121
175392,8192,7320
174672,8192,7252
380932,16384,14512
314468,16384,11700
177316,8192,7459
80456,4096,3731
366820,16384,13934
83848,4096,3888
336268,16384,12620
358232,16384,13524
383024,16384,14652
170988,8192,7078
384696,16384,14751
156952,8192,6502
178976,8192,7558
168516,8192,7014
173028,8192,7205
175408,8192,7306
285656,16384,10876
80516,4096,3741
363096,16384,13717
333736,16384,12569
287184,16384,10990
130976,8192,5494
286068,16384,10888
176604,8192,7397
173248,8192,7219
334112,16384,12678
166572,8192,6868
153160,8192,6275
354260,16384,13301
377360,16384,14350
289896,16384,11098
366920,16384,13936
379056,16384,14455
299768,16384,11534
80404,4096,3721
361400,16384,13631
328444,16384,12660
340484,16384,12892
338000,16384,12725
322452,16384,12057
246340,16384,9339
339228,16384,12818
104692,8192,4280
176376,8192,7374
52320,4096,2422
377748,16384,14379
377136,16384,14311
171000,8192,7054
362424,16384,13668
178716,8192,7489
156424,8192,6467
386872,16384,14861
172280,8192,7234
157092,8192,6504
268800,16384,10174
287924,16384,10988
289352,16384,11053
370692,16384,14127
313756,16384,11618
359496,16384,13522
7484,512,522
352448,16384,13418
367160,16384,13952
364736,16384,13808
137024,8192,5587
307964,16384,11914
338160,16384,12812
167604,8192,6924
367948,16384,14014
132744,8192,5557
324596,16384,12220
280008,16384,10641
377144,16384,14318
171396,8192,7087
286548,16384,10964
176420,8192,7381
173132,8192,7199
362560,16384,13679
303928,16384,11523
342900,16384,13020
373592,16384,14198
137940,8192,5807
340656,16384,12864
38088,2048,2012
122396,8192,5025
114488,8192,4763
156768,8192,6473
177136,8192,7467
364868,16384,13832
171940,8192,7144
338704,16384,12792
288340,16384,11025
141656,8192,6052
158112,8192,6630
362388,16384,13686
318492,16384,11847
175436,8192,7315
334196,16384,12635
134448,8192,5702
177368,8192,7477
67544,4096,3046
80196,4096,3695
376680,16384,14344
83840,4096,3920
320976,16384,12034
153216,8192,6287
257412,16384,9548
381156,16384,14501
342080,16384,12980
217824,16384,7975
288064,16384,11006
177116,8192,7441
175492,8192,7324
367152,16384,13946
176484,8192,7384
289640,16384,11113
142120,8192,5679
166488,8192,6864
78632,4096,3593
342076,16384,12991
102944,8192,4137
366512,16384,13932
157140,8192,6517
284376,16384,10769
364216,16384,13806
168244,8192,6988
147456,8192,6007
71204,4096,3237
61088,4096,2855
177412,8192,7488
120132,8192,4925
342180,16384,12980
158588,8192,6606
287672,16384,10970
337740,16384,12740
175532,8192,7339
367472,16384,13932
178112,8192,7471
45204,2048,2341
291572,16384,11198
387072,16384,14895
176792,8192,7382
60016,4096,2777
177228,8192,7458
338956,16384,12807
342640,16384,13004
373768,16384,14189
382800,16384,14595
174788,8192,7292
338636,16384,12761
320728,16384,11977
358184,16384,13501
176648,8192,7408
325540,16384,12312
343012,16384,13043
361776,16384,13670
286776,16384,10955
295196,16384,11350
166636,8192,6885
133496,8192,5646
167712,8192,6925
335160,16384,12605
364924,16384,13859
80548,4096,3748
343068,16384,13089
365540,16384,13879
276892,16384,10531
171504,8192,7101
145856,8192,5942
339068,16384,12831
305896,16384,11817
356380,16384,13461
356248,16384,13394
144276,8192,5832
281296,16384,10692
131392,8192,5498
168116,8192,6958
147636,8192,6072
249072,16384,9368
165288,8192,6873
358208,16384,13710
171512,8192,7108
290556,16384,11197
290580,16384,11205
365448,16384,13865
286860,16384,10995
287872,16384,11023
282792,16384,10790
128652,8192,5335
132876,8192,5587
165344,8192,6824
148256,8192,6071
174916,8192,7308
284552,16384,10785
249484,16384,9506
174932,8192,7295
342928,16384,13058
285624,16384,10956
174812,8192,7287
333548,16384,12554
220348,16384,8043
162324,8192,6771
177356,8192,7442
263884,16384,9823
173300,8192,7245
336556,16384,12635
161716,8192,6591
179048,8192,7575
336608,16384,12665
320648,16384,11959
167940,8192,6988
177164,8192,7426
338268,16384,12759
177004,8192,7435
326724,16384,12304
372636,16384,14103
152724,8192,6244
132616,8192,5562
59492,4096,2760
290876,16384,11229
177404,8192,7474
267872,16384,10042
333864,16384,12553
322844,16384,12102
33220,2048,1708
79188,4096,3657
322964,16384,12116
377884,16384,14391
168256,8192,6992
155456,8192,6411
334060,16384,12586
268100,16384,10086
246516,16384,9330
286628,16384,10967
176564,8192,7400
380796,16384,14507
142296,8192,6083
171944,8192,7144
177212,8192,7438
380828,16384,14509
362940,16384,13749
281584,16384,10730
320328,16384,11918
363532,16384,13757
172556,8192,7154
167308,8192,6930
89672,4096,4204
290340,16384,11186
376644,16384,14336
363024,16384,13715
341340,16384,12933
380604,16384,14485
27120,2048,1400
177372,8192,7478
176740,8192,7426
300816,16384,11570
289892,16384,11143
79044,4096,3644
268556,16384,10126
165960,8192,6829
289680,16384,11107
176872,8192,7432
177156,8192,7412
173336,8192,7221
343504,16384,13092
386260,16384,14822
366368,16384,13899
157504,8192,6523
290044,16384,11134
375652,16384,14245
335148,16384,12598
281888,16384,10775
140260,8192,5940
132240,8192,5553
172600,8192,7165
175776,8192,7382
156140,8192,6463
343116,16384,13042
341820,16384,12926
342040,16384,12945
285428,16384,10893
175204,8192,7300
275524,16384,10508
279348,16384,10699
366212,16384,13922
377040,16384,14350
70532,4096,3208
365244,16384,13897
80456,4096,3713
287972,16384,11060
332032,16384,12595
346724,16384,13260
356100,16384,13384
156860,8192,6480
338940,16384,12817
157312,8192,6539
287236,16384,11005
177244,8192,7445
157076,8192,6484
132832,8192,5559
227156,16384,8464
294420,16384,11412
313216,16384,11595
364328,16384,13734
175300,8192,7298
330036,16384,12391
28912,2048,1528
268384,16384,10105
148120,8192,6049
173336,8192,7237
341292,16384,12956
80244,4096,3707
270072,16384,10226
171976,8192,7184
246056,16384,9302
245972,16384,9268
157060,8192,6496
176852,8192,7408
168340,8192,6984
133148,8192,5621
357928,16384,13494
177252,8192,7448
359876,16384,13620
257576,16384,9589
148312,8192,6054
342496,16384,12967
175432,8192,7329
176888,8192,7405
128756,8192,5356
156984,8192,6525
176300,8192,7377
168020,8192,6977
173340,8192,7238
19116,1024,1106
361012,16384,13549
340208,16384,12840
171392,8192,7122
356332,16384,13387
132480,8192,5552
78316,4096,3584
241896,16384,9063
290704,16384,11235
81084,4096,3758
176524,8192,7399
173392,8192,7240
24660,2048,1276
361740,16384,13646
287912,16384,11029
175764,8192,7376
288788,16384,11072
320940,16384,11979
357988,16384,13464
310324,16384,11463
81108,4096,3759
78000,4096,3549
39356,2048,2030
114284,8192,4764
132564,8192,5553
281244,16384,10705
322868,16384,12120
342908,16384,13016
386836,16384,14866
361384,16384,13617
171716,8192,7132
363236,16384,13757
19876,1024,1157
282264,16384,10740
246132,16384,9303
365736,16384,13929
152260,8192,6303
336536,16384,12647
366884,16384,13913
339196,16384,12815
268100,16384,10108
342788,16384,13026
299224,16384,11481
148128,8192,6051
337324,16384,12662
327052,16384,12238
286272,16384,10895
281580,16384,10740
34324,2048,1796
281152,16384,10684
360156,16384,13576
80592,4096,3735
70988,4096,3226
78468,4096,3601
169528,8192,7055
378028,16384,14378
162412,8192,6619
254544,16384,9593
60400,4096,2795
173096,8192,7189
356040,16384,13347
176580,8192,7407
375868,16384,14350
365504,16384,13856
335272,16384,12664
37864,2048,1979
287968,16384,10999
284684,16384,10898
157020,8192,6518
157172,8192,6525
274332,16384,10465
132216,8192,5534
167980,8192,6966
361524,16384,13627
280516,16384,10655
171288,8192,7062
177240,8192,7449
364128,16384,13851
76540,4096,3515
173024,8192,7172
177984,8192,7501
176412,8192,7366
383448,16384,14708
176376,8192,7408
338724,16384,12771
284740,16384,10816
289672,16384,11101
330404,16384,12392
100080,4096,4391
176572,8192,7425
291900,16384,11259
51848,4096,2377
171408,8192,7103
338972,16384,12822
128384,8192,5330
79668,4096,3662
318888,16384,11877
377216,16384,14330
289556,16384,11108
332200,16384,12465
385408,16384,14755
173024,8192,7191
281172,16384,10627
176524,8192,7377
372640,16384,14103
112492,8192,4667
288324,16384,11088
175328,8192,7321
131420,8192,5479
154024,8192,6362
60964,4096,2823
131208,8192,5470
289844,16384,11155
321032,16384,12044
79728,4096,3686
177004,8192,7434
133904,8192,5626
353460,16384,13473
356784,16384,13585
123160,8192,5092
173264,8192,7219
178504,8192,7506
269896,16384,10248
280444,16384,10652
66024,4096,2946
379672,16384,14517
133100,8192,5618
311728,16384,11581
71120,4096,3232
226660,16384,8389
167936,8192,6960
340836,16384,12870
339132,16384,12852
378424,16384,14477
343144,16384,13063
168228,8192,6985
165040,8192,6892
280692,16384,10651
25436,2048,1301
74636,4096,3391
244084,16384,9176
288672,16384,11078
290460,16384,11175
314232,16384,11676
168408,8192,7018
174028,8192,7293
382712,16384,14632
177120,8192,7435
82280,4096,3865
175204,8192,7322
341872,16384,12940
169268,8192,7047
281392,16384,10728
280588,16384,10642
245528,16384,9274
72960,4096,3377
154104,8192,6377
290452,16384,11171
137940,8192,5811
171436,8192,7084
45092,2048,2321
58852,4096,2724
289760,16384,11132
322692,16384,12069
157156,8192,6516
66768,4096,2981
275856,16384,10366
278752,16384,10616
325728,16384,12578
290660,16384,11224
358184,16384,13514
176888,8192,7449
172700,8192,7202
256956,16384,9727
315908,16384,11772
331972,16384,12434
172932,8192,7216
358040,16384,13516
128236,8192,5322
342972,16384,13047
152972,8192,6264
365276,16384,13864
236716,16384,8805
277580,16384,10493
323156,16384,12145
340160,16384,12907
342196,16384,13016
132988,8192,5599
127576,8192,5269
123448,8192,5119
60308,4096,2796
250964,16384,9620
129192,8192,5379
157336,8192,6548
174924,8192,7310
376512,16384,14318
173196,8192,7215
162400,8192,6791
292772,16384,11304
173192,8192,7201
366212,16384,13892
174752,8192,7255
168136,8192,6961
290484,16384,11175
173556,8192,7231
362708,16384,13727
81344,4096,3783
334192,16384,12635
279300,16384,10604
322372,16384,12065
285940,16384,10903
151176,8192,6210
155744,8192,6466
277528,16384,10494
339564,16384,12767
328380,16384,12459
323104,16384,12119
128880,8192,5335
166744,8192,6932
164368,8192,6779
80016,4096,3703
344476,16384,13095
309344,16384,12022
340816,16384,12856
380644,16384,14461
350116,16384,13283
175060,8192,7336
172920,8192,7213
337488,16384,12726
51912,4096,2370
147956,8192,6042
288760,16384,11074
353180,16384,13260
289964,16384,11157
313688,16384,12004
286092,16384,10926
281316,16384,10680
341088,16384,12898
356220,16384,13360
249872,16384,9506
146708,8192,6144
331288,16384,12548
80308,4096,3688
133112,8192,5629
340284,16384,12848
275824,16384,10387
80672,4096,3763
80116,4096,3689
268512,16384,10113
375724,16384,14277
326536,16384,12306
290052,16384,11116
290152,16384,11151
287980,16384,10995
132644,8192,5574
289364,16384,11062
368112,16384,14011
163872,8192,6724
79672,4096,3657
71480,4096,3284
332148,16384,12445
288316,16384,11028
171584,8192,7147
136124,8192,5707
14276,1024,814
134364,8192,5666
80520,4096,3729
177468,8192,7484
365980,16384,13846
365248,16384,13867
173216,8192,7202
168016,8192,6976
36392,2048,1902
286068,16384,10952
37876,2048,1993
328788,16384,12299
105616,8192,4319
173456,8192,7262
337264,16384,12700
252944,16384,9524
164672,8192,6798
386520,16384,14824
362496,16384,13715
340292,16384,12880
156696,8192,6469
130400,8192,5398
58676,4096,2697
308648,16384,11961
174720,8192,7276
286308,16384,10936
285596,16384,10902
176428,8192,7366
380924,16384,14525
79696,4096,3664
156916,8192,6508
170668,8192,7147
148344,8192,6093
334600,16384,12604
290400,16384,11159
277512,16384,10482
375808,16384,14281
141220,8192,5992
374244,16384,14200
311092,16384,11532
340348,16384,12863
176820,8192,7450
290188,16384,11106
172824,8192,7161
357588,16384,13488
355180,16384,13381
247692,16384,9378
338932,16384,12806
342272,16384,12975
334148,16384,12607
279608,16384,10569
153380,8192,6298
262996,16384,9872
78312,4096,3624
281612,16384,10723
243212,16384,9139
377124,16384,14344
176356,8192,7395
173204,8192,7205
361208,16384,13611
362232,16384,13644
261244,16384,9792
286340,16384,10913
157988,8192,6600
377364,16384,14385
261496,16384,9813
245296,16384,9246
358852,16384,13537
176728,8192,7414
290400,16384,11158
155396,8192,6430
57060,4096,2612
154788,8192,6356
174284,8192,7277
226244,16384,8407
340480,16384,12855
384688,16384,14716
177000,8192,7428
376760,16384,14359
166692,8192,6904
374392,16384,14187
261172,16384,9755
127460,8192,5262
91524,4096,4188
166420,8192,6853
80404,4096,3717
337404,16384,12718
278180,16384,10517
342872,16384,13052
241160,16384,9088
176668,8192,7430
278908,16384,10702
288060,16384,11035
168500,8192,7036
168372,8192,6999
269600,16384,10190
176536,8192,7397
177972,8192,7500
298620,16384,11424
171324,8192,7095
152568,8192,6345
328424,16384,12634
313276,16384,11599
197416,8192,7737
287644,16384,10963
168176,8192,6976
342096,16384,12937
314912,16384,11740
372684,16384,14110
156112,8192,6430
176984,8192,7430
353136,16384,13212
303984,16384,11675
177448,8192,7466
311660,16384,11548
170272,8192,7091
259168,16384,9608
338804,16384,12796
383004,16384,14599
290792,16384,11208
288404,16384,11024
269416,16384,10187
290416,16384,11162
265680,16384,9969
177032,8192,7441
129240,8192,5399
170552,8192,7003
280316,16384,10603
243108,16384,9134
149152,8192,6103
322060,16384,12030
334596,16384,12597
281600,16384,10751
382348,16384,14593
288724,16384,11059
339092,16384,12818
315740,16384,11794
338028,16384,12731
341164,16384,12902
285744,16384,10890
361472,16384,13710
295380,16384,11273
290520,16384,11189
363008,16384,13740
260328,16384,9706
270700,16384,10251
266468,16384,10015
269900,16384,10179
342944,16384,13030
261156,16384,9929
156672,8192,6507
180944,8192,7667
337132,16384,12690
125724,8192,5250
230200,16384,8653
331904,16384,12574
177352,8192,7445
342196,16384,12909
235412,16384,8769
356396,16384,13386
331928,16384,12434
245196,16384,9262
172240,8192,7093
162620,8192,6650
177316,8192,7447
175740,8192,7369
78084,4096,3584
56808,4096,2618
357276,16384,13431
176992,8192,7458
164324,8192,6777
174844,8192,7298
341200,16384,12958
287828,16384,10960
382864,16384,14646
279420,16384,10571
246152,16384,9318
122296,8192,5034
237256,16384,8870
297412,16384,11359
155200,8192,6383
279716,16384,10597
353324,16384,13191
309680,16384,11818
352476,16384,13176
26380,2048,1355
282772,16384,10899
373716,16384,14175
287092,16384,10976
342940,16384,13035
172612,8192,7180
320532,16384,11957
168256,8192,6993
37708,2048,1982
268728,16384,10186
339860,16384,12842
236656,16384,8792
175040,8192,7265
376528,16384,14312
269408,16384,10195
241572,16384,9048
290540,16384,11192
37916,2048,1991
242704,16384,9109
343072,16384,13068
381616,16384,14598
177196,8192,7465
175652,8192,7369
319584,16384,11945
363236,16384,13752
171696,8192,7130
341332,16384,12948
176080,8192,7377
124204,8192,5150
310616,16384,12116
173128,8192,7212
71340,4096,3242
268992,16384,10131
161080,8192,6750
342764,16384,13002
367392,16384,14006
128988,8192,5350
265436,16384,9977
168656,8192,7043
132976,8192,5596
89452,4096,4184
357088,16384,13415
175580,8192,7351
328708,16384,12299
371748,16384,14041
268992,16384,10159
157564,8192,6543
286368,16384,10924
85572,4096,3979
288576,16384,11073
363092,16384,13752
120832,8192,4959
175608,8192,7353
132224,8192,5524
291232,16384,11238
290428,16384,11182
71300,4096,3255
245868,16384,9283
76396,4096,3496
88896,4096,4163
285680,16384,10860
287892,16384,10981
342016,16384,12992
155204,8192,6365
157308,8192,6554
169820,8192,7105
156972,8192,6490
324908,16384,12297
280944,16384,10695
132704,8192,5554
172176,8192,7103
353872,16384,13490
341196,16384,12883
289388,16384,11083
333712,16384,12595
173272,8192,7209
341952,16384,12945
377144,16384,14396
311832,16384,11473
80948,4096,3773
366916,16384,13947
340640,16384,12904
275496,16384,10505
344400,16384,13108
157264,8192,6543
176724,8192,7382
358972,16384,13714
337920,16384,12700
357828,16384,13425
290048,16384,11136
363028,16384,13699
108884,8192,4423
177980,8192,7458
360672,16384,13555
375256,16384,14195
287620,16384,10957
329052,16384,12337
323028,16384,12131
376360,16384,14261
257780,16384,9575
119856,8192,4889
337012,16384,12665
164484,8192,6796
282868,16384,10796
352240,16384,13416
38048,2048,2002
170224,8192,7114
245444,16384,9247
365196,16384,13862
382956,16384,14637
104332,8192,4235
217952,16384,8014
335308,16384,12642
75632,4096,3530
147840,8192,6047
176644,8192,7404
176156,8192,7367
150656,8192,6105
176888,8192,7418
171048,8192,7035
290588,16384,11170
149136,8192,6131
261176,16384,9774
283932,16384,10770
290328,16384,11141
378120,16384,14396
127352,8192,5270
133136,8192,5635
168376,8192,7011
331892,16384,12587
339300,16384,12873
286384,16384,10987
176504,8192,7373
59584,4096,2783
381824,16384,14581
360276,16384,13515
60524,4096,2810
173300,8192,7230
39384,2048,2038
274164,16384,10477
176720,8192,7439
269316,16384,10173
338728,16384,12852
177344,8192,7471
384048,16384,14735
31480,2048,1588
54548,4096,2435
365380,16384,13844
343264,16384,13066
267952,16384,10093
128856,8192,5349
167376,8192,6917
342920,16384,13025
78244,4096,3547
268368,16384,10066
284916,16384,10829
176084,8192,7332
383324,16384,14677
313344,16384,11627
307572,16384,11866
353812,16384,13233
339064,16384,12812
77748,4096,3530
374244,16384,14196
137844,8192,5822
75628,4096,3415
342336,16384,12970
342836,16384,13015
367092,16384,13986
338516,16384,12805
357580,16384,13634
78724,4096,3601
29160,2048,1555
291356,16384,11269
358344,16384,13672
380860,16384,14495
175820,8192,7367
132960,8192,5586
324236,16384,12194
344060,16384,13117
241244,16384,9026
365480,16384,13866
357968,16384,13511
171908,8192,7148
176496,8192,7371
270236,16384,10222
335172,16384,12610
339064,16384,12813
33968,2048,1771
176960,8192,7441
173056,8192,7179
378620,16384,14477
133132,8192,5603
80336,4096,3727
68512,4096,3138
378176,16384,14445
133484,8192,5611
176588,8192,7393
56740,4096,2593
277200,16384,10419
338612,16384,12756
345216,16384,13145
155848,8192,6407
151948,8192,6237
284788,16384,10849
161824,8192,6754
157016,8192,6481
360524,16384,13562
319040,16384,11914
374076,16384,14228
87008,4096,4034
176576,8192,7385
321880,16384,12017
155276,8192,6403
353332,16384,13452
104228,8192,4213
383328,16384,14694
290096,16384,11132
88872,4096,4152
173220,8192,7235
310796,16384,11470
173876,8192,7227
112224,8192,4611
335892,16384,12690
370712,16384,14134
340912,16384,12924
288160,16384,11052
168236,8192,6987
333840,16384,12564
168880,8192,7006
289616,16384,11078
288836,16384,11070
175560,8192,7346
343800,16384,13058
80412,4096,3719
364652,16384,13782
168116,8192,6960
277644,16384,10521
175320,8192,7302
174576,8192,7260
72500,4096,3337
374196,16384,14190
33384,2048,1707
174988,8192,7330
157120,8192,6538
275708,16384,10510
363440,16384,13755
156952,8192,6491
378104,16384,14413
366948,16384,13929
367304,16384,13952
176880,8192,7404
289884,16384,11142
177328,8192,7462
377236,16384,14313
344336,16384,13103
320780,16384,12040
122488,8192,5039
334112,16384,12599
76708,4096,3514
380888,16384,14528
289784,16384,11115
260572,16384,9699
331708,16384,12527
270528,16384,10283
109668,8192,4486
335408,16384,12823
342028,16384,12967
176776,8192,7440
290464,16384,11175
177228,8192,7442
289656,16384,11089
374404,16384,14224
284728,16384,10831
378508,16384,14448
176440,8192,7379
177316,8192,7476
279724,16384,10749
154568,8192,6328
289968,16384,11105
100452,4096,4632
76596,4096,3515
168332,8192,6993
283544,16384,10790
286720,16384,10959
345268,16384,13180
366496,16384,13922
288660,16384,11033
376716,16384,14348
71668,4096,3283
70084,4096,3184
79892,4096,3700
321116,16384,11959
283592,16384,10829
34248,2048,1792
334692,16384,12617
128440,8192,5336
168344,8192,7010
243444,16384,9129
356544,16384,13548
375860,16384,14284
290268,16384,11187
177340,8192,7464
177352,8192,7468
354688,16384,13323
166232,8192,6818
246060,16384,9303
290280,16384,11134
290364,16384,11149
287800,16384,10975
257328,16384,9549
279036,16384,10670
104740,8192,4260
225904,16384,8360
176984,8192,7441
376312,16384,14317
162544,8192,6647
366992,16384,13968
174780,8192,7274
284916,16384,10872
168244,8192,6988
177004,8192,7460
283196,16384,10830
132820,8192,5569
176640,8192,7402
147228,8192,6008
171816,8192,7114
74568,4096,3374
134484,8192,5639
162644,8192,6639
290320,16384,11172
245084,16384,9238
168344,8192,7009
285820,16384,10915
174740,8192,7316
341788,16384,12919
177004,8192,7429
313852,16384,11629
171148,8192,7059
285156,16384,10779
363048,16384,13801
371556,16384,14027
338020,16384,12709
274280,16384,10457
341948,16384,12960
176672,8192,7431
333976,16384,12576
129124,8192,5369
83716,4096,3821
365328,16384,13877
365592,16384,13910
148172,8192,6052
342396,16384,12986
329636,16384,12301
288144,16384,10995
250036,16384,9521
374412,16384,14237
153184,8192,6295
68676,4096,3069
171364,8192,7093
177320,8192,7470
177528,8192,7472
289836,16384,11129
290696,16384,11232
173424,8192,7210
156300,8192,6440
37864,2048,1977
244272,16384,9159
171576,8192,7115
282224,16384,10783
343036,16384,13050
289540,16384,11085
290432,16384,11172
241712,16384,9091
338248,16384,12749
82724,4096,3860
286048,16384,10867
372116,16384,14050
155616,8192,6434
166188,8192,6855
132856,8192,5565
376464,16384,14338
99748,4096,4440
76380,4096,3546
290400,16384,11160
331788,16384,12488
175488,8192,7327
285964,16384,10926
84008,4096,3910
269196,16384,10149
162844,8192,6657
367008,16384,13931
172576,8192,7158
157308,8192,6542
95896,4096,4385
91204,4096,4307
171068,8192,7067
313708,16384,11607
222152,16384,8169
284652,16384,10807
331368,16384,12426
168008,8192,6977
344656,16384,13156
333444,16384,12560
76920,4096,3531
170436,8192,7010
338788,16384,12777
132688,8192,5568
134348,8192,5678
16108,1024,950
132900,8192,5593
232592,16384,8592
353352,16384,13215
288332,16384,11021
172468,8192,7149
364060,16384,13783
89172,4096,4161
331692,16384,12458
166600,8192,6892
58684,4096,2715
143540,8192,6159
131644,8192,5519
373416,16384,14202
138456,8192,5925
245704,16384,9298
342668,16384,13011
177272,8192,7448
110848,8192,4524
72024,4096,3291
333692,16384,12555
328536,16384,12274
342892,16384,13023
173240,8192,7214
16072,1024,941
133532,8192,5608
381404,16384,14563
133344,8192,5591
330212,16384,12467
342808,16384,13046
71472,4096,3276
170372,8192,7116
290808,16384,11212
177244,8192,7462
290104,16384,11133
35860,2048,1860
374244,16384,14209
271960,16384,10309
175212,8192,7369
37980,2048,1989
290412,16384,11150
280772,16384,10664
189088,8192,7954
324380,16384,12198
166264,8192,6988
289364,16384,11071
376568,16384,14331
329144,16384,12288
364768,16384,13811
36520,2048,1903
156624,8192,6480
342204,16384,12970
268240,16384,10147
172592,8192,7159
171360,8192,7065
301748,16384,11664
134864,8192,5682
79720,4096,3666
176760,8192,7391
257472,16384,9548
330776,16384,12421
358292,16384,13535
324332,16384,12206
176584,8192,7405
372520,16384,14074
339448,16384,12859
270496,16384,10264
148340,8192,6092
37660,2048,1938
88396,4096,4113
350012,16384,13263
168388,8192,7006
177248,8192,7447
78640,4096,3584
168172,8192,6967
51460,4096,2355
374080,16384,14223
338412,16384,12678
290496,16384,11181
70780,4096,3229
367700,16384,13975
285536,16384,10844
80580,4096,3743
290368,16384,11167
331624,16384,12442
288372,16384,11012
241876,16384,9080
244572,16384,9207
342760,16384,12984
37948,2048,1982
15580,1024,903
8568,512,601
237152,16384,8836
166132,8192,6842
36108,2048,1859
288640,16384,11088
176792,8192,7399
37920,2048,1975
288024,16384,11038
286640,16384,10966
270644,16384,10268
172860,8192,7172
176540,8192,7383
168736,8192,7027
288832,16384,11086
35880,2048,1845
172812,8192,7177
367232,16384,13999
176468,8192,7392
336696,16384,12602
157248,8192,6531
129632,8192,5405
8680,512,612
70852,4096,3228
290544,16384,11190
297596,16384,11443
321788,16384,12015
356344,16384,13405
288656,16384,11043
363000,16384,13676
108488,8192,4402
289568,16384,11083
223240,16384,8288
175604,8192,7353
284560,16384,10832
175504,8192,7327
172040,8192,7168
342096,16384,12948
270384,16384,10252
176152,8192,7345
268840,16384,10165
164264,8192,6762
266676,16384,10056
147772,8192,6010
173148,8192,7188
163796,8192,6749
246080,16384,9297
338344,16384,12793
305004,16384,11781
174512,8192,7257
375612,16384,14222
164312,8192,6770
112788,8192,4652
173152,8192,7187
228412,16384,8526
286492,16384,10951
258248,16384,9905
246276,16384,9327
360752,16384,13564
84356,4096,3953
289704,16384,11096
69644,4096,3147
16516,1024,973
172196,8192,7208
175444,8192,7313
243380,16384,9194
176476,8192,7414
157396,8192,6570
233388,16384,8636
177128,8192,7437
280204,16384,10659
176836,8192,7401
176460,8192,7366
291116,16384,11207
323244,16384,12153
175812,8192,7392
382948,16384,14649
330276,16384,12488
152556,8192,6258
342316,16384,12990
289936,16384,11166
245920,16384,9304
290332,16384,11162
279256,16384,10592
166600,8192,6893
290160,16384,11152
77132,4096,3523
153064,8192,6278
309808,16384,11400
156284,8192,6477
334588,16384,12612
372636,16384,14107
177236,8192,7445
342276,16384,12996
343080,16384,13065
376628,16384,14344
157256,8192,6512
332976,16384,12651
157004,8192,6526
177056,8192,7459
340648,16384,12889
288144,16384,11023
268716,16384,10139
342344,16384,13021
384568,16384,14706
382600,16384,14621
120732,8192,4930
245776,16384,9263
358264,16384,13512
334176,16384,12583
176704,8192,7419
332144,16384,12438
85596,4096,3979
132760,8192,5553
176924,8192,7410
176540,8192,7382
382940,16384,14626
283268,16384,10852
177248,8192,7467
171828,8192,7117
358528,16384,13722
271436,16384,10305
268820,16384,10132
304824,16384,11791
177152,8192,7419
281584,16384,10730
342740,16384,12979
37992,2048,1993
166552,8192,6864
177256,8192,7448
78520,4096,3599
176632,8192,7421
177296,8192,7474
313992,16384,11677
176140,8192,7347
137796,8192,5809
73052,4096,3378
128920,8192,5352
339132,16384,12846
141804,8192,6046
173336,8192,7206
332096,16384,12439
171504,8192,7095
36728,2048,1906
366236,16384,13906
108568,8192,4419
309772,16384,12034
338816,16384,12831
381008,16384,14548
383216,16384,14651
166208,8192,6843
176628,8192,7421
361296,16384,13619
281500,16384,10727
172360,8192,7248
80544,4096,3751
285848,16384,10918
339508,16384,12892
285156,16384,10844
317588,16384,11848
290136,16384,11129
155104,8192,6409
341972,16384,12961
281256,16384,10665
152256,8192,6209
177092,8192,7425
283692,16384,10843
288388,16384,11025
87768,4096,4080
374336,16384,14223
320400,16384,11996
175188,8192,7307
155092,8192,6375
176580,8192,7414
8740,512,615
381024,16384,14536
279560,16384,10705
175548,8192,7347
8512,512,589
173332,8192,7263
156884,8192,6501
359440,16384,13556
289588,16384,11097
172916,8192,7181
290456,16384,11205
19956,1024,1161
175468,8192,7318
133656,8192,5637
245480,16384,9269
173088,8192,7175
378976,16384,14472
322112,16384,12065
341100,16384,12939
76292,4096,3462
380484,16384,14418
331924,16384,12517
123912,8192,5121
376608,16384,14339
288596,16384,11039
177312,8192,7462
128324,8192,5313
380632,16384,14486
317292,16384,11777
174636,8192,7287
171380,8192,7123
306108,16384,11823
340392,16384,12841
380956,16384,14526
167884,8192,6960
337316,16384,12725
288980,16384,11089
343224,16384,13051
288176,16384,10988
80372,4096,3707
364668,16384,13840
290404,16384,11159
128648,8192,5330
360336,16384,13598
362728,16384,13688
173380,8192,7248
350992,16384,13310
79596,4096,3685
174860,8192,7311
384860,16384,14753
338192,16384,12740
175188,8192,7295
342912,16384,13023
280744,16384,10662
334176,16384,12631
277344,16384,10456
284392,16384,10781
126368,8192,5268
166668,8192,6893
367248,16384,13991
67680,4096,3075
313864,16384,11645
365276,16384,13814
77792,4096,3525
356580,16384,13422
275492,16384,10499
343112,16384,13068
177148,8192,7443
375936,16384,14298
177180,8192,7435
380944,16384,14516
76600,4096,3525
367728,16384,14058
166392,8192,6841
167492,8192,6955
113548,8192,4707
88464,4096,4148
74228,4096,3359
288124,16384,11038
19716,1024,1137
176400,8192,7364
74280,4096,3340
324792,16384,12268
361400,16384,13667
122796,8192,5041
87700,4096,4067
177276,8192,7454
363096,16384,13702
151440,8192,6180
58984,4096,2713
208256,8192,8271
337400,16384,12722
245776,16384,9242
167344,8192,7009
327376,16384,12309
269512,16384,10161
343768,16384,13108
160636,8192,6670
341552,16384,12924
285560,16384,10885
179740,8192,7495
336448,16384,12616
364764,16384,13794
132156,8192,5551
171528,8192,7133
171684,8192,7128
166512,8192,6859
176884,8192,7467
194588,8192,8179
133496,8192,5624
29112,2048,1538
358076,16384,13663
162456,8192,6627
173676,8192,7239
67664,4096,3057
191408,8192,7996
62380,4096,2937
172948,8192,7177
172956,8192,7207
342376,16384,13000
342492,16384,13030
177148,8192,7438
171248,8192,7064
281256,16384,10698
142644,8192,5733
270288,16384,10227
284240,16384,10816
177448,8192,7497
305660,16384,11792
84248,4096,3936
80392,4096,3714
153704,8192,6324
278976,16384,10546
167128,8192,7028
178288,8192,7515
155424,8192,6426
376196,16384,14244
334988,16384,12642
290708,16384,11191
127220,8192,5254
175452,8192,7319
385572,16384,14797
244908,16384,9238
174576,8192,7241
334472,16384,12641
162236,8192,6620
353928,16384,13261
177320,8192,7461
375892,16384,14293
145004,8192,6214
175248,8192,7310
72456,4096,3345
378200,16384,14421
288436,16384,11021
111112,8192,4550
148136,8192,6057
387036,16384,14908
175380,8192,7333
386428,16384,14873
157196,8192,6515
364840,16384,13805
229592,8192,9274
156368,8192,6462
161484,8192,6786
289828,16384,11128
290732,16384,11242
256016,16384,9502
175280,8192,7320
176656,8192,7424
60172,4096,2771
80364,4096,3726
171444,8192,7080
71476,4096,3277
131204,8192,5485
380888,16384,14512
164196,8192,6751
154156,8192,6348
173632,8192,7289
80556,4096,3751
177412,8192,7482
284828,16384,10843
361340,16384,13631
337692,16384,12742
244696,16384,9242
81040,4096,3779
80484,4096,3736
282836,16384,10856
184276,8192,7685
289648,16384,11095
177220,8192,7439
176692,8192,7418
360584,16384,13534
73364,4096,3406
382628,16384,14620
322996,16384,12135
173244,8192,7209
245376,16384,9248
176872,8192,7419
167836,8192,6954
384380,16384,14688
290196,16384,11169
381000,16384,14543
354948,16384,13356
217844,16384,8004
335392,16384,12610
147188,8192,5981
336752,16384,12682
348472,16384,13190
331120,16384,12502
172880,8192,7181
125700,8192,5249
362820,16384,13681
277124,16384,10525
268220,16384,10142
175232,8192,7338
321984,16384,12077
281492,16384,10726
363008,16384,13679
255508,16384,9440
100692,4096,4675
320836,16384,11961
177148,8192,7421
173076,8192,7220
282656,16384,10886
280816,16384,10621
322848,16384,12090
177220,8192,7441
288636,16384,11055
76752,4096,3551
175576,8192,7328
372668,16384,14106
334204,16384,12590
132160,8192,5534
270356,16384,10249
366944,16384,13954
157048,8192,6515
284356,16384,10770
354784,16384,13303
367088,16384,13946
136300,8192,5786
176832,8192,7454
290860,16384,11193
170772,8192,7029
67928,4096,3057
80264,4096,3698
126752,8192,5204
331808,16384,12551
163744,8192,6703
245528,16384,9281
285500,16384,10895
37908,2048,1984
156396,8192,6455
286400,16384,10945
289736,16384,11137
342808,16384,12998
80348,4096,3699
373936,16384,14171
356568,16384,13430
87676,4096,4057
281024,16384,10694
167468,8192,6917
320944,16384,12092
360484,16384,13635
177540,8192,7493
150848,8192,6141
176408,8192,7360
267924,16384,10102
156568,8192,6497
157272,8192,6532
176840,8192,7411
341156,16384,12969
362680,16384,13707
270408,16384,10258
131220,8192,5473
172860,8192,7180
174024,8192,7266
172036,8192,7189
280908,16384,10685
279052,16384,10552
322912,16384,12119
177152,8192,7427
89540,4096,4209
339100,16384,12789
339072,16384,12834
344128,16384,13055
156992,8192,6523
128756,8192,5335
365160,16384,13797
277016,16384,10437
282488,16384,10777
329152,16384,12337
342216,16384,12994
176696,8192,7420
173196,8192,7190
289880,16384,11152
225824,16384,8372
106636,8192,4272
360672,16384,13555
168072,8192,6984
82704,4096,3844
289604,16384,11143
355080,16384,13373
309116,16384,11359
332160,16384,12431
377588,16384,14408
251816,16384,9557
246224,16384,9331
37928,2048,1993
288712,16384,11069
332344,16384,12636
357968,16384,13458
164180,8192,6745
289988,16384,11108
236168,16384,8785
20072,1024,1180
334200,16384,12590
333076,16384,12561
365324,16384,13847
292624,16384,11271
246092,16384,9299
322440,16384,12126
372088,16384,14088
285368,16384,10843
282260,16384,10762
380372,16384,14421
365556,16384,13885
35380,2048,1801
175508,8192,7328
289828,16384,11128
171656,8192,7121
340996,16384,12912
177304,8192,7460
358180,16384,13497
269960,16384,10177
275404,16384,10477
288388,16384,11025
352112,16384,13133
273704,16384,10361
132192,8192,5529
176624,8192,7404
322524,16384,12058
178020,8192,7510
378636,16384,14481
341444,16384,12927
333788,16384,12579
236976,16384,8825
338004,16384,12755
245756,16384,9232
174288,8192,7284
176720,8192,7426
220860,16384,8118
165160,8192,6783
80144,4096,3699
221360,16384,8106
129472,8192,5419
270472,16384,10268
175708,8192,7360
7852,512,545
220732,16384,8078
381324,16384,14546
342964,16384,13036
175584,8192,7364
166628,8192,6887
177404,8192,7480
79632,4096,3663
267872,16384,10067
250588,16384,9605
176860,8192,7397
217236,16384,7964
155788,8192,6478
356664,16384,13600
176748,8192,7428
366312,16384,13897
321696,16384,12051
25716,2048,1321
274884,16384,10396
47796,4096,2164
385368,16384,14767
176872,8192,7414
81920,4096,3822
375792,16384,14269
59008,4096,2705
146760,8192,5964
76888,4096,3552
343756,16384,13105
357824,16384,13487
342920,16384,13041
52264,4096,2408
306564,16384,11878
325132,16384,12242
177664,8192,7502
345196,16384,13140
233104,16384,8591
281448,16384,10725
342348,16384,13018
381520,16384,14547
171156,8192,7062
381384,16384,14560
316164,16384,11644
382404,16384,14575
177392,8192,7438
178832,8192,7571
303668,16384,11635
177208,8192,7470
318832,16384,11883
80396,4096,3715
153280,8192,6309
342228,16384,12963
374328,16384,14204
375932,16384,14329
333628,16384,12532
227392,16384,8465
79808,4096,3692
346960,16384,13283
174448,8192,7245
282860,16384,10788
259148,16384,9933
269448,16384,10190
339004,16384,12828
375924,16384,14297
306344,16384,11821
176156,8192,7343
173052,8192,7223
76480,4096,3499
174760,8192,7269
144164,8192,5832
286344,16384,10931
77864,4096,3559
381692,16384,14571
334980,16384,12636
132776,8192,5584
365148,16384,13800
279928,16384,10617
373884,16384,14107
360476,16384,13511
112844,8192,4659
8312,512,581
339344,16384,12851
168020,8192,6953
343848,16384,13077
140192,8192,5847
146504,8192,5954
340744,16384,12908
291412,16384,11214
112996,8192,4681
268512,16384,10088
132976,8192,5596
70528,4096,3211
290592,16384,11207
152740,8192,6268
352548,16384,13183
301384,16384,11600
334028,16384,12593
18968,1024,1094
173296,8192,7228
315492,16384,11732
287008,16384,11014
176624,8192,7397
361308,16384,13608
363324,16384,13757
80556,4096,3737
335004,16384,12659
141888,8192,6054
134444,8192,5690
332072,16384,12463
384392,16384,14664
312976,16384,11588
290184,16384,11149
63556,4096,2962
334752,16384,12572
327096,16384,12413
373932,16384,14175
131892,8192,5501
275484,16384,10350
290228,16384,11116
164156,8192,6747
33176,2048,1710
32504,2048,1685
385132,16384,14811
178228,8192,7512
365572,16384,13876
168252,8192,6986
37992,2048,1997
124260,8192,5139
276176,16384,10368
173056,8192,7217
351736,16384,13357
166008,8192,6977
286308,16384,10947
153328,8192,6311
171500,8192,7095
186052,8192,7772
289684,16384,11113
324772,16384,12258
287728,16384,10983
342944,16384,13036
274800,16384,10460
337568,16384,12759
290460,16384,11169
229952,16384,8591
9616,512,614
282868,16384,10793
174476,8192,7251
186708,8192,7807
286140,16384,10881
177516,8192,7464
304032,16384,11683
297756,16384,11458
290568,16384,11195
387060,16384,14861
337320,16384,12698
276172,16384,10404
131256,8192,5468
265220,16384,9985
32712,2048,1657
276628,16384,10436
151028,8192,6153
176776,8192,7378
361684,16384,13605
345620,16384,13107
172492,8192,7150
287864,16384,11017
356324,16384,13423
334012,16384,12573
171600,8192,7109
175728,8192,7371
361788,16384,13604
174780,8192,7269
307900,16384,11931
178900,8192,7557
261300,16384,9756
360196,16384,13756
382256,16384,14600
364884,16384,13824
290232,16384,11160
155616,8192,6435
157372,8192,6565
329968,16384,12442
357920,16384,13448
171876,8192,7192
157124,8192,6512
280912,16384,10708
285464,16384,10870
355872,16384,13383
152116,8192,6200
177344,8192,7454
171500,8192,7098
249884,16384,9526
180516,8192,7625
321696,16384,12008
166596,8192,6888
357588,16384,13444
290156,16384,11146
243528,16384,9145
177252,8192,7430
167484,8192,6905
177060,8192,7416
126960,8192,5292
381712,16384,14591
290332,16384,11189
78800,4096,3631
72316,4096,3295
384488,16384,14662
321920,16384,12063
154724,8192,6339
80320,4096,3707
266388,16384,10017
284816,16384,10846
80172,4096,3690
363008,16384,13728
80692,4096,3757
353856,16384,13272
337292,16384,12718
168036,8192,6980
177340,8192,7453
176452,8192,7390
329144,16384,12285
246036,16384,9316
355020,16384,13312
81548,4096,3826
37864,2048,1977
176580,8192,7404
176576,8192,7386
381404,16384,14571
267116,16384,10055
80284,4096,3718
151424,8192,6177
269688,16384,10190
360140,16384,13619
78432,4096,3588
341108,16384,12897
342588,16384,12991
80436,4096,3724
161392,8192,6556
381148,16384,14566
367168,16384,13967
167792,8192,6923
143608,8192,5790
157144,8192,6534
113516,8192,4704
288076,16384,11033
382812,16384,14662
290672,16384,11226
364460,16384,13740
288044,16384,11008
177216,8192,7439
342716,16384,13010
366736,16384,13988
380916,16384,14520
78836,4096,3645
217376,16384,7945
255052,16384,9746
217680,16384,7951
132448,8192,5571
359824,16384,13582
381568,16384,14560
357176,16384,13423
172464,8192,7148
155744,8192,6439
334044,16384,12689
274160,16384,10479
166080,8192,6879
363192,16384,13753
384656,16384,14704
330104,16384,12366
167848,8192,6970
157424,8192,6534
74580,4096,3349
362716,16384,13702
172892,8192,7194
152832,8192,6257
284112,16384,10770
358884,16384,13737
270352,16384,10239
287092,16384,10989
173576,8192,7249
170792,8192,7042
338428,16384,12783
373496,16384,14155
175052,8192,7287
328988,16384,12264
171464,8192,7080
377708,16384,14364
291380,16384,11281
248988,16384,9426
290728,16384,11224
176820,8192,7388
338640,16384,12775
362240,16384,13677
77016,4096,3621
175984,8192,7345
368052,16384,14001
173464,8192,7240
289320,16384,11098
127344,8192,5272
130648,8192,5442
359336,16384,13593
289168,16384,11091
61896,4096,2897
383556,16384,14687
154884,8192,6380
238012,16384,8891
290136,16384,11153
366152,16384,13909
167332,8192,6916
176648,8192,7403
380736,16384,14484
245656,16384,9301
175676,8192,7327
279172,16384,10688
80468,4096,3731
163280,8192,6708
244936,16384,9206
291084,16384,11187
383388,16384,14694
246448,16384,9338
356188,16384,13348
174932,8192,7299
177136,8192,7430
158968,8192,6652
288464,16384,11044
279900,16384,10641
290340,16384,11144
364988,16384,13821
362644,16384,13732
127288,8192,5245
246240,16384,9330
17620,1024,999
309760,16384,11824
382512,16384,14662
78032,4096,3556
80412,4096,3713
288688,16384,11035
364712,16384,13793
154244,8192,6286
270580,16384,10295
80556,4096,3749
290344,16384,11146
367552,16384,13978
161052,8192,6743
79532,4096,3675
343252,16384,13059
174828,8192,7290
197280,8192,7763
168388,8192,7008
290160,16384,11177
358836,16384,13521
289704,16384,11101
281324,16384,10683
155324,8192,6415
78824,4096,3650
168100,8192,6991
378012,16384,14424
53152,4096,2405
176576,8192,7406
33944,2048,1714
177248,8192,7448
333656,16384,12676
290344,16384,11175
176620,8192,7398
245124,16384,9247
248472,16384,9446
362296,16384,13677
130584,8192,5450
380664,16384,14468
378368,16384,14458
84072,4096,3940
175664,8192,7375
341920,16384,12905
172948,8192,7179
151252,8192,6161
176384,8192,7392
165536,8192,6946
177284,8192,7455
377836,16384,14409
281272,16384,10696
176136,8192,7360
173028,8192,7165
226336,16384,8412
290608,16384,11210
324492,16384,12210
132728,8192,5576
113672,4096,5120
277424,16384,10476
175852,8192,7351
175684,8192,7328
368692,16384,14095
338976,16384,12808
241972,16384,9047
289544,16384,11075
273608,16384,10348
156972,8192,6506
176740,8192,7426
378092,16384,14399
130564,8192,5415
367304,16384,14001
128116,8192,5320
362316,16384,13666
355492,16384,13384
242228,16384,9097
80356,4096,3705
177212,8192,7438
288692,16384,11057
187984,8192,7660
322952,16384,12130
338088,16384,12758
323056,16384,12151
254848,16384,9743
341604,16384,12963
365088,16384,13821
151628,8192,6206
156912,8192,6498
176704,8192,7422
301596,16384,11654
172700,8192,7208
341252,16384,12880
244744,16384,9214
312388,16384,11938
76312,4096,3490
268176,16384,10148
142284,8192,5711
381348,16384,14532
234160,16384,8693
175656,8192,7352
128308,8192,5321
241900,16384,9082
122600,8192,5044
256788,16384,9860
132356,8192,5541
12968,1024,790
384808,16384,14718
290228,16384,11164
376496,16384,14315
172616,8192,7181
342732,16384,13037
171756,8192,7130
123936,8192,5128
168028,8192,6977
289832,16384,11128
133084,8192,5578
177064,8192,7460
333844,16384,12533
341192,16384,12913
265020,16384,9933
305608,16384,11794
358252,16384,13535
333732,16384,12542
381576,16384,14604
290392,16384,11162
131292,8192,5479
156372,8192,6454
365312,16384,13824
122964,8192,5053
377552,16384,14371
26848,2048,1395
114584,8192,4778
282680,16384,10760
141024,4096,6310
237496,16384,8913
174880,8192,7288
146648,8192,5985
288420,16384,11048
175412,8192,7309
150712,8192,6216
175588,8192,7352
176612,8192,7401
285764,16384,10885
246356,16384,9364
155472,8192,6399
176044,8192,7326
176620,8192,7401
281512,16384,10729
378360,16384,14443
246272,16384,9326
290008,16384,11127
288772,16384,11055
61504,4096,2880
292008,16384,11239
304792,16384,11754
289852,16384,11107
175516,8192,7342
36152,2048,1869
290020,16384,11112
324448,16384,12184
166492,8192,6861
71836,4096,3292
267004,16384,10041
171604,8192,7109
365416,16384,13849
285308,16384,10878
367180,16384,13970
35816,2048,1829
51452,4096,2346
155200,8192,6404
342152,16384,12993
176692,8192,7371
177364,8192,7471
275460,16384,10365
290360,16384,11165
380760,16384,14478
176392,8192,7367
109820,4096,4921
171668,8192,7119
291648,16384,11188
37828,2048,1968
156356,8192,6459
157916,8192,6539
278720,16384,10520
89196,4096,4154
177176,8192,7430
131324,8192,5485
167520,8192,6930
158160,8192,6584
138048,8192,5834
304296,16384,11681
28916,2048,1528
354284,16384,13302
365404,16384,13842
325088,16384,12232
76604,4096,3502
353980,16384,13281
168260,8192,6976
247224,16384,9390
177516,8192,7497
290328,16384,11141
313824,16384,11635
168312,8192,7004
276580,16384,10410
148440,8192,6112
176028,8192,7335
277612,16384,10502
174688,8192,7268
38012,2048,1997
88300,4096,4093
353988,16384,13211
233908,16384,8667
165316,8192,6771
172272,8192,7227
289088,16384,11072
375460,16384,14215
269436,16384,10143
377764,16384,14419
279324,16384,10693
286804,16384,10948
167444,8192,6917
341560,16384,13005
167912,8192,6973
281516,16384,10732
358580,16384,13736
145588,8192,5869
270400,16384,10255
375820,16384,14254
246064,16384,9286
290100,16384,11116
382876,16384,14619
177144,8192,7420
36108,2048,1870
80200,4096,3698
171032,8192,7027
157100,8192,6519
177180,8192,7442
290432,16384,11166
173376,8192,7231
140068,8192,5822
174556,8192,7262
290484,16384,11179
177300,8192,7459
342852,16384,13057
167284,8192,6905
359216,16384,13578
290488,16384,11181
149000,8192,6112
289492,16384,11141
184052,8192,7655
342632,16384,13033
80552,4096,3736
158208,8192,6603
307508,16384,11966
80436,4096,3736
359092,16384,13554
167732,8192,6930
104924,8192,4283
159616,8192,6588
177108,8192,7455
289484,16384,11102
177468,8192,7458
166108,8192,6854
115200,4096,5102
128388,8192,5330
168408,8192,6981
52144,4096,2408
290788,16384,11172
281196,16384,10731
177536,8192,7502
28860,2048,1514
281172,16384,10688
380972,16384,14523
120904,8192,4961
6416,512,452
171576,8192,7101
279576,16384,10565
128728,8192,5365
376000,16384,14284
271088,16384,10252
177148,8192,7439
286436,16384,10942
342880,16384,13031
338536,16384,12759
290732,16384,11193
92568,4096,4342
172208,8192,7129
352412,16384,13147
174620,8192,7278
366716,16384,13914
253468,16384,9666
367204,16384,14020
291076,16384,11203
328080,16384,12383
127004,8192,5218
326272,16384,12303
31080,2048,1622
79460,4096,3657
245996,16384,9275
284968,16384,10873
172256,8192,7161
176252,8192,7375
80472,4096,3730
338020,16384,12762
88356,4096,4101
155084,8192,6434
383584,16384,14694
261476,16384,9796
284996,16384,10865
176564,8192,7399
367172,16384,13972
286452,16384,10941
167844,8192,6953
171404,8192,7102
176548,8192,7379
162192,8192,6756
242068,16384,9087
342816,16384,13043
168216,8192,6981
132772,8192,5581
177248,8192,7443
152664,8192,6500
246500,16384,9383
171864,8192,7142
285208,16384,10901
288036,16384,11012
333324,16384,12537
367200,16384,13970
279356,16384,10574
28188,2048,1489
80352,4096,3720
175404,8192,7318
317596,16384,11794
226152,16384,8405
19968,1024,1164
172340,8192,7161
164260,8192,6756
246316,16384,9355
342528,16384,13050
171952,8192,7173
33860,2048,1744
167500,8192,6915
287212,16384,11001
276388,16384,10390
289708,16384,11098
357316,16384,13403
143068,8192,5974
376588,16384,14332
288368,16384,11019
290384,16384,11187
177300,8192,7459
167632,8192,6948
363348,16384,13786
177040,8192,7410
338592,16384,12788
168328,8192,7009
177224,8192,7458
192360,8192,8059
359140,16384,13591
383028,16384,14654
167524,8192,6948
176568,8192,7400
37908,2048,1988
375408,16384,14220
269652,16384,10181
71588,4096,3283
71428,4096,3265
181920,8192,7508
177844,8192,7473
171596,8192,7102
289348,16384,11095
376644,16384,14332
362936,16384,13737
372640,16384,14098
177192,8192,7433
147204,8192,6013
280052,16384,10668
83324,4096,3873
358700,16384,13594
177504,8192,7489
335292,16384,12651
233040,16384,8738
174064,8192,7286
19764,1024,1145
247628,16384,9374
172452,8192,7204
378112,16384,14415
363068,16384,13710
176476,8192,7365
342228,16384,12963
172924,8192,7179
152348,8192,6454
79784,4096,3681
171388,8192,7078
88244,4096,4099
343172,16384,13042
157972,8192,6579
286572,16384,10954
226584,16384,8457
286388,16384,10937
288264,16384,11031
340756,16384,12928
79888,4096,3711
332704,16384,12534
273844,16384,10405
341140,16384,12883
334124,16384,12601
338900,16384,12788
176348,8192,7414
108220,8192,4478
222048,16384,8136
339064,16384,12824
82160,4096,3834
341976,16384,12965
168248,8192,6988
270460,16384,10227
278720,16384,10653
164552,8192,6754
270400,16384,10299
320564,16384,11980
168188,8192,6979
269840,16384,10158
362704,16384,13704
177184,8192,7431
333976,16384,12594
78716,4096,3610
153864,8192,6332
167140,8192,6891
37980,2048,1989
39372,2048,2036
290020,16384,11160
136820,8192,5787
74152,4096,3353
361392,16384,13644
173148,8192,7211
336868,16384,12650
190940,8192,7969
261600,16384,9782
362996,16384,13693
178204,8192,7493
245284,16384,9247
345728,16384,13155
170100,8192,7066
360772,16384,13582
109032,4096,4853
158656,8192,6571
36836,2048,1893
172720,8192,7174
284852,16384,10844
155540,8192,6423
329736,16384,12333
343196,16384,13034
308984,16384,12012
175544,8192,7324
337596,16384,12762
370624,16384,14127
354144,16384,13251
153088,8192,6268
269480,16384,10171
173516,8192,7265
288628,16384,11032
282480,16384,10767
154588,8192,6353
364692,16384,13794
80568,4096,3744
343832,16384,13125
36888,2048,1894
155376,8192,6392
381592,16384,14561
377724,16384,14431
52060,4096,2386
376272,16384,14275
350072,16384,13256
239092,16384,9020
286944,16384,10951
270472,16384,10256
214072,16384,7769
279636,16384,10619
243756,16384,9162
237324,16384,8882
366412,16384,13950
234108,16384,8688
218932,16384,8061
170008,8192,7098
167400,8192,6902
132732,8192,5575
337864,16384,12706
300680,16384,11554
374328,16384,14216
82572,4096,3833
289856,16384,11134
364712,16384,13822
168308,8192,6983
104532,8192,4245
148212,8192,6071
59132,4096,2684
290432,16384,11167
74364,4096,3356
172936,8192,7187
270492,16384,10283
358736,16384,13716
89376,4096,4162
366484,16384,13924
76408,4096,3485
371856,16384,14036
45872,2048,2382
152172,8192,6231
343824,16384,13080
290364,16384,11166
133556,8192,5623
107208,8192,4334
80224,4096,3694
362960,16384,13728
290400,16384,11159
375692,16384,14255
337052,16384,12750
337896,16384,12712
162040,8192,6786
177180,8192,7429
361524,16384,13648
290524,16384,11189
356544,16384,13554
343852,16384,13086
278536,16384,10640
377992,16384,14368
167376,8192,6931
270560,16384,10246
245692,16384,9289
359116,16384,13550
164600,8192,6810
261448,16384,9790
291112,16384,11220
155508,8192,6423
58548,4096,2731
130580,8192,5428
336060,16384,12670
175472,8192,7323
239476,16384,8968
176736,8192,7431
273780,16384,10509
358396,16384,13550
377772,16384,14394
180324,8192,7581
289932,16384,11117
384668,16384,14699
336560,16384,12648
338548,16384,12745
156564,8192,6479
366804,16384,13920
286648,16384,10941
286820,16384,10989
232144,16384,8592
289744,16384,11119
342016,16384,12927
342532,16384,12988
340480,16384,12857
342140,16384,12942
358056,16384,13460
366496,16384,13923
127792,8192,5347
176296,8192,7372
363496,16384,13801
279948,16384,10636
104004,8192,4220
133664,8192,5623
382360,16384,14567
381988,16384,14599
363124,16384,13752
338672,16384,12779
92504,4096,4358
290024,16384,11140
176936,8192,7417
287812,16384,10988
286424,16384,10960
173624,8192,7234
29220,2048,1560
171676,8192,7138
124648,8192,5158
289360,16384,11109
80804,4096,3800
362884,16384,13708
343804,16384,13059
54156,4096,2390
58440,4096,2642
364976,16384,13867
289872,16384,11102
173412,8192,7239
171500,8192,7095
290352,16384,11168
361584,16384,13655
156736,8192,6464
100372,8192,4045
289604,16384,11093
246016,16384,9294
146244,8192,5937
318440,16384,11876
12972,1024,785
340924,16384,12879
333292,16384,12517
353968,16384,13228
132884,8192,5586
132852,8192,5569
176548,8192,7432
176892,8192,7400
141568,8192,5994
180064,8192,7573
166160,8192,6832
27112,2048,1398
362624,16384,13706
270112,16384,10216
157172,8192,6524
175120,8192,7316
289708,16384,11097
261548,16384,9822
378044,16384,14425
122160,8192,4988
337620,16384,12771
163452,8192,6717
351268,16384,13310
177180,8192,7430
290704,16384,11160
60328,4096,2799
382144,16384,14653
362468,16384,13669
80336,4096,3732
343152,16384,13082
357628,16384,13659
155504,8192,6428
176068,8192,7346
368600,16384,14048
34468,2048,1762
156144,8192,6439
172096,8192,7105
112948,4096,5047
381248,16384,14523
155076,8192,6396
177024,8192,7437
222936,16384,8229
365956,16384,13841
173280,8192,7218
157024,8192,6487
133048,8192,5593
28820,2048,1509
341924,16384,12950
338372,16384,12737
290276,16384,11164
165948,8192,6974
352332,16384,13395
177124,8192,7420
165604,8192,6820
340328,16384,12826
166168,8192,6976
342716,16384,13001
245536,16384,9267
289792,16384,11122
365212,16384,13843
344552,16384,13144
362864,16384,13766
382288,16384,14579
376520,16384,14375
268980,16384,10172
164268,8192,6759
314632,16384,11708
168180,8192,6987
157184,8192,6515
173436,8192,7231
385432,16384,14784
155648,8192,6459
36988,2048,1949
171704,8192,7134
357616,16384,13484
246592,16384,9358
117492,8192,4724
380648,16384,14506
357084,16384,13413
173660,8192,7236
175588,8192,7343
176428,8192,7382
71148,4096,3212
177064,8192,7453
38064,2048,2006
176844,8192,7411
385220,16384,14730
171380,8192,7052
157116,8192,6502
156500,8192,6500
174692,8192,7269
309920,16384,12075
156608,8192,6496
141756,8192,6029
130848,8192,5437
161760,8192,6712
287312,16384,10968
290224,16384,11115
248108,8192,9859
353876,16384,13508
277548,16384,10489
152824,8192,6249
173380,8192,7245
144584,8192,5831
172932,8192,7186
374900,16384,14347
124572,8192,5157
166260,8192,7004
290928,16384,11242
362848,16384,13699
358652,16384,13667
174988,8192,7268
356576,16384,13559
384740,16384,14707
177112,8192,7407
381516,16384,14546
381264,16384,14568
322960,16384,12126
341380,16384,12956
163024,8192,6688
177160,8192,7420
336820,16384,12638
385304,16384,14788
164312,8192,6774
173224,8192,7215
109248,8192,4476
32916,2048,1692
132896,8192,5576
155212,8192,6380
362664,16384,13716
175712,8192,7368
171668,8192,7132
154564,8192,6405
381576,16384,14589
58348,4096,2722
141208,8192,5988
365668,16384,13864
261472,16384,9838
340616,16384,12911
173276,8192,7222
156396,8192,6449
146628,8192,5980
387256,16384,14908
176576,8192,7414
343860,16384,13068
270516,16384,10275
37268,2048,1935
84280,4096,3929
289524,16384,11076
336840,16384,12633
111768,8192,4582
331692,16384,12523
381508,16384,14544
290304,16384,11129
248060,16384,9454
166288,8192,6833
338632,16384,12796
290708,16384,11177
28768,2048,1502
176756,8192,7435
177420,8192,7484
342372,16384,12936
157172,8192,6519
237260,16384,8878
285604,16384,10874
284100,16384,10787
360568,16384,13563
168384,8192,7002
337996,16384,12819
384472,16384,14693
361108,16384,13589
168300,8192,6997
175256,8192,7314
277460,16384,10485
304736,16384,11736
364728,16384,13783
336852,16384,12705
370304,16384,14075
174944,8192,7251
343184,16384,13090
171400,8192,7133
78368,4096,3577
132948,8192,5602
172964,8192,7183
288536,16384,11026
132860,8192,5577
36228,2048,1872
372096,16384,14027
277912,16384,10644
363276,16384,13758
288840,16384,11077
269524,16384,10148
230920,16384,8689
268680,16384,10133
333176,16384,12541
33332,2048,1726
287712,16384,10939
153240,8192,6317
78996,4096,3637
175924,8192,7306
322516,16384,12086
175628,8192,7364
366484,16384,13924
342264,16384,13017
334544,16384,12639
300872,16384,11601
312652,16384,11961
28180,2048,1475
133184,8192,5619
176372,8192,7356
178100,8192,7489
269680,16384,10203
363016,16384,13698
342752,16384,12999
337144,16384,12677
113736,8192,4737
318844,16384,11881
178844,8192,7586
77204,4096,3552
130852,8192,5427
131452,8192,5491
173512,8192,7228
362940,16384,13711
342968,16384,13058
287940,16384,10994
367196,16384,13969
182172,8192,7507
177496,8192,7461
364500,16384,13781
157308,8192,6538
80300,4096,3712
177008,8192,7439
332724,16384,12535
283444,16384,10843
246056,16384,9289
177840,8192,7481
289752,16384,11121
318052,16384,11801
359020,16384,13530
289616,16384,11088
80348,4096,3720
381064,16384,14557
284820,16384,10847
174504,8192,7257
38036,2048,1999
341448,16384,12979
367188,16384,13972
82000,4096,3854
174260,8192,7303
173248,8192,7238
176352,8192,7400
177124,8192,7416
166056,8192,6820
351276,16384,13271
153048,8192,6293
60752,4096,2819
172028,8192,7115
268592,16384,10107
317920,16384,11807
332324,16384,12484
367148,16384,13961
278928,16384,10580
307612,16384,11235
299804,16384,11283
67644,4096,3039
40356,2048,2119
290544,16384,11190
162344,8192,6634
285528,16384,10865
80228,4096,3716
314688,16384,11728
272068,16384,10352
381196,16384,14523
279796,16384,10590
132288,8192,5536
38036,2048,2003
338732,16384,12741
334148,16384,12603
177140,8192,7448
284120,16384,10802
291116,16384,11275
166540,8192,6878
176448,8192,7359
287144,16384,10985
128200,8192,5303
381220,16384,14522
366180,16384,13880
36056,2048,1841
85520,4096,3972
375884,16384,14302
173580,8192,7267
167964,8192,6963
365044,16384,13804
290328,16384,11163
359556,16384,13585
280904,16384,10637
378420,16384,14427
281276,16384,10707
81964,4096,3790
360064,16384,13613
147120,8192,6003
281812,16384,10755
177308,8192,7466
113048,8192,4673
163316,8192,6712
282932,16384,10774
290484,16384,11184
328084,16384,12226
175708,8192,7365
317204,16384,11781
288880,16384,11114
172996,8192,7184
288272,16384,11013
176068,8192,7342
355756,16384,13609
133128,8192,5644
176800,8192,7383
156500,8192,6468
78344,4096,3577
378204,16384,14465
176400,8192,7412
329948,16384,12359
89508,4096,4199
374240,16384,14242
336116,16384,12717
381356,16384,14539
366968,16384,13916
277432,16384,10473
167384,8192,6914
353768,16384,13222
360624,16384,13578
133736,8192,5657
37256,2048,1938
133736,8192,5648
291968,16384,11251
287684,16384,10973
332100,16384,12623
172704,8192,7190
163412,8192,6678
37900,2048,1986
343096,16384,13051
168140,8192,6961
44116,2048,2241
154028,8192,6361
177080,8192,7421
321508,16384,12040
32212,2048,1649
331812,16384,12563
287740,16384,10980
45300,2048,2359
177420,8192,7457
112948,8192,4648
337228,16384,12713
176680,8192,7434
340712,16384,12921
328116,16384,12229
111104,8192,4551
168208,8192,6979
361632,16384,13624
268020,16384,10114
75580,4096,3423
37544,2048,1927
335004,16384,12657
164316,8192,6757
363124,16384,13724
305620,16384,11808
290356,16384,11152
270020,16384,10222
336604,16384,12658
315308,16384,11707
52092,4096,2389
277016,16384,10436
166000,8192,6988
333960,16384,12572
341388,16384,12952
16932,1024,1012
156368,8192,6448
381476,16384,14537
360520,16384,13623
376004,16384,14304
328328,16384,12429
269972,16384,10228
382436,16384,14562
156224,8192,6449
137504,8192,5783
71580,4096,3286
146976,8192,5990
314036,16384,11649
282304,16384,10748
132544,8192,5536
367036,16384,13982
166004,8192,6956
75096,4096,3425
169116,8192,7035
383856,16384,14672
290452,16384,11172
338152,16384,12757
166952,8192,6917
35708,2048,1834
82688,4096,3843
244516,16384,9208
270244,16384,10260
74216,4096,3334
173088,8192,7207
292628,16384,11316
372228,16384,14271
342792,16384,12991
144800,8192,5859
177032,8192,7442
338632,16384,12789
81408,4096,3808
87848,4096,4096
80224,4096,3688
378300,16384,14451
180384,8192,7528
324104,16384,12177
173316,8192,7260
342876,16384,13012
141616,8192,6020
127488,8192,5264
288312,16384,11001
78888,4096,3626
288148,16384,11028
177980,8192,7487
173296,8192,7238
290620,16384,11196
340388,16384,12836
169148,8192,7050
348880,16384,13362
176592,8192,7395
167468,8192,6923
283836,16384,10748
357032,16384,13591
290024,16384,11176
285912,16384,10917
290356,16384,11147
283764,16384,10827
114392,8192,4715
275296,16384,10348
177320,8192,7465
176624,8192,7418
342616,16384,12998
364712,16384,13803
204336,8192,8119
132900,8192,5592
286148,16384,10896
534808,32768,18709
171396,8192,7078
285584,16384,10869
176160,8192,7398
157056,8192,6500
152716,8192,6286
270968,16384,10254
176496,8192,7370
361372,16384,13614
289604,16384,11121
225236,16384,8339
366836,16384,13932
338932,16384,12791
176776,8192,7400
77484,4096,3571
224652,16384,8317
386896,16384,14851
171588,8192,7115
8304,512,571
308152,16384,11285
18184,1024,1032
270484,16384,10272
173640,8192,7264
271124,16384,10299
290200,16384,11110
109836,8192,4484
360908,16384,13601
246204,16384,9321
174792,8192,7292
39480,2048,2057
341220,16384,12926
177528,8192,7485
176772,8192,7377
126124,8192,5222
301456,16384,11624
172776,8192,7157
358148,16384,13676
168384,8192,7007
185920,8192,7507
223096,16384,8281
58640,4096,2687
80252,4096,3717
290692,16384,11200
246216,16384,9335
176780,8192,7395
164268,8192,6764
339336,16384,12823
362896,16384,13746
281232,16384,10703
168304,8192,7003
132340,8192,5561
168368,8192,7003
173420,8192,7254
130580,8192,5434
381608,16384,14573
118564,8192,5031
177292,8192,7457
375624,16384,14257
176736,8192,7364
324948,16384,12198
274084,16384,10457
151820,8192,6223
34148,2048,1779
280716,16384,10696
332076,16384,12454
289980,16384,11128
364800,16384,13839
281376,16384,10712
362192,16384,13636
333544,16384,12522
271016,16384,10298
28312,2048,1478
378992,16384,14490
76504,4096,3494
234972,16384,8782
160628,8192,6701
357836,16384,13475
269556,16384,10173
290324,16384,11145
165804,8192,6853
176688,8192,7413
153120,8192,6324
358176,16384,13508
27124,2048,1401
177204,8192,7452
245920,16384,9286
259044,16384,9993
133816,8192,5667
224160,16384,8247
322820,16384,12097
148056,8192,6039
156024,8192,6425
290556,16384,11198
361700,16384,13637
79040,4096,3637
89308,4096,4182
341220,16384,12937
290520,16384,11188
328512,16384,12671
364720,16384,13818
290132,16384,11113
176988,8192,7446
244316,16384,9233
288724,16384,11028
177364,8192,7459
343044,16384,13061
169704,8192,7024
176648,8192,7408
178328,8192,7508
309596,16384,12033
177192,8192,7469
375164,16384,14301
162104,8192,6802
340588,16384,12875
336116,16384,12570
176292,8192,7384
167556,8192,6927
342960,16384,13035
16824,1024,1001
22128,1024,1312
157104,8192,6512
134732,8192,5714
343056,16384,13059
383576,16384,14677
116932,8192,4928
79860,4096,3688
177052,8192,7447
164472,8192,6797
123792,8192,5108
363288,16384,13761
326472,16384,12289
173380,8192,7230
285432,16384,10877
133048,8192,5591
176796,8192,7399
311844,16384,11541
176392,8192,7359
151868,8192,6235
112988,8192,4690
167312,8192,6917
357092,16384,13574
112760,8192,4655
379324,16384,14513
287868,16384,11018
335416,16384,12622
366960,16384,13943
356524,16384,13414
378404,16384,14476
173012,8192,7196
161860,8192,6589
176336,8192,7374
376396,16384,14323
290428,16384,11161
57976,4096,2634
286912,16384,11002
329276,16384,12384
175752,8192,7345
374880,16384,14236
225976,16384,8379
176112,8192,7346
289676,16384,11102
129988,8192,5440
144080,8192,5814
342732,16384,13052
290500,16384,11184
157456,8192,6532
156224,8192,6457
35832,2048,1858
288364,16384,11082
342872,16384,13030
333144,16384,12506
167520,8192,6937
8668,512,609
161920,8192,6688
112640,8192,4651
359088,16384,13611
72440,4096,3341
85516,4096,3971
285096,16384,10854
285004,16384,10888
176152,8192,7368
168852,8192,7015
311068,16384,11525
158848,8192,6627
363136,16384,13728
173072,8192,7198
64032,4096,2947
35572,2048,1832
176276,8192,7368
175376,8192,7332
262996,16384,9893
172816,8192,7188
313420,16384,11646
111836,8192,4595
154604,8192,6338
225780,16384,8360
176488,8192,7385
289996,16384,11107
155584,8192,6405
27896,2048,1466
176836,8192,7392
182664,8192,7593
113064,8192,4684
366436,16384,13833
119952,8192,4896
168304,8192,7004
364828,16384,13813
366228,16384,13907
132888,8192,5572
253412,16384,9669
284836,16384,10858
302648,16384,11620
287880,16384,10978
334216,16384,12625
112844,8192,4674
173268,8192,7219
290500,16384,11184
50840,4096,2290
353536,16384,13255
276052,16384,10400
177120,8192,7431
340168,16384,12837
339000,16384,12835
325092,16384,12217
282164,16384,10764
70760,4096,3256
339028,16384,12821
177260,8192,7445
345860,16384,13165
176248,8192,7354
119876,8192,4905
289720,16384,11100
287768,16384,10961
341116,16384,12911
289364,16384,11159
338964,16384,12787
80356,4096,3704
381532,16384,14563
339192,16384,12845
378064,16384,14404
177276,8192,7453
158356,8192,6545
376280,16384,14369
177484,8192,7462
291372,16384,11268
144236,8192,5836
336880,16384,12625
80204,4096,3710
360948,16384,13596
329392,16384,12317
358084,16384,13477
176216,8192,7378
175400,8192,7310
363176,16384,13737
285268,16384,10837
225352,16384,8354
320808,16384,11962
266704,16384,10063
173288,8192,7238
333792,16384,12585
176636,8192,7401
175624,8192,7348
362484,16384,13710
290592,16384,11207
37932,2048,1995
360984,16384,13571
336480,16384,12628
290356,16384,11131
176616,8192,7406
152212,8192,6438
364896,16384,13843
177364,8192,7475
304912,16384,11781
288272,16384,11059
344460,16384,13086
379688,16384,14543
33860,2048,1743
114016,8192,4755
153212,8192,6298
333832,16384,12541
342368,16384,13015
78600,4096,3603
380400,16384,14435
167508,8192,6945
284600,16384,10803
153708,8192,6299
288716,16384,11056
378520,16384,14452
177244,8192,7446
289780,16384,11115
58616,4096,2687
376292,16384,14308
278280,16384,10566
371568,16384,14008
177076,8192,7408
289840,16384,11142
228820,8192,9253
172572,8192,7183
289484,16384,11107
33824,2048,1735
380832,16384,14499
143964,8192,5828
363084,16384,13714
341356,16384,12934
167648,8192,6918
382488,16384,14598
291192,16384,11214
32272,2048,1647
366708,16384,13917
358892,16384,13562
80516,4096,3718
176108,8192,7343
337236,16384,12675
366664,16384,13954
284980,16384,10839
171700,8192,7128
173140,8192,7195
156424,8192,6462
168336,8192,7006
361556,16384,13636
58632,4096,2691
360280,16384,13638
372324,16384,14056
193040,8192,8116
287296,16384,10976
166932,8192,6916
372384,16384,14061
341140,16384,12900
172984,8192,7215
174484,8192,7251
338484,16384,12792
133236,8192,5612
342996,16384,13040
157104,8192,6509
367168,16384,13967
166076,8192,6958
176864,8192,7406
366424,16384,13910
288496,16384,11052
381268,16384,14561
157288,8192,6537
18360,1024,1055
263552,16384,9923
372244,16384,14066
343184,16384,13046
289744,16384,11118
271844,16384,10356
287592,16384,10928
167972,8192,6964
341640,16384,12941
381284,16384,14537
285140,16384,10867
289940,16384,11173
376512,16384,14319
261468,16384,9798
320100,16384,11973
338976,16384,12807
174856,8192,7281
157048,8192,6506
322884,16384,12111
310176,16384,11427
177264,8192,7457
337556,16384,12734
342804,16384,13045
292876,16384,11312
140440,8192,5860
382572,16384,14613
352300,16384,13143
286276,16384,10923
174768,8192,7258
166480,8192,6873
246960,16384,9385
286740,16384,10980
341156,16384,12887
268252,16384,10098
289128,16384,11159
286628,16384,10935
360372,16384,13541
290112,16384,11153
79308,4096,3617
323364,16384,12416
175580,8192,7346
277604,16384,10580
71336,4096,3250
356028,16384,13346
289076,16384,11116
177176,8192,7440
288416,16384,11031
285532,16384,10966
80700,4096,3737
286780,16384,11022
177212,8192,7454
73208,4096,3388
243524,16384,9184
344316,16384,13133
114460,8192,4744
280776,16384,10657
364744,16384,13811
287848,16384,11029
260512,16384,9879
136564,8192,5737
288760,16384,11081
243556,16384,9131
80184,4096,3716
338052,16384,12688
175312,8192,7333
341172,16384,12892
164352,8192,6764
281356,16384,10690
134920,8192,5716
168564,8192,7021
148360,8192,6083
377580,16384,14389
8960,512,638
357604,16384,13475
132460,8192,5561
165672,8192,6796
177360,8192,7474
321348,16384,12044
341124,16384,12901
335488,16384,12638
177864,8192,7489
168048,8192,6967
381216,16384,14552
145832,8192,5895
333864,16384,12565
127336,8192,5274
290236,16384,11117
85736,4096,3968
132932,8192,5585
341004,16384,12889
80416,4096,3707
380768,16384,14485
341968,16384,12958
161020,8192,6736
322820,16384,12080
132996,8192,5600
361540,16384,13629
156416,8192,6465
341424,16384,12971
353640,16384,13449
363068,16384,13790
80232,4096,3718
226020,16384,8403
176528,8192,7386
289856,16384,11129
173276,8192,7205
382688,16384,14647
341216,16384,12920
162308,8192,6780
74776,4096,3395
112816,8192,4653
381084,16384,14544
152644,8192,6226
315172,16384,11705
101152,8192,4048
362580,16384,13705
290208,16384,11133
344780,16384,13095
173292,8192,7225
340336,16384,12843
382592,16384,14555
355704,16384,13310
259436,16384,9672
287836,16384,10975
339236,16384,12855
132960,8192,5574
125484,8192,5199
222464,16384,8167
378868,16384,14475
285796,16384,10888
277744,16384,10552
156920,8192,6505
342020,16384,12992
71452,4096,3255
291580,16384,11262
37976,2048,1995
225468,8192,9050
131440,8192,5484
376208,16384,14282
362912,16384,13688
246272,16384,9312
79412,4096,3614
339508,16384,12891
358048,16384,13496
337812,16384,12725
337728,16384,12700
159712,8192,6690
381528,16384,14560
367068,16384,13973
265724,16384,9989
270240,16384,10247
164704,8192,6774
76840,4096,3523
285616,16384,10892
353840,16384,13259
177484,8192,7494
275384,16384,10494
271236,16384,10335
129028,8192,5377
215612,16384,7867
171636,8192,7129
164240,8192,6754
80376,4096,3726
362320,16384,13668
341100,16384,12918
157136,8192,6505
278776,16384,10506
284132,16384,10792
177044,8192,7401
246184,16384,9300
342748,16384,12987
361948,16384,13713
78292,4096,3600
173224,8192,7192
176724,8192,7404
322096,16384,12072
382348,16384,14611
361064,16384,13816
171680,8192,7138
166164,8192,6863
340744,16384,12881
279464,16384,10745
132868,8192,5564
289848,16384,11134
347872,16384,13261
157256,8192,6546
290456,16384,11172
171056,8192,7095
80008,4096,3728
328068,16384,12368
384056,16384,14670
119124,8192,4818
381428,16384,14492
332488,16384,12476
381308,16384,14539
129548,8192,5376
364712,16384,13779
150036,8192,6213
168516,8192,7008
157472,8192,6550
176464,8192,7391
325180,16384,12270
343764,16384,13119
319728,16384,11913
290572,16384,11180
151676,8192,6202
157464,8192,6562
157540,8192,6551
284384,16384,10856
377556,16384,14371
246052,16384,9299
111992,8192,4622
342672,16384,13011
156512,8192,6466
79572,4096,3676
76424,4096,3485
176572,8192,7390
284500,16384,10800
37780,2048,1967
176616,8192,7416
342304,16384,12994
386440,16384,14811
343200,16384,13064
383084,16384,14678
85740,4096,3994
172444,8192,7139
176864,8192,7394
176580,8192,7408
141564,8192,6025
342872,16384,13057
365348,16384,13851
375732,16384,14300
331588,16384,12429
288508,16384,11027
289132,16384,11119
363168,16384,13724
175328,8192,7326
357364,16384,13438
8800,512,626
175180,8192,7313
353164,16384,13180
157312,8192,6511
377912,16384,14354
177284,8192,7472
343032,16384,13048
323668,16384,12179
341264,16384,12948
286360,16384,10918
261320,16384,9789
344464,16384,13154
290360,16384,11165
90888,4096,4136
100224,8192,4013
265576,16384,10006
148172,8192,6072
174764,8192,7257
358328,16384,13546
75828,4096,3454
37172,2048,1932
134660,8192,5727
289744,16384,11123
176964,8192,7402
337424,16384,12679
155948,8192,6408
281752,16384,10741
177472,8192,7485
168648,8192,7036
217956,16384,7977
163912,8192,6718
177400,8192,7436
333964,16384,12574
171452,8192,7116
249252,16384,9449
318972,16384,11903
281964,16384,10729
330984,16384,12393
241100,16384,9013
174468,8192,7244
176940,8192,7435
167528,8192,6939
172984,8192,7262
270764,16384,10298
80580,4096,3760
79416,4096,3640
284024,16384,10760
360516,16384,13768
173344,8192,7236
338624,16384,12737
177236,8192,7461
127044,8192,5260
366624,16384,13932
370840,16384,14137
290504,16384,11185
168148,8192,6963
372468,16384,14094
383076,16384,14669
177380,8192,7463
241300,16384,9005
333588,16384,12516
333988,16384,12559
337468,16384,12708
287000,16384,10998
28736,2048,1488
341084,16384,12898
354772,16384,13301
82812,4096,3872
132668,8192,5567
376132,16384,14268
163396,8192,6697
362092,16384,13638
354148,16384,13256
315548,16384,11750
385460,16384,14780
176532,8192,7379
284880,16384,10846
168528,8192,7010
265360,16384,9931
54164,4096,2405
79400,4096,3643
286696,16384,10952
361692,16384,13686
73756,4096,3394
130880,8192,5440
281224,16384,10705
249448,16384,9449
11332,1024,669
175512,8192,7364
174132,8192,7292
247936,8192,10123
355692,16384,13338
288636,16384,11050
171432,8192,7108
363016,16384,13697
339880,16384,12900
366188,16384,13851
376216,16384,14310
176176,8192,7352
341208,16384,12918
360436,16384,13774
338852,16384,12777
88740,4096,4136
367088,16384,13942
175252,8192,7312
317800,16384,11766
148000,8192,6040
365092,16384,13848
380824,16384,14525
376020,16384,14309
342448,16384,12998
362056,16384,13902
79752,4096,3683
154844,8192,6386
146856,8192,5994
129160,8192,5394
177232,8192,7447
177184,8192,7425
176864,8192,7411
228128,8192,9228
288504,16384,11051
333640,16384,12529
244452,16384,9178
269240,16384,10157
340588,16384,12902
367212,16384,13995
157208,8192,6518
280444,16384,10671
288500,16384,11036
336624,16384,12631
234760,16384,8712
365036,16384,13836
341176,16384,12922
126188,4096,5691
321256,16384,12009
270464,16384,10266
75680,4096,3428
80612,4096,3751
164904,8192,6794
188388,8192,7928
339072,16384,12832
138112,8192,5913
82800,4096,3867
167268,8192,6916
322740,16384,12125
342336,16384,12992
277784,16384,10608
167648,8192,6963
339608,16384,12821
175228,8192,7331
128588,8192,5312
327644,16384,12329
342764,16384,12985
293740,16384,11353
172316,8192,7154
177472,8192,7470
373880,16384,14158
313376,16384,11652
174580,8192,7278
287976,16384,10997
372848,16384,14138
177364,8192,7471
339076,16384,12815
137160,8192,5745
168252,8192,6991
328484,16384,12364
256840,16384,9872
289876,16384,11156
338600,16384,12762
270188,16384,10215
59412,4096,2737
176560,8192,7383
364756,16384,13799
156264,8192,6446
382260,16384,14589
361252,16384,13577
371468,16384,13987
146772,8192,5984
360688,16384,13556
280676,16384,10661
88736,4096,4134
173832,8192,7233
170468,8192,7010
355216,16384,13327
286516,16384,10955
165540,8192,6806
80540,4096,3747
148208,8192,6055
219676,16384,8004
176804,8192,7396
155124,8192,6377
28136,2048,1467
356696,16384,13404
282004,16384,10757
172832,8192,7162
327044,16384,12103
281532,16384,10719
364384,16384,13778
361364,16384,13600
131996,8192,5484
358404,16384,13551
267984,16384,10033
354848,16384,13315
384512,16384,14716
132952,8192,5589
297316,16384,11369
177024,8192,7422
361440,16384,13602
279304,16384,10612
289912,16384,11165
364644,16384,13800
337652,16384,12732
85196,4096,3927
384736,16384,14722
374404,16384,14196
176544,8192,7387
332444,16384,12582
361064,16384,13589
268076,16384,10119
306564,16384,11856
33592,2048,1722
38048,2048,1939
381200,16384,14511
288648,16384,11046
284716,16384,10812
129004,8192,5367
177264,8192,7450
374320,16384,14220
156932,8192,6512
245372,16384,9243
133520,8192,5605
176968,8192,7425
290696,16384,11189
368044,16384,13990
285136,16384,10822
341888,16384,12944
281100,16384,10689
167760,8192,6975
380676,16384,14465
237184,16384,8853
133284,8192,5624
375412,16384,14217
364940,16384,13847
367916,16384,14027
309852,16384,11422
342916,16384,13024
270092,16384,10195
152652,8192,6243
153224,8192,6273
301504,16384,11635
355940,16384,13383
173288,8192,7257
34016,2048,1768
290296,16384,11177
175768,8192,7401
157004,8192,6513
177260,8192,7444
284480,16384,10812
166112,8192,6886
366512,16384,13935
365576,16384,13872
290420,16384,11207
376176,16384,14299
288340,16384,11013
325000,16384,12237
342064,16384,12990
317316,16384,11804
279788,16384,10606
174836,8192,7289
366416,16384,13906
126488,8192,5270
74812,4096,3403
270144,16384,10197
113116,8192,4709
281416,16384,10705
289824,16384,11139
328056,16384,12386
151508,8192,6192
286844,16384,10989
322988,16384,12138
8600,512,598
355000,16384,13326
177528,8192,7485
372008,16384,14052
289944,16384,11095
163716,8192,6731
76420,4096,3488
34952,2048,1763
374732,16384,14274
268580,16384,10116
366284,16384,13919
125108,8192,5150
240704,16384,9007
243316,16384,9092
112292,8192,4644
142276,8192,5678
111896,8192,4583
156728,8192,6478
157192,8192,6525
170668,8192,7037
80420,4096,3721
337184,16384,12680
133268,8192,5624
37512,2048,1970
168152,8192,6994
172124,8192,7191
356040,16384,13392
286636,16384,10969
381352,16384,14522
321120,16384,11991
146416,8192,5959
141816,8192,6017
132740,8192,5589
163300,8192,6708
277684,16384,10500
247584,16384,9399
166668,8192,6893
225760,16384,8362
89540,4096,4176
289672,16384,11117
168044,8192,6938
162712,8192,6685
242248,16384,9101
124056,8192,5142
135904,8192,5736
263012,16384,9898
171332,8192,7122
381592,16384,14564
323416,16384,12166
381104,16384,14496
175508,8192,7328
376588,16384,14356
342328,16384,13001
157824,8192,6558
177268,8192,7451
290248,16384,11122
291460,16384,11232
340076,16384,12811
20348,1024,1197
306108,16384,11812
376396,16384,14317
177332,8192,7467
172404,8192,7169
353788,16384,13486
381316,16384,14523
243732,16384,9170
165132,8192,6795
131988,8192,5520
174844,8192,7300
270412,16384,10254
177044,8192,7409
177344,8192,7470
269364,16384,10124
337360,16384,12720
80808,4096,3764
177528,8192,7463
328156,16384,12358
147524,8192,6012
287868,16384,10974
290448,16384,11176
79648,4096,3667
339520,16384,12852
156496,8192,6474
338892,16384,12829
290564,16384,11150
245884,16384,9308
331656,16384,12445
160840,8192,6732
351368,16384,13278
36188,2048,1878
36124,2048,1870
267008,16384,10123
290412,16384,11179
110496,8192,4523
289948,16384,11159
318084,16384,11794
289848,16384,11133
80668,4096,3749
131136,8192,5456
156384,8192,6448
158256,8192,6586
192924,8192,8090
246560,16384,9350
173280,8192,7207
62276,4096,2943
141924,8192,6043
338868,16384,12784
286060,16384,10891
250120,16384,9553
245140,16384,9247
366420,16384,13935
380624,16384,14496
284820,16384,10831
381132,16384,14498
283692,16384,10739
168072,8192,6946
151464,8192,6245
36084,2048,1853
339308,16384,12847
304708,16384,11724
377568,16384,14387
286612,16384,10980
175248,8192,7327
341968,16384,12917
273504,16384,10398
366764,16384,13909
81952,4096,3846
342696,16384,13013
157340,8192,6560
290600,16384,11160
365140,16384,13828
153156,8192,6289
283304,16384,10937
168180,8192,6972
378124,16384,14450
266036,16384,10024
270024,16384,10228
318712,16384,11849
176276,8192,7363
245568,16384,9311
280948,16384,10649
69184,4096,3115
331272,16384,12347
80224,4096,3710
132016,8192,5500
343208,16384,13140
75668,4096,3470
376164,16384,14360
289912,16384,11143
383076,16384,14648
363228,16384,13718
285968,16384,10927
131280,8192,5491
276888,16384,10381
163428,8192,6739
281368,16384,10694
340964,16384,12905
157408,8192,6567
176492,8192,7371
80712,4096,3755
177296,8192,7464
342304,16384,12983
156136,8192,6457
84988,4096,3919
340836,16384,12923
165516,8192,6930
147764,8192,6009
290516,16384,11182
164880,8192,6804
341736,16384,12906
358820,16384,13689
367080,16384,13961
341300,16384,12936
310032,16384,11451
286708,16384,10952
120140,8192,4931
151180,8192,6163
333204,16384,12500
27272,2048,1417
333040,16384,12480
268812,16384,10162
362176,16384,13654
67208,4096,3011
174744,8192,7269
109596,8192,4469
365764,16384,13858
373816,16384,14205
320672,16384,11992
269172,16384,10160
361312,16384,13579
333776,16384,12959
289864,16384,11142
246184,16384,9304
290412,16384,11161
176360,8192,7397
76356,4096,3474
290364,16384,11149
381472,16384,14548
339004,16384,12797
130960,8192,5440
173444,8192,7265
368808,16384,14117
340312,16384,12850
176508,8192,7391
359788,16384,13606
253960,8192,10241
371852,16384,14031
106888,8192,4303
336892,16384,12715
341268,16384,12933
174984,8192,7281
367012,16384,13949
360988,16384,13559
157356,8192,6554
156468,8192,6472
182396,8192,7551
324532,16384,12186
362116,16384,13650
288576,16384,11035
176768,8192,7423
166688,8192,6915
156912,8192,6492
357128,16384,13629
375120,16384,14222
172668,8192,7181
28124,2048,1493
175984,8192,7397
175524,8192,7344
128956,8192,5359
174680,8192,7249
176872,8192,7380
172172,8192,7207
141324,8192,5617
357316,16384,13420
364896,16384,13850
342944,16384,13036
280216,16384,10582
366912,16384,13963
281556,16384,10741
172640,8192,7159
168964,8192,7045
152836,8192,6257
290052,16384,11147
172656,8192,7193
353332,16384,13268
173624,8192,7287
152284,8192,6199
157344,8192,6546
75732,4096,3440
378068,16384,14437
290708,16384,11187
168352,8192,7016
174300,8192,7271
343376,16384,13075
286332,16384,10955
173492,8192,7229
32464,2048,1668
171292,8192,7075
171684,8192,7171
132992,8192,5604
323168,16384,12136
164616,8192,6796
171536,8192,7103
236776,16384,8816
377740,16384,14422
310404,16384,11493
367648,16384,13963
338668,16384,12795
176180,8192,7341
112460,8192,4612
366372,16384,13945
372116,16384,14112
282232,16384,10757
80464,4096,3731
176900,8192,7411
175644,8192,7339
177276,8192,7469
25976,2048,1323
290180,16384,11131
341452,16384,12962
366908,16384,13898
245812,16384,9277
173240,8192,7209
37784,2048,1929
67624,4096,3050
361220,16384,13600
244564,16384,9203
382656,16384,14635
60508,4096,2814
356024,16384,13370
177308,8192,7461
27888,2048,1449
341240,16384,12934
177048,8192,7415
288748,16384,11062
382712,16384,14584
177256,8192,7449
327768,16384,12193
176968,8192,7409
94808,4096,4321
321644,16384,11989
290400,16384,11175
382236,16384,14601
127844,8192,5300
382972,16384,14656
343092,16384,13067
177096,8192,7414
98248,8192,3875
154712,8192,6341
290092,16384,11143
168408,8192,7008
290788,16384,11212
177316,8192,7468
363136,16384,13715
376032,16384,14311
375648,16384,14242
306516,16384,11865
342468,16384,12977
121512,8192,4953
366436,16384,13897
138064,8192,5843
342828,16384,13045
166236,8192,6850
199124,8192,7841
378272,16384,14438
168588,8192,7027
376452,16384,14395
26116,2048,1340
39820,2048,2078
357820,16384,13428
80432,4096,3728
278784,16384,10489
173604,8192,7292
78736,4096,3615
380984,16384,14537
80832,4096,3775
289360,16384,11123
322836,16384,12095
378132,16384,14451
337120,16384,12675
360972,16384,13602
361060,16384,13573
380380,16384,14457
177300,8192,7460
373820,16384,14139
361052,16384,13571
176936,8192,7421
175692,8192,7362
362824,16384,13724
333968,16384,12563
337040,16384,12684
176692,8192,7419
168820,8192,7009
79748,4096,3664
115224,8192,4823
266444,16384,10001
130820,8192,5473
63472,4096,2958
289152,16384,11106
322084,16384,12036
175280,8192,7319
386788,16384,14840
286516,16384,10939
147108,8192,5974
359540,16384,13580
137032,8192,5813
110116,8192,4551
361484,16384,13618
80472,4096,3733
39456,2048,2052
119104,8192,4858
71240,4096,3266
284632,16384,10817
17036,1024,1025
70496,4096,3207
228028,16384,8541
291404,16384,11218
175396,8192,7305
381608,16384,14564
80508,4096,3726
255272,16384,9789
139708,8192,5818
172844,8192,7214
260768,16384,9714
146392,8192,5936
338108,16384,12777
264672,16384,9907
226116,16384,8396
292868,16384,11316
79472,4096,3675
358424,16384,13573
261692,16384,9818
174596,8192,7272
9824,512,674
366732,16384,13924
177112,8192,7429
265044,16384,10133
336152,16384,12677
280460,16384,10659
364432,16384,13769
363116,16384,13762
91172,4096,4294
246172,16384,9323
78192,4096,3591
365532,16384,13889
89308,4096,4166
381644,16384,14557
175496,8192,7340
174932,8192,7300
176108,8192,7339
366148,16384,13852
171620,8192,7134
176800,8192,7387
80440,4096,3731
364036,16384,13694
157596,8192,6569
282376,16384,10753
295332,16384,11444
367096,16384,13949
290560,16384,11193
176660,8192,7411
337748,16384,12674
384576,16384,14707
344684,16384,13145
288312,16384,11041
340344,16384,12895
168964,8192,7024
81564,4096,3809
366176,16384,13895
342388,16384,13008
337904,16384,12814
67764,4096,3065
342320,16384,13002
290428,16384,11167
386232,16384,14808
314232,16384,11676
362636,16384,13683
161500,8192,6563
111692,8192,4576
367164,16384,13970
156976,8192,6515
74960,4096,3429
345288,16384,13057
257432,16384,9553
339892,16384,12845
374200,16384,14206
172088,8192,7103
377804,16384,14382
176572,8192,7410
163360,8192,6695
78820,4096,3635
322616,16384,12050
152988,8192,6518
339276,16384,12878
52148,4096,2397
37924,2048,1976
363108,16384,13721
58852,4096,2709
287856,16384,11022
5912,512,418
321972,16384,12057
289832,16384,11133
89248,4096,4171
177232,8192,7460
344484,16384,13095
290604,16384,11205
353868,16384,13238
339940,16384,12861
177992,8192,7504
157860,8192,6569
288212,16384,11039
286288,16384,10910
73000,4096,3355
156464,8192,6471
132892,8192,5576
289912,16384,11148
246192,16384,9335
322784,16384,12098
157256,8192,6528
124096,8192,5119
19996,1024,1157
341196,16384,12916
70644,4096,3198
338204,16384,12760
80116,4096,3705
383024,16384,14619
175380,8192,7316
340376,16384,12827
290800,16384,11253
340372,16384,12886
123828,8192,5101
218020,16384,7977
124280,8192,5161
366924,16384,13949
152128,8192,6207
171528,8192,7100
244420,16384,9201
173224,8192,7225
37204,2048,1936
105112,8192,4278
290404,16384,11172
174112,8192,7244
358324,16384,13693
152488,8192,6246
168080,8192,6960
177272,8192,7453
342012,16384,12976
89000,4096,4153
133860,8192,5639
37560,2048,1951
164312,8192,6769
171648,8192,7114
172552,8192,7165
356104,16384,13331
46600,2048,2291
175208,8192,7306
175096,8192,7342
243280,16384,9168
362908,16384,13733
172572,8192,7170
289544,16384,11073
289904,16384,11146
148056,8192,6021
358048,16384,13479
358208,16384,13696
363276,16384,13745
152116,8192,6203
173192,8192,7198
80424,4096,3721
162576,8192,6651
78004,4096,3557
353592,16384,13442
78188,4096,3610
131172,8192,5454
70528,4096,3239
343732,16384,13099
173284,8192,7207
177032,8192,7409
246604,16384,9378
167740,8192,6970
160328,8192,6657
177368,8192,7472
170540,8192,7010
80476,4096,3734
135240,8192,5714
74980,4096,3428
364940,16384,13810
164736,8192,6813
381724,16384,14583
114624,8192,4784
245956,8192,10001
287272,16384,10997
153576,8192,6522
265308,16384,10117
173164,8192,7222
248324,8192,9948
174736,8192,7280
268680,16384,10140
80500,4096,3741
38080,2048,2011
286688,16384,10978
178600,8192,7525
341252,16384,12912
176492,8192,7387
291244,16384,11241
290488,16384,11176
75996,4096,3450
273396,16384,10395
117952,8192,4975
289032,16384,11120
290400,16384,11158
169720,8192,7045
218012,16384,8034
246292,16384,9343
342016,16384,12960
35412,2048,1813
367232,16384,13978
288764,16384,11070
80396,4096,3719
172428,8192,7138
278132,16384,10573
364240,16384,13732
280852,16384,10667
177508,8192,7511
279220,16384,10552
279204,16384,10676
368036,16384,14008
156856,8192,6482
177344,8192,7470
177124,8192,7416
79764,4096,3689
333172,16384,12487
60136,4096,2790
153384,8192,6300
80588,4096,3746
332364,16384,12495
51728,4096,2373
132544,8192,5536
364716,16384,13834
172128,8192,7191
177080,8192,7422
175464,8192,7332
173132,8192,7200
376592,16384,14335
286144,16384,10899
60432,4096,2803
366228,16384,13892
133076,8192,5609
270168,16384,10237
176172,8192,7383
354104,16384,13517
339372,16384,12888
166260,8192,7009
349564,16384,13354
362548,16384,13707
254872,16384,9738
104672,8192,4263
171460,8192,7116
277596,16384,10572
177100,8192,7441
360048,16384,13627
188268,8192,7898
12904,1024,778
175876,8192,7377
285248,16384,10911
37948,2048,1981
289872,16384,11145
254652,16384,9642
322780,16384,12160
173584,8192,7220
290452,16384,11171
342176,16384,12963
178092,8192,7530
177452,8192,7485
103340,8192,4178
333728,16384,12564
279016,16384,10612
265660,16384,10205
161556,8192,6707
383460,16384,14717
166352,8192,7027
104860,4096,4661
338888,16384,12818
290252,16384,11128
291612,16384,11269
177308,8192,7461
132904,8192,5577
277264,16384,10432
342736,16384,13019
328204,16384,12223
290620,16384,11220
157688,8192,6556
152964,8192,6300
132592,8192,5567
326436,16384,12244
377516,16384,14378
151944,8192,6246
80244,4096,3723
333988,16384,12590
358888,16384,13694
377668,16384,14400
131560,8192,5503
176832,8192,7417
246304,16384,9347
366676,16384,13894
383076,16384,14649
177148,8192,7421
170812,8192,7036
132272,8192,5533
218324,16384,8078
168228,8192,6984
133984,8192,5655
356724,16384,13420
177332,8192,7462
279088,16384,10556
157272,8192,6548
177416,8192,7488
383116,16384,14639
127748,8192,5235
334632,16384,12612
344200,16384,13153
165700,8192,6844
175424,8192,7324
352400,16384,13395
8564,512,601
289924,16384,11163
176300,8192,7366
343148,16384,13081
269288,16384,10192
32804,2048,1674
37880,2048,1981
218580,16384,8016
19892,1024,1149
303748,16384,11666
270188,16384,10220
176720,8192,7427
120336,8192,4907
174540,8192,7282
307864,16384,11285
177040,8192,7411
261388,16384,9813
344536,16384,13109
358192,16384,13503
155604,8192,6421
290044,16384,11119
172224,8192,7136
176404,8192,7370
289888,16384,11097
360340,16384,13683
382700,16384,14646
309992,16384,11445
218664,8192,8840
304880,16384,11590
275980,16384,10394
141196,8192,6018
268984,16384,10173
366540,16384,13921
290336,16384,11147
319720,16384,11962
337916,16384,12752
380764,16384,14487
111844,8192,4585
290244,16384,11168
342616,16384,12997
171412,8192,7136
154916,8192,6387
242320,16384,9160
289328,16384,11068
132376,8192,5546
289700,16384,11129
331948,16384,12587
342492,16384,12961
37836,2048,1971
313268,16384,11608
167592,8192,6932
380804,16384,14472
167816,8192,6973
55544,4096,2537
156900,8192,6473
175940,8192,7391
74656,4096,3374
288936,16384,11096
372204,16384,14106
131556,8192,5543
270004,16384,10205
254964,16384,9386
165780,8192,6816
247828,16384,9427
289052,16384,11070
357828,16384,13476
341136,16384,12882
342612,16384,12996
288372,16384,11036
59448,4096,2750
339068,16384,12827
381592,16384,14598
173140,8192,7188
175548,8192,7338
176488,8192,7379
167552,8192,6927
176484,8192,7380
382596,16384,14625
177520,8192,7482
340328,16384,12863
130764,8192,5490
187784,8192,7837
173432,8192,7262
180208,8192,7591
254580,16384,9756
172188,8192,7143
88740,4096,4127
333012,16384,12474
372636,16384,14093
176356,8192,7348
171372,8192,7099
365004,16384,13795
362904,16384,13726
152064,8192,6215
176496,8192,7382
366024,16384,13904
62808,4096,2960
344128,16384,13067
309496,16384,12012
274296,16384,10461
367288,16384,13981
374184,16384,14185
111848,8192,4608
337016,16384,12677
322084,16384,12036
331256,16384,12528
366264,16384,13852
321276,16384,12009
174436,8192,7229
134664,8192,5697
172368,8192,7108
244592,16384,9244
155188,8192,6393
77728,4096,3540
176132,8192,7343
340240,16384,12805
380608,16384,14427
384664,16384,14694
172916,8192,7144
17040,1024,1016
289736,16384,11121
177444,8192,7463
368448,16384,13983
373412,16384,14113
364808,16384,13800
245784,16384,9296
285780,16384,10911
176896,8192,7407
374204,16384,14195
340900,16384,12974
286600,16384,10961
328516,16384,12431
367200,16384,13970
338492,16384,12793
381040,16384,14551
148124,8192,6056
246040,16384,9285
363068,16384,13743
279216,16384,10715
136168,8192,5702
321112,16384,12021
290284,16384,11134
108620,8192,4395
338916,16384,12786
132380,8192,5558
172524,8192,7190
37668,2048,1972
78616,4096,3586
357952,16384,13487
362988,16384,13691
374340,16384,14252
79428,4096,3645
175208,8192,7306
66856,4096,2997
328464,16384,12244
277340,16384,10454
364932,16384,13776
358200,16384,13512
378172,16384,14415
172968,8192,7177
290272,16384,11159
174576,8192,7273
177236,8192,7443
168532,8192,7012
104256,8192,4222
301244,16384,11615
73644,4096,3282
355964,16384,13387
291412,16384,11266
101248,4096,4478
358300,16384,13541
342764,16384,13050
324920,16384,12205
321224,16384,11997
155800,8192,6452
283452,16384,10806
328332,16384,12239
217176,16384,7949
144152,8192,5854
134032,8192,5662
289556,16384,11139
357276,16384,13601
264216,16384,9924
148016,8192,6059
130148,8192,5365
80276,4096,3691
176788,8192,7442
176636,8192,7405
176528,8192,7390
236192,16384,8808
270396,16384,10250
357700,16384,13680
171456,8192,7083
376248,16384,14250
142204,8192,6106
137096,8192,5730
156852,8192,6493
73200,4096,3371
82172,4096,3819
175508,8192,7332
85332,4096,3970
176544,8192,7383
246428,16384,9370
216436,16384,7850
290316,16384,11159
177252,8192,7448
333856,16384,12546
76080,4096,3453
364456,16384,13769
259760,16384,9699
133064,8192,5600
153200,8192,6311
345796,16384,13157
289924,16384,11106
382024,16384,14601
173092,8192,7209
237184,16384,8852
289212,16384,11058
317640,16384,11810
366680,16384,13941
123840,8192,5104
284076,16384,10774
76608,4096,3521
173248,8192,7220
268280,16384,10124
70692,4096,3187
39856,2048,2070
222912,16384,8218
131112,8192,5489
8600,512,597
245300,16384,9272
340512,16384,12873
78208,4096,3615
563632,32768,19372
155332,8192,6388
285988,16384,10944
176972,8192,7422
342272,16384,12969
55600,4096,2505
19492,1024,1140
76184,4096,3474
381200,16384,14530
375584,16384,14265
290664,16384,11213
151476,8192,6173
244832,16384,9255
361724,16384,13657
386092,16384,14794
157380,8192,6527
81116,4096,3752
382676,16384,14610
130748,8192,5470
175384,8192,7334
358796,16384,13727
172420,8192,7137
376304,16384,14299
114908,8192,4806
307896,16384,11275
154652,8192,6339
270084,16384,10188
174964,8192,7326
168224,8192,6978
177172,8192,7428
13856,1024,835
132996,8192,5595
361652,16384,13629
340228,16384,12861
174736,8192,7301
367960,16384,14017
166172,8192,6981
240184,16384,9037
173380,8192,7201
157092,8192,6501
288768,16384,11054
349364,16384,13220
289100,16384,11074
158060,8192,6586
180928,8192,7614
300728,16384,11561
52316,4096,2416
366108,16384,13867
173016,8192,7202
81616,4096,3806
136348,8192,5794
289708,16384,11114
123832,8192,5145
290372,16384,11159
186720,8192,7832
78584,4096,3622
334080,16384,12563
341196,16384,12914
133160,8192,5594
314856,16384,11752
78928,4096,3640
120316,8192,4939
286540,16384,10946
147836,8192,6042
270388,16384,10264
83688,4096,3893
353952,16384,13479
364000,16384,13810
176908,8192,7437
87848,4096,4088
312432,16384,11596
372316,16384,14083
166016,8192,6849
351868,16384,13418
267640,16384,10084
32248,2048,1645
132040,8192,5543
384476,16384,14725
165836,8192,6830
111880,8192,4605
176624,8192,7415
263556,16384,10050
59264,4096,2710
173368,8192,7234
177372,8192,7472
238124,16384,8918
69092,4096,3120
153604,8192,6335
262176,16384,10009
159360,8192,6624
382372,16384,14629
176852,8192,7397
244556,16384,9213
353756,16384,13207
290224,16384,11146
172880,8192,7171
171496,8192,7098
340964,16384,12901
382304,16384,14595
61872,4096,2911
365464,16384,13853
37580,2048,1956
176948,8192,7399
168008,8192,6973
343656,16384,13081
131136,8192,5473
172592,8192,7180
285632,16384,10882
304632,16384,11704
287928,16384,10957
260944,16384,9727
344728,16384,13169
304160,16384,11748
133220,8192,5639
362996,16384,13692
342940,16384,13030
156648,8192,6442
126108,8192,5235
366632,16384,13939
134076,8192,5679
177128,8192,7421
367984,16384,13992
288384,16384,11071
333564,16384,12521
172576,8192,7171
375688,16384,14242
120088,8192,4925
174876,8192,7282
156812,8192,6494
132880,8192,5567
80300,4096,3697
304916,16384,11777
133756,8192,5611
156128,8192,6455
160120,8192,6681
80528,4096,3730
312556,16384,11599
134576,8192,5671
236416,16384,8784
132916,8192,5581
380440,16384,14455
124664,8192,5186
177312,8192,7467
171276,8192,7092
171272,8192,7099
177244,8192,7445
40092,2048,2086
174992,8192,7293
342628,16384,12996
341784,16384,12913
158600,8192,6588
176676,8192,7384
42708,2048,2178
339792,16384,12837
282076,16384,10742
327512,16384,12361
136836,8192,5797
357444,16384,13582
171016,8192,7080
289904,16384,11147
163484,8192,6695
166312,8192,6853
329772,16384,12299
174764,8192,7275
351848,16384,13130
270456,16384,10270
270336,16384,10266
103668,8192,4171
331820,16384,12610
380956,16384,14530
285660,16384,10862
356904,16384,13621
289832,16384,11129
78844,4096,3636
173348,8192,7228
80460,4096,3730
374380,16384,14217
177360,8192,7469
337784,16384,12764
168220,8192,6979
230380,16384,8655
236388,16384,8778
130652,8192,5442
339236,16384,12851
128560,8192,5340
80220,4096,3714
152844,8192,6271
367700,16384,13972
322640,16384,12114
358300,16384,13667
376156,16384,14280
338896,16384,12771
252380,16384,9576
367424,16384,14030
286052,16384,10895
261108,16384,9786
166024,8192,6957
341288,16384,12905
78172,4096,3586
322536,16384,12069
531080,32768,18441
201404,8192,8365
120324,8192,4930
38088,2048,2011
18136,1024,1032
177240,8192,7444
222100,16384,8158
287236,16384,10976
26316,2048,1370
176172,8192,7319
131476,8192,5492
60488,4096,2830
277508,16384,10509
176696,8192,7421
38572,2048,2005
289700,16384,11133
10452,1024,612
339244,16384,12842
175492,8192,7328
354048,16384,13514
380284,16384,14431
177280,8192,7434
175132,8192,7292
178672,8192,7530
336188,16384,12605
89044,4096,4149
290776,16384,11174
176468,8192,7413
15592,1024,914
163300,8192,6666
79460,4096,3673
246260,16384,9318
146400,8192,5940
380936,16384,14512
287388,16384,11045
323776,16384,12208
269476,16384,10180
366828,16384,13931
375664,16384,14214
175344,8192,7293
35024,2048,1766
263728,16384,9916
382448,16384,14630
132940,8192,5587
177636,8192,7507
175528,8192,7350
177352,8192,7436
32944,2048,1683
314580,16384,11684
290520,16384,11205
268804,16384,10160
266364,16384,10006
156752,8192,6487
176416,8192,7367
288404,16384,11036
171348,8192,7085
152236,8192,6235
384868,16384,14727
38064,2048,2010
222624,16384,8231
177328,8192,7471
173040,8192,7214
310324,16384,11854
357652,16384,13487
381388,16384,14524
78280,4096,3598
242328,16384,9121
290280,16384,11173
376288,16384,14263
246388,16384,9355
382084,16384,14604
83688,4096,3910
288768,16384,11072
164264,8192,6746
289732,16384,11120
285276,16384,10840
130820,8192,5437
288500,16384,11036
337340,16384,12665
289832,16384,11157
132900,8192,5571
120688,8192,4946
175724,8192,7368
293280,16384,11304
326540,16384,12257
288252,16384,10994
361508,16384,13644
285768,16384,10893
278972,16384,10591
348772,16384,13141
153856,8192,6335
79560,4096,3677
361772,16384,13674
328192,16384,12226
168420,8192,7015
342544,16384,12992
277556,16384,10505
56844,4096,2612
176172,8192,7345
245708,16384,9268
338388,16384,12777
239320,16384,9016
174836,8192,7290
177372,8192,7473
133248,8192,5635
341596,16384,12966
285568,16384,10880
436156,16384,16623
176896,8192,7407
37988,2048,1997
336992,16384,12663
334180,16384,12616
289568,16384,11080
23788,2048,1237
103616,8192,4173
338976,16384,12807
380976,16384,14539
39884,2048,2078
154172,8192,6286
280524,16384,10674
122196,8192,5014
290556,16384,11198
40264,2048,2113
166732,8192,6904
228120,16384,8497
361888,16384,13683
275236,16384,10341
338168,16384,12786
364952,16384,13853
166516,8192,6861
288404,16384,11016
173096,8192,7187
336796,16384,12632
377944,16384,14388
176752,8192,7377
71452,4096,3266
128124,8192,5268
176712,8192,7424
358788,16384,13681
341092,16384,12920
303748,16384,11662
264136,16384,9853
175104,8192,7280
381368,16384,14521
366448,16384,13899
292308,16384,11252
356552,16384,13409
172872,8192,7201
131940,8192,5508
177704,8192,7481
270552,16384,10272
276780,16384,10427
169208,8192,7053
175464,8192,7322
176760,8192,7436
246196,16384,9334
342796,16384,13010
328156,16384,12644
182000,8192,7660
156760,8192,6497
290468,16384,11175
274712,16384,10517
297284,16384,11344
35776,2048,1832
122380,8192,5024
321332,16384,12043
277440,16384,10507
163180,8192,6690
343116,16384,13024
338928,16384,12799
337720,16384,12777
274944,16384,10463
357844,16384,13477
130616,8192,5467
173476,8192,7250
290240,16384,11118
320628,16384,11996
265748,16384,10001
329740,16384,12334
171432,8192,7077
155528,8192,6422
22904,2048,1163
175316,8192,7328
254636,16384,9754
79640,4096,3661
132888,8192,5552
176668,8192,7426
343136,16384,13073
342492,16384,13024
285352,16384,10808
361120,16384,13800
167996,8192,6942
79756,4096,3679
146368,8192,5933
288728,16384,11046
306548,16384,11873
277516,16384,10498
279184,16384,10689
89500,4096,4197
367520,16384,14054
273816,16384,10406
157288,8192,6505
132644,8192,5576
362756,16384,13724
377968,16384,14394
157712,8192,6528
289988,16384,11116
264836,16384,10000
363008,16384,13732
152616,8192,6262
157076,8192,6516
376620,16384,14341
72652,4096,3350
168092,8192,6955
381384,16384,14534
289948,16384,11094
138552,8192,5752
384408,16384,14753
244428,16384,9199
363084,16384,13746
156796,8192,6493
384884,16384,14737
76244,4096,3458
312936,16384,11605
28180,2048,1472
152480,8192,6232
176744,8192,7428
172380,8192,7159
75484,4096,3431
269988,16384,10217
77972,4096,3570
177488,8192,7458
71460,4096,3274
163460,8192,6680
122744,8192,5064
178156,8192,7494
73812,4096,3295
108808,8192,4410
365816,16384,13865
357752,16384,13435
76484,4096,3500
284548,16384,10841
338020,16384,12740
366104,16384,13890
176644,8192,7408
173164,8192,7211
125360,8192,5202
168232,8192,6970
245304,16384,9214
267840,16384,10072
330044,16384,12361
166400,8192,6848
167080,8192,6892
286008,16384,10890
284712,16384,10811
79340,4096,3640
245820,16384,9279
172512,8192,7156
172932,8192,7193
381220,16384,14488
287800,16384,10954
337132,16384,12636
173864,8192,7243
322764,16384,12082
306464,16384,11863
172612,8192,7168
362952,16384,13687
280420,16384,10647
337384,16384,12721
270676,16384,10275
245204,16384,9248
381080,16384,14534
564952,32768,19489
175780,8192,7364
157132,8192,6502
380640,16384,14462
328428,16384,12279
155744,8192,6439
261316,16384,9804
356468,16384,13533
346888,16384,13264
375656,16384,14235
278752,16384,10600
174036,8192,7283
175560,8192,7356
80956,4096,3757
255792,16384,9468
171800,8192,7126
270032,16384,10213
366872,16384,13937
79996,4096,3674
60636,4096,2823
285460,16384,10869
176756,8192,7441
333980,16384,12555
181032,8192,7610
79908,4096,3677
269440,16384,10193
168068,8192,6992
165208,8192,6813
174796,8192,7290
246292,16384,9337
342472,16384,13024
372356,16384,14052
279908,16384,10601
284912,16384,10858
176548,8192,7396
169056,8192,7047
71400,4096,3254
225076,16384,8314
157272,8192,6538
342508,16384,12970
340596,16384,12892
288860,16384,11095
362868,16384,13699
289536,16384,11115
271440,16384,10323
133016,8192,5574
364880,16384,13843
76424,4096,3485
348076,16384,13132
333760,16384,12564
175084,8192,7301
285440,16384,10942
167460,8192,6899
128848,8192,5320
173660,8192,7284
135808,8192,5723
130552,8192,5470
290864,16384,11226
168264,8192,6984
338668,16384,12774
80204,4096,3683
340400,16384,12838
133032,8192,5611
363384,16384,13740
373816,16384,14130
153364,8192,6341
176612,8192,7401
174780,8192,7275
34544,2048,1771
176872,8192,7401
290104,16384,11133
177244,8192,7450
174772,8192,7282
270284,16384,10221
359688,16384,13601
181988,8192,7541
155364,8192,6392
286696,16384,10997
173588,8192,7246
80440,4096,3725
164412,8192,6768
289816,16384,11153
177216,8192,7428
284896,16384,10868
154360,8192,6349
174408,8192,7297
174684,8192,7269
167516,8192,6930
383232,16384,14667
277316,16384,10450
175120,8192,7296
132984,8192,5593
176708,8192,7424
13404,1024,817
331672,16384,12517
156956,8192,6519
233904,16384,8679
141136,8192,5975
176640,8192,7407
113172,8192,4719
330872,16384,12393
338204,16384,12744
361584,16384,13659
378364,16384,14452
173280,8192,7219
174936,8192,7284
175604,8192,7357
290272,16384,11158
286728,16384,10992
177864,8192,7462
176356,8192,7365
364444,16384,13730
360680,16384,13553
360860,16384,13577
362128,16384,13616
176264,8192,7379
288880,16384,11047
115940,8192,4831
132796,8192,5566
89100,4096,4172
158756,8192,6616
226412,16384,8409
319412,16384,11897
275464,16384,10307
166724,8192,6881
290532,16384,11191
147128,8192,5994
325432,16384,12299
176708,8192,7409
264752,16384,9911
286372,16384,10916
77772,4096,3534
164248,8192,6763
76544,4096,3511
335456,16384,12636
36920,2048,1929
175460,8192,7324
288084,16384,11023
323196,16384,12192
288048,16384,11015
277176,16384,10489
80480,4096,3735
343544,16384,13132
178100,8192,7471
361448,16384,13605
62080,4096,2923
227056,16384,8426
169556,8192,7060
245888,16384,9296
245012,16384,9283
173500,8192,7231
290080,16384,11127
148276,8192,6055
285356,16384,10839
160064,8192,6661
166456,8192,7004
236084,16384,8781
174776,8192,7298
156616,8192,6497
169840,8192,7072
322280,16384,12058
313680,16384,11643
366912,16384,13903
176096,8192,7341
245284,16384,9254
175544,8192,7325
381480,16384,14548
162640,8192,6673
341832,16384,12931
339180,16384,12859
218204,16384,8038
75612,4096,3420
340572,16384,12899
289696,16384,11107
177084,8192,7406
148120,8192,6054
245768,8192,9984
268080,16384,10072
35824,2048,1831
366984,16384,13927
176136,8192,7350
337556,16384,12763
314556,16384,12077
79592,4096,3659
80700,4096,3773
341720,16384,12975
357844,16384,13477
381532,16384,14514
151408,8192,6168
28272,2048,1479
343036,16384,13055
172280,8192,7212
155032,8192,6380
334252,16384,12614
166632,8192,6879
268144,16384,10071
279560,16384,10561
377912,16384,14393
177248,8192,7447
365452,16384,13854
331972,16384,12596
261492,16384,9787
314708,16384,11731
173188,8192,7248
176948,8192,7428
288308,16384,11021
178720,8192,7508
136916,8192,5815
372192,16384,14039
334056,16384,12602
177276,8192,7449
383204,16384,14648
340748,16384,12929
57892,4096,2630
383888,16384,14692
334052,16384,12584
342824,16384,13001
254968,16384,9688
318848,16384,11916
175244,8192,7309
178072,8192,7529
220956,16384,8162
378348,16384,14501
62964,4096,2951
321948,16384,12051
363072,16384,13712
80228,4096,3689
162404,8192,6630
374312,16384,14211
78472,4096,3597
288512,16384,11044
303980,16384,11654
170944,8192,7034
79492,4096,3660
340460,16384,12870
176504,8192,7394
239196,16384,8992
290600,16384,11177
378152,16384,14458
343568,16384,13043
162680,8192,6640
285620,16384,10845
366516,16384,13940
173324,8192,7233
176448,8192,7393
164860,8192,6791
321196,16384,12006
289880,16384,11141
37804,2048,1993
178508,8192,7486
342348,16384,12993
372828,16384,14140
177348,8192,7472
333828,16384,12544
381276,16384,14534
311132,16384,11481
380572,16384,14461
168108,8192,6960
361112,16384,13586
362780,16384,13943
343828,16384,13103
276644,16384,10454
170104,8192,7053
329944,16384,12337
363324,16384,13769
289596,16384,11113
286576,16384,11003
319848,16384,11913
157096,8192,6506
175256,8192,7307
287932,16384,10981
287136,16384,10968
288352,16384,11011
289852,16384,11145
337620,16384,12756
287504,16384,10933
283604,16384,10727
290424,16384,11170
85516,4096,3960
270360,16384,10240
345012,16384,13160
339092,16384,12831
175680,8192,7357
361616,16384,13651
170272,8192,7059
64456,4096,3024
264204,16384,9840
118500,8192,4792
174272,8192,7279
384780,16384,14734
261212,16384,9795
288536,16384,11044
172624,8192,7167
328840,16384,12644
284772,16384,10837
322624,16384,12098
165496,8192,6941
173052,8192,7214
168232,8192,7030
290528,16384,11190
269584,16384,10193
141552,8192,6027
290628,16384,11215
340532,16384,12926
259644,16384,9647
37644,2048,1955
291320,16384,11245
131948,8192,5494
329776,16384,12300
132212,8192,5533
164288,8192,6734
175156,8192,7307
167576,8192,6937
169836,8192,7063
166036,8192,6867
280976,16384,10650
380732,16384,14489
78644,4096,3608
133040,8192,5594
172548,8192,7147
270560,16384,10284
366916,16384,13920
340464,16384,12861
321952,16384,12008
176512,8192,7375
80376,4096,3730
276776,16384,10421
176520,8192,7389
358868,16384,13556
177492,8192,7475
288900,16384,11056
102408,8192,4105
177252,8192,7459
362448,16384,13695
269968,16384,10196
150988,8192,6142
56740,4096,2579
167576,8192,6932
383088,16384,14667
286580,16384,10955
175196,8192,7303
131136,8192,5453
320292,16384,11914
175656,8192,7369
381552,16384,14572
304616,16384,11743
362508,16384,13699
132328,8192,5577
132904,8192,5576
174428,8192,7240
157108,8192,6508
168000,8192,6940
270420,16384,10276
170700,8192,7055
176648,8192,7377
361172,16384,13569
343216,16384,13093
176904,8192,7415
333720,16384,12566
236324,16384,8768
364664,16384,13789
129688,8192,5414
155284,8192,6416
290504,16384,11184
26204,2048,1350
153876,8192,6341
132536,8192,5589
232896,16384,8685
174692,8192,7285
38080,2048,2009
358288,16384,13517
178172,8192,7485
133268,8192,5635
104780,8192,4268
168136,8192,6961
157020,8192,6491
339464,16384,12849
177288,8192,7436
381400,16384,14548
157600,8192,6551
165928,8192,6826
76668,4096,3535
173360,8192,7231
284660,16384,10841
173452,8192,7250
175668,8192,7360
342448,16384,12954
171784,8192,7120
171224,8192,7079
60328,4096,2789
355688,16384,13400
172040,8192,7111
217864,16384,7980
176396,8192,7399
122844,8192,5031
151732,8192,6219
177128,8192,7412
134500,8192,5652
174328,8192,7210
79736,4096,3675
267932,16384,10087
155744,8192,6450
321164,16384,11958
153276,8192,6319
177360,8192,7470
152484,8192,6228
21156,1024,1242
288696,16384,11065
174972,8192,7283
177172,8192,7427
80600,4096,3761
169380,8192,7018
154820,8192,6360
353724,16384,13248
119096,8192,4856
364040,16384,13783
325812,16384,12317
287836,16384,10962
157860,8192,6553
80268,4096,3715
340908,16384,12890
78232,4096,3574
172536,8192,7174
174712,8192,7253
172856,8192,7224
175620,8192,7392
173312,8192,7232
166612,8192,6897
364980,16384,13801
71416,4096,3274
343012,16384,13048
246092,16384,9310
337652,16384,12744
270068,16384,10234
173240,8192,7212
71484,4096,3270
166416,8192,6879
274212,16384,10461
156432,8192,6446
282428,16384,10767
157104,8192,6520
289308,16384,11126
372444,16384,14070
132508,8192,5563
351260,16384,13300
167148,8192,6888
344320,16384,13120
166572,8192,6887
284464,16384,10814
105092,8192,4245
336396,16384,12607
165508,8192,6797
289780,16384,11128
378524,16384,14453
367140,16384,13993
89532,4096,4205
286192,16384,11002
354956,16384,13345
141908,8192,6030
263784,16384,9961
178012,8192,7462
176352,8192,7363
177408,8192,7470
175524,8192,7348
172772,8192,7192
365000,16384,13859
364652,16384,13791
133000,8192,5590
190764,8192,7936
240580,16384,8994
330348,16384,12354
91464,4096,4290
135308,8192,5745
172544,8192,7151
37836,2048,1982
52284,4096,2413
279716,16384,10579
362724,16384,13748
377964,16384,14422
132000,8192,5501
342204,16384,12995
362544,16384,13640
177044,8192,7445
251028,16384,9565
385124,16384,14729
374132,16384,14189
319580,16384,11942
177460,8192,7452
323064,16384,12126
338400,16384,12770
62792,4096,2845
282184,16384,10715
82276,4096,3852
266508,16384,10034
358388,16384,13548
176452,8192,7372
168520,8192,7000
175616,8192,7327
336900,16384,12654
322524,16384,12085
262092,16384,9844
356640,16384,13560
133236,8192,5639
155260,8192,6398
128324,8192,5338
79820,4096,3682
286564,16384,10946
367224,16384,13979
168264,8192,6989
118748,8192,4810
289912,16384,11149
279884,16384,10593
317544,16384,11840
246448,16384,9338
194132,8192,7502
282808,16384,10802
325904,16384,12286
287952,16384,10974
156892,8192,6502
172048,8192,7151
157008,8192,6527
288436,16384,11016
374364,16384,14214
363324,16384,13758
353880,16384,13460
173600,8192,7236
363892,16384,13787
273644,16384,10354
71036,4096,3233
176672,8192,7414
172624,8192,7194
268044,16384,10088
138288,8192,5856
80156,4096,3703
249840,16384,9515
281412,16384,10704
27968,2048,1471
155364,8192,6383
362680,16384,13678
380792,16384,14500
163424,8192,6681
341236,16384,12930
340372,16384,12838
312044,16384,11512
362628,16384,13695
38248,2048,1973
156556,8192,6487
139540,8192,5867
128348,8192,5315
132900,8192,5576
165380,8192,6912
332892,16384,12488
364860,16384,13838
289516,16384,11093
171684,8192,7136
358024,16384,13478
37888,2048,1979
281240,16384,10710
329656,16384,12334
376176,16384,14285
289860,16384,11130
159144,8192,6577
362816,16384,13647
177084,8192,7406
329264,16384,12302
136624,8192,5784
61076,4096,2856
269692,16384,10203
172632,8192,7185
290052,16384,11125
128568,8192,5322
362368,16384,13691
331600,16384,12547
246192,16384,9306
367496,16384,14048
248584,16384,9472
156928,8192,6509
128780,8192,5352
262112,16384,9822
290460,16384,11173
28284,2048,1483
329020,16384,12267
283984,16384,10773
263676,16384,9914
178664,8192,7485
175360,8192,7303
156256,8192,6437
364468,16384,13806
176292,8192,7348
171644,8192,7126
173928,8192,7258
152724,8192,6238
268340,16384,10139
366624,16384,13942
264992,16384,9988
285760,16384,10896
274676,16384,10507
358116,16384,13511
166732,8192,6882
340560,16384,12884
170952,8192,7074
297368,16384,11370
209772,8192,8410
82564,4096,3821
76396,4096,3482
132500,8192,5567
285248,16384,10926
166860,8192,6930
246324,16384,9352
156356,8192,6462
322672,16384,12079
339156,16384,12839
157112,8192,6505
376164,16384,14295
331916,16384,12577
290584,16384,11204
366716,16384,13906
281696,16384,10775
176652,8192,7409
378220,16384,14444
357296,16384,13628
176580,8192,7387
280432,16384,10601
372084,16384,14083
289324,16384,11067
202248,8192,8434
174724,8192,7264
290348,16384,11147
318760,16384,11925
320640,16384,11996
363428,16384,13784
67884,4096,3067
162536,8192,6762
129192,8192,5365
318644,16384,11858
287628,16384,10964
132612,8192,5569
338948,16384,12791
323140,16384,12127
387000,16384,14882
282004,16384,10723
153640,8192,6312
156748,8192,6478
171696,8192,7126
380884,16384,14512
134760,8192,5725
231392,16384,8643
171636,8192,7089
343044,16384,13061
350776,16384,13341
367160,16384,13993
268224,16384,10103
381740,16384,14576
168920,8192,7028
386032,16384,14769
168324,8192,6986
177432,8192,7475
278368,16384,10648
155344,8192,6388
78868,4096,3631
80540,4096,3747
290544,16384,11190
8736,512,614
176716,8192,7422
224400,16384,8301
36128,2048,1868
289932,16384,11154
176968,8192,7425
338736,16384,12795
78760,4096,3625
234136,16384,8724
241240,8192,9827
357656,16384,13458
142248,8192,6071
374076,16384,14165
52440,4096,2421
162792,8192,6697
341216,16384,12951
164492,8192,6785
331524,16384,12423
370684,16384,14129
162180,8192,6748
290604,16384,11205
356740,16384,13599
279176,16384,10561
360904,16384,13794
60500,4096,2821
260496,16384,9747
290432,16384,11171
131044,8192,5448
177268,8192,7436
383032,16384,14624
289116,16384,11030
366672,16384,13927
357236,16384,13405
113128,8192,4696
20072,1024,1174
128700,8192,5358
177128,8192,7448
167268,8192,6922
333932,16384,12554
174964,8192,7324
257116,16384,9751
338380,16384,12785
286884,16384,10968
339228,16384,12849
342016,16384,12927
162648,8192,6661
261608,16384,9802
319104,16384,11914
176432,8192,7371
290696,16384,11216
376276,16384,14320
237156,16384,8852
174968,8192,7322
175024,8192,7256
322348,16384,12090
76536,4096,3485
174972,8192,7305
78796,4096,3613
290304,16384,11151
129880,8192,5389
174744,8192,7271
156256,8192,6455
64052,4096,3001
120740,8192,4935
71844,4096,3303
373516,16384,14200
170644,8192,7156
366100,16384,13891
166780,8192,6907
76512,4096,3504
281576,16384,10692
382420,16384,14619
266272,16384,9999
290384,16384,11155
337512,16384,12756
341948,16384,12924
75188,4096,3459
174936,8192,7308
269580,16384,10178
138124,8192,5841
376120,16384,14239
132352,8192,5552
270660,16384,10272
342448,16384,13018
174260,8192,7305
225900,16384,8405
167256,8192,6933
176376,8192,7373
175604,8192,7345
322828,16384,12115
288628,16384,11036
132392,8192,5556
134032,8192,5705
366768,16384,13899
341016,16384,12914
271260,16384,10279
176864,8192,7395
16912,1024,1011
361020,16384,13596
340104,16384,12831
289032,16384,11072
290380,16384,11158
176840,8192,7398
380688,16384,14491
306444,16384,11837
290160,16384,11155
380784,16384,14508
80604,4096,3751
289532,16384,11066
76336,4096,3477
197036,8192,8144
290432,16384,11149
177256,8192,7465
325748,16384,12572
237224,16384,8857
37732,2048,1975
322636,16384,12110
174664,8192,7285
173720,8192,7284
83100,4096,3835
37880,2048,1982
168048,8192,6976
366152,16384,13884
286620,16384,10960
322308,16384,12044
333716,16384,12533
132092,8192,5504
61408,4096,2882
148260,8192,6046
367756,16384,14002
274944,16384,10463
133172,8192,5622
245656,16384,9302
177052,8192,7419
246160,16384,9298
175048,8192,7302
161748,8192,6708
362084,16384,13639
80300,4096,3717
382728,16384,14701
338048,16384,12748
14640,1024,845
290200,16384,11158
147532,8192,6027
333040,16384,12518
338484,16384,12766
358184,16384,13524
284640,16384,10813
32884,2048,1692
340536,16384,12885
338816,16384,12784
69380,4096,3171
123128,8192,5042
343060,16384,13064
220232,16384,8015
353948,16384,13510
33300,2048,1712
168108,8192,6986
332004,16384,12392
342908,16384,13065
323116,16384,12169
142000,8192,6054
290428,16384,11165
320228,16384,11888
84688,4096,3889
123444,8192,5070
176976,8192,7415
124304,4096,5539
167700,8192,6947
342180,16384,12951
157532,8192,6540
265644,16384,10218
338728,16384,12740
176480,8192,7356
282976,16384,10775
104712,8192,4272
60848,4096,2853
168168,8192,7012
355620,16384,13300
163676,8192,6717
214520,8192,8614
26900,2048,1393
37596,2048,1955
175820,8192,7367
335776,16384,12711
172552,8192,7197
287004,16384,10998
52124,4096,2402
341336,16384,12932
156296,8192,6456
321076,16384,11982
382528,16384,14606
286484,16384,10948
341476,16384,12900
288076,16384,11018
123732,8192,5109
329060,16384,12680
319944,16384,11869
123992,8192,5137
174960,8192,7302
286536,16384,10957
166084,8192,6831
290300,16384,11133
176064,8192,7422
342264,16384,12984
284120,16384,10791
341124,16384,12897
153156,8192,6288
264208,16384,9830
177812,8192,7513
177464,8192,7468
176796,8192,7440
278416,16384,10517
168816,8192,7033
286384,16384,10918
249096,16384,9431
167520,8192,6918
380600,16384,14441
290532,16384,11188
379072,16384,14526
75700,4096,3433
336180,16384,12667
290356,16384,11153
380952,16384,14489
337024,16384,12684
372528,16384,14076
133236,8192,5612
175112,8192,7278
155248,8192,6404
248932,8192,10179
174076,8192,7299
173412,8192,7261
175588,8192,7347
356476,16384,13551
262160,16384,9854
342212,16384,12971
141580,8192,6028
342328,16384,12988
290368,16384,11164
380884,16384,14477
263052,16384,9865
166144,8192,6975
236836,16384,8825
162284,8192,6763
156264,8192,6453
383056,16384,14653
364356,16384,13752
174508,8192,7207
287684,16384,10982
322448,16384,12063
289684,16384,11104
288468,16384,11029
17748,1024,1046
360292,16384,13765
131248,8192,5474
289644,16384,11098
177244,8192,7441
266644,16384,10057
377380,16384,14368
190612,8192,7952
304656,16384,11748
284104,16384,10797
78384,4096,3587
37600,2048,1959
322776,16384,12085
176728,8192,7376
8516,512,588
324508,16384,12250
365628,16384,13898
263608,16384,9893
361488,16384,13630
177180,8192,7425
338060,16384,12741
156560,8192,6433
361536,16384,13631
172100,8192,7169
176972,8192,7394
290864,16384,11226
362732,16384,13691
79512,4096,3665
346832,16384,13255
364952,16384,13810
150124,8192,6187
173356,8192,7226
176968,8192,7426
231908,16384,8568
166816,8192,6899
89476,4096,4191
168284,8192,6993
284848,16384,10838
220652,16384,8072
290156,16384,11142
341188,16384,12924
18948,1024,1096
133664,8192,5638
324000,16384,12199
270372,16384,10248
135748,8192,5728
327776,16384,12228
365932,16384,13835
340540,16384,12875
361356,16384,13652
290280,16384,11135
73348,4096,3419
108948,8192,4454
225412,16384,8368
114584,8192,4774
168008,8192,6974
360972,16384,13583
364120,16384,13775
279036,16384,10549
146488,8192,5957
108864,8192,4433
131376,8192,5494
81208,4096,3789
175348,8192,7340
254040,16384,9678
168452,8192,7023
176476,8192,7389
378316,16384,14451
172112,8192,7186
365300,16384,13804
360556,16384,13559
288088,16384,11029
69392,4096,3119
289872,16384,11171
114884,8192,4760
364492,16384,13790
369216,16384,14141
365324,16384,13826
166152,8192,6977
322436,16384,12064
362160,16384,13673
338596,16384,12760
156624,8192,6495
290656,16384,11227
289060,16384,11096
87476,4096,4056
378012,16384,14423
142024,8192,6072
381344,16384,14548
304996,16384,11587
329416,16384,12303
288524,16384,11073
185608,8192,7688
175100,8192,7306
259788,16384,9689
344772,16384,13167
133088,8192,5607
154684,8192,6346
323512,16384,12131
337796,16384,12685
156828,8192,6514
80420,4096,3732
294332,16384,11422
152192,8192,6235
342980,16384,13035
58600,4096,2690
283192,16384,10828
228540,16384,8557
160908,8192,6742
157060,8192,6496
363416,16384,13781
165208,8192,6805
381064,16384,14514
176352,8192,7352
364816,16384,13841
377648,16384,14343
279220,16384,10600
383112,16384,14633
290472,16384,11161
365300,16384,13838
279812,16384,10766
364532,16384,13821
289832,16384,11145
78572,4096,3606
177068,8192,7434
361232,16384,13572
36280,2048,1885
168428,8192,7017
351324,16384,13065
337736,16384,12753
276480,16384,10407
128880,8192,5318
286652,16384,10991
339080,16384,12821
156608,8192,6502
317768,16384,11837
343712,16384,13036
176636,8192,7404
37928,2048,1980
284776,16384,10824
289472,16384,11103
176752,8192,7434
177320,8192,7460
286536,16384,10944
382244,16384,14569
382880,16384,14635
156224,8192,6473
154460,8192,6336
245516,16384,9265
286308,16384,10916
331460,16384,12576
279400,16384,10718
289676,16384,11102
251004,16384,9601
246336,16384,9311
220684,16384,8083
152904,8192,6252
286468,16384,10940
137284,8192,5777
136052,8192,5746
285696,16384,10880
289960,16384,11133
156044,8192,6461
285972,16384,10885
342364,16384,13014
342844,16384,13005
290964,16384,11262
266292,16384,10252
332260,16384,12468
149996,8192,6177
367948,16384,14033
78688,4096,3609
285676,16384,10863
238224,16384,8906
24396,2048,1262
284652,16384,10813
318584,16384,11855
44396,2048,2261
177000,8192,7398
364632,16384,13782
166004,8192,6872
290756,16384,11198
335624,16384,12679
177348,8192,7466
71520,4096,3271
243552,16384,9113
366352,16384,13886
221240,8192,9294
177108,8192,7412
322188,16384,12094
178668,8192,7503
159168,8192,6619
357180,16384,13395
290516,16384,11160
176764,8192,7374
363532,16384,13814
325756,16384,12235
328280,16384,12609
56256,4096,2540
334112,16384,12611
289856,16384,11162
27320,2048,1432
153236,8192,6580
265636,16384,9958
157948,8192,6527
155172,8192,6389
132344,8192,5549
342016,16384,12958
153344,8192,6303
289136,16384,11079
176464,8192,7375
281092,16384,10673
382880,16384,14578
174684,8192,7256
177244,8192,7450
234104,16384,8784
367144,16384,13956
149188,8192,6116
367844,16384,14007
173304,8192,7226
290632,16384,11221
157268,8192,6531
269932,16384,10185
280856,16384,10668
290660,16384,11206
306420,16384,11885
343308,16384,13076
122240,8192,5020
328644,16384,12217
173452,8192,7254
289336,16384,11087
80568,4096,3740
366608,16384,13939
288672,16384,11095
353848,16384,13282
342600,16384,13058
82492,4096,3834
258392,16384,9958
338256,16384,12752
268720,16384,10155
362308,16384,13649
83588,4096,3849
127424,8192,5293
157168,8192,6518
290912,16384,11206
361504,16384,13691
281556,16384,10731
126836,8192,5263
168236,8192,6987
152796,8192,6326
83412,4096,3811
175232,8192,7313
285900,16384,10910
326660,16384,12288
386796,16384,14821
133992,8192,5640
157476,8192,6521
329488,16384,12330
385364,16384,14756
313460,16384,11640
340712,16384,12918
169120,8192,7021
380936,16384,14497
142148,8192,6091
361112,16384,13602
355772,16384,13390
322956,16384,12131
288768,16384,11059
366856,16384,13890
171736,8192,7137
363128,16384,13710
261384,16384,9789
368332,16384,14066
177116,8192,7414
322840,16384,12086
302540,16384,11699
354008,16384,13493
255048,16384,9734
166516,8192,6885
8744,512,616
123984,8192,5136
89240,4096,4022
163812,8192,6703
377680,16384,14414
38016,2048,1999
42848,2048,2198
174796,8192,7288
383800,16384,14733
277096,16384,10460
130592,8192,5464
286220,16384,10910
244976,16384,9240
71468,4096,3275
173416,8192,7252
267256,16384,10074
85456,4096,3966
177028,8192,7458
79788,4096,3674
176128,8192,7359
175404,8192,7303
340964,16384,12874
165808,8192,6825
70844,4096,3242
365108,16384,13826
131896,8192,5512
133104,8192,5599
290232,16384,11111
357168,16384,13628
358976,16384,13583
172588,8192,7178
352380,16384,13406
37112,2048,1913
281664,16384,10751
167868,8192,6959
177200,8192,7436
158156,8192,6511
381620,16384,14556
376540,16384,14327
385716,16384,14797
122208,8192,5000
157348,8192,6568
78816,4096,3619
246128,16384,9307
342896,16384,13022
121480,8192,4951
249392,16384,9483
381672,16384,14538
176972,8192,7422
309996,16384,11447
382208,16384,14577
344048,16384,13053
361584,16384,13638
185584,8192,7867
343388,16384,13092
176612,8192,7395
232444,16384,8572
79792,4096,3670
176912,8192,7441
130868,8192,5422
339820,16384,12747
175620,8192,7351
312260,16384,11548
300104,16384,11329
131252,8192,5476
373620,16384,14285
246108,16384,9341
286500,16384,10937
289664,16384,11104
377956,16384,14408
174848,8192,7296
166756,8192,6879
287332,16384,10969
172016,8192,7195
291192,16384,11228
157000,8192,6478
102108,8192,4086
286728,16384,10977
132904,8192,5589
174668,8192,7247
351936,16384,13356
172228,8192,7137
81792,4096,3823
342120,16384,12997
156580,8192,6484
171856,8192,7122
365084,16384,13788
270164,16384,10209
338196,16384,12741
281812,16384,10787
317916,16384,11877
152376,8192,6313
175352,8192,7302
338856,16384,12808
133016,8192,5601
342232,16384,12982
76928,4096,3537
290532,16384,11143
177200,8192,7439
342024,16384,12976
175368,8192,7297
174804,8192,7271
342696,16384,13049
272048,16384,10347
176592,8192,7378
289640,16384,11113
164380,8192,6781
37868,2048,1962
175308,8192,7314
364876,16384,13775
78948,4096,3636
290768,16384,11201
381348,16384,14506
80028,4096,3671
277480,16384,10484
132940,8192,5576
165864,8192,6861
38000,2048,1995
176340,8192,7380
277612,16384,10501
341136,16384,12915
290320,16384,11158
268032,16384,10123
326160,16384,12300
176988,8192,7398
318620,16384,11828
149976,8192,6197
366796,16384,13939
167856,8192,6998
175388,8192,7319
119884,8192,4885
173188,8192,7183
177192,8192,7432
80508,4096,3743
132852,8192,5563
127212,8192,5316
161968,8192,6778
134020,8192,5659
123948,8192,5144
156292,8192,6492
142616,8192,6100
285956,16384,10912
259664,16384,9684
77648,4096,3583
173668,8192,7259
271808,16384,10335
57224,4096,2643
290580,16384,11154
80172,4096,3698
272220,16384,10323
300604,16384,11328
341152,16384,12935
173372,8192,7234
157168,8192,6523
153444,8192,6312
152892,8192,6256
173248,8192,7211
342628,16384,13000
69080,4096,3147
243696,16384,9169
380772,16384,14484
176096,8192,7349
170920,8192,7129
331840,16384,12585
3620,256,297
356076,16384,13356
256104,16384,9497
187152,8192,7819
369752,16384,14034
273848,16384,10460
147316,8192,6024
318696,16384,11851
13460,1024,812
152424,8192,6273
154756,8192,6353
174896,8192,7291
158012,8192,6574
174868,8192,7285
376516,16384,14309
168668,8192,7010
327232,16384,12351
362384,16384,13666
290708,16384,11161
104072,8192,4237
275808,16384,10531
169028,8192,7034
175696,8192,7372
145684,8192,5900
132844,8192,5576
36104,2048,1858
286668,16384,10973
356368,16384,13423
176320,8192,7388
243180,16384,9144
382080,16384,14619
288188,16384,11019
289156,16384,11041
75836,4096,3467
80620,4096,3753
158028,8192,6546
288276,16384,10996
363056,16384,13690
332900,16384,12468
130684,8192,5466
342112,16384,12995
80548,4096,3736
80556,4096,3737
149468,8192,6114
12896,1024,782
363324,16384,13770
176772,8192,7434
174240,8192,7335
357600,16384,13500
113656,4096,5129
311100,16384,11551
289812,16384,11129
326140,16384,12285
290116,16384,11087
281432,16384,10721
155396,8192,6402
367352,16384,14012
176716,8192,7425
172304,8192,7157
157888,8192,6556
340504,16384,12865
76512,4096,3513
267996,16384,10103
279684,16384,10592
172980,8192,7212
80172,4096,3707
350756,16384,13309
80272,4096,3700
261632,16384,9813
280708,16384,10651
339240,16384,12869
107180,8192,4307
143796,8192,5809
138392,8192,5877
129504,8192,5468
289612,16384,11097
380544,16384,14576
337376,16384,12712
191724,8192,8053
177392,8192,7482
166448,8192,6876
356428,16384,13402
289676,16384,11102
236860,16384,8858
174288,8192,7283
342052,16384,12972
32992,2048,1715
353624,16384,13234
210748,8192,8477
159664,8192,6698
353976,16384,13289
80296,4096,3720
175364,8192,7320
363876,16384,13780
162108,8192,6615
318852,16384,11892
321256,16384,12021
290392,16384,11174
168540,8192,7014
246420,16384,9349
173388,8192,7246
156980,8192,6488
32868,2048,1684
67432,4096,3034
361292,16384,13588
240524,16384,8974
28780,2048,1512
286204,16384,10890
125472,8192,5170
332420,16384,12480
375556,16384,14277
338644,16384,12768
315488,16384,11737
177108,8192,7456
290072,16384,11124
341432,16384,12925
79812,4096,3675
37872,2048,1979
177332,8192,7435
365160,16384,13822
380616,16384,14484
70724,4096,3217
177192,8192,7432
381280,16384,14537
165576,8192,6813
338220,16384,12760
176360,8192,7352
361876,16384,13673
165676,8192,6787
359004,16384,13581
154972,8192,6379
363192,16384,13725
343008,16384,13068
157136,8192,6510
144244,8192,5844
163272,8192,6700
290588,16384,11205
266360,16384,10031
172032,8192,7172
372520,16384,14086
129200,8192,5372
227828,16384,8468
171200,8192,7068
173424,8192,7244
364784,16384,13815
171572,8192,7116
175612,8192,7362
168208,8192,6967
340932,16384,12880
246328,16384,9336
313012,16384,11561
27464,2048,1431
339532,16384,12897
74864,4096,3400
289648,16384,11105
270708,16384,10311
341020,16384,12887
290540,16384,11194
155376,8192,6384
322040,16384,12013
334076,16384,12607
291296,16384,11253
376232,16384,14293
363872,16384,13718
132676,8192,5574
336592,16384,12651
18492,1024,1108
141928,8192,6041
32288,2048,1664
367092,16384,13965
288032,16384,11000
362516,16384,13664
326856,16384,12354
76500,4096,3503
185340,8192,7822
373516,16384,14161
177516,8192,7486
342292,16384,12933
266516,16384,10053
290096,16384,11191
140344,8192,5949
151408,8192,6152
331672,16384,12533
322968,16384,12128
338432,16384,12715
176528,8192,7396
154740,8192,6356
340012,16384,12875
175716,8192,7331
123868,8192,5117
358968,16384,13754
156800,8192,6480
340212,16384,12840
313016,16384,11611
244452,16384,9283
313864,16384,11645
360232,16384,13744
329628,16384,12342
104360,8192,4229
364820,16384,13791
82716,4096,3842
331848,16384,12561
361332,16384,13587
322832,16384,12098
366064,16384,13866
155448,8192,6409
143924,8192,5817
157268,8192,6545
287716,16384,10933
341636,16384,12959
226064,16384,8383
331756,16384,12560
288816,16384,11072
137948,8192,5810
371944,16384,14054
290680,16384,11224
288936,16384,11081
381648,16384,14563
152228,8192,6227
342036,16384,12915
81392,4096,3777
279612,16384,10576
188420,8192,7687
365128,16384,13809
76348,4096,3540
113088,8192,4699
342208,16384,12960
288532,16384,11029
334512,16384,12970
266036,16384,10188
338720,16384,12805
290456,16384,11177
152616,8192,6219
333884,16384,12591
177120,8192,7432
76156,4096,3467
137580,8192,5830
146588,8192,5975
267540,16384,10034
61948,4096,2877
265292,16384,9997
277348,16384,10457
173396,8192,7252
354120,16384,13516
290288,16384,11162
385396,16384,14797
279780,16384,10612
36004,2048,1866
163500,8192,6726
164224,8192,6747
341188,16384,12912
175444,8192,7315
58988,4096,2712
167656,8192,6949
162144,8192,6611
144184,8192,5864
34092,2048,1741
381696,16384,14605
177104,8192,7429
174452,8192,7320
135072,8192,5745
129352,8192,5378
157036,8192,6495
17400,1024,991
282420,16384,10765
274412,16384,10491
63840,4096,3005
338328,16384,12753
136748,8192,5814
359836,16384,13648
174404,8192,7246
174964,8192,7305
157256,8192,6546
177292,8192,7452
176976,8192,7428
164424,8192,6784
175812,8192,7365
73920,4096,3437
312348,16384,11554
290396,16384,11158
81264,4096,3755
77984,4096,3539
339128,16384,12841
166520,8192,6881
169784,8192,7037
342936,16384,13047
262932,16384,9889
134092,8192,5677
278568,16384,10649
383236,16384,14651
382892,16384,14677
270344,16384,10241
378976,16384,14423
366896,16384,13947
39636,2048,2037
178120,8192,7478
173004,8192,7203
373428,16384,14109
281452,16384,10709
286160,16384,10899
284212,16384,10788
341672,16384,12984
377560,16384,14395
281380,16384,10707
173372,8192,7230
128644,8192,5314
176944,8192,7427
362716,16384,13730
28160,2048,1467
381100,16384,14491
381876,16384,14539
333988,16384,12567
122220,8192,5014
112628,8192,4621
177264,8192,7451
287196,16384,10999
161456,8192,6700
149832,8192,6144
175584,8192,7351
269800,16384,10185
71496,4096,3277
342944,16384,13036
343528,16384,13116
148996,8192,6103
177576,8192,7493
177340,8192,7471
339720,16384,12854
356148,16384,13342
240392,16384,8954
318224,16384,11845
132860,8192,5567
171360,8192,7099
177920,8192,7486
89468,4096,4195
168008,8192,6952
274552,16384,10267
366168,16384,13898
377832,16384,14393
224332,16384,8336
156300,8192,6430
323600,16384,12160
331092,16384,12559
167840,8192,6936
175280,8192,7320
148568,8192,6086
285608,16384,10856
176784,8192,7422
237692,16384,8881
342360,16384,12951
290428,16384,11116
263940,16384,9874
314892,16384,11698
167684,8192,7038
177116,8192,7413
284080,16384,10791
245620,16384,9292
177272,8192,7437
164200,8192,6745
242400,16384,9134
361708,16384,13674
341248,16384,12928
175192,8192,7296
155448,8192,6412
245212,16384,9223
165444,8192,6782
89700,4096,4216
176568,8192,7405
381256,16384,14516
141680,8192,6027
151444,8192,6182
290484,16384,11192
173564,8192,7241
356956,16384,13570
341344,16384,12963
226004,16384,8382
366972,16384,13962
319216,16384,11916
152944,8192,6280
75800,4096,3451
377528,16384,14429
132336,8192,5542
163996,8192,6734
153964,8192,6358
323168,16384,12178
70504,4096,3222
338556,16384,12846
156488,8192,6465
173152,8192,7187
290300,16384,11134
337332,16384,12712
341296,16384,12927
217356,16384,7983
373408,16384,14115
167284,8192,6940
113116,8192,4679
245136,16384,9251
80388,4096,3713
132564,8192,5537
288916,16384,11109
290448,16384,11176
304232,16384,11689
290504,16384,11185
383488,16384,14670
290480,16384,11184
176556,8192,7404
79748,4096,3680
365168,16384,13832
163800,8192,6721
156392,8192,6441
290100,16384,11148
364612,16384,13783
79984,4096,3673
318244,16384,11828
8276,512,572
269616,16384,10199
176848,8192,7390
76008,4096,3451
365136,16384,13823
357500,16384,13483
290536,16384,11206
277336,16384,10458
318048,16384,11793
167552,8192,6957
360716,16384,13567
318240,16384,11845
360352,16384,13655
19440,1024,1132
238908,16384,8990
279936,16384,10591
111956,8192,4625
123944,8192,5114
20092,1024,1178
130948,8192,5453
171896,8192,7119
284556,16384,10831
81160,4096,3763
367040,16384,13962
336656,16384,12597
171580,8192,7120
342936,16384,13034
111124,8192,4549
212256,8192,8818
168964,8192,7039
243924,16384,9219
173140,8192,7199
175264,8192,7321
192208,8192,8112
325160,16384,12232
288888,16384,11068
327852,16384,12310
279532,16384,10556
249936,16384,9535
133168,8192,5627
298224,16384,11463
319040,16384,11884
289556,16384,11088
164304,8192,6754
290396,16384,11159
25696,2048,1320
173972,8192,7247
35288,2048,1783
176456,8192,7382
67836,4096,3086
333024,16384,12500
80268,4096,3720
151512,8192,6189
247060,16384,9379
322992,16384,12123
166172,8192,6870
170848,8192,7065
338060,16384,12766
361840,16384,13672
285632,16384,10891
338876,16384,12778
177232,8192,7442
175040,8192,7322
230480,16384,8438
35816,2048,1842
365056,16384,13799
164004,8192,6871
70704,4096,3212
376360,16384,14281
73208,4096,3372
175656,8192,7353
373532,16384,14146
360892,16384,13616
318864,16384,11872
78920,4096,3644
269428,16384,10209
271976,16384,10349
340516,16384,12857
337272,16384,12709
101560,8192,4073
279620,16384,10616
176552,8192,7396
362520,16384,13956
164436,8192,6779
267032,16384,10053
272248,16384,10397
88512,4096,4125
378312,16384,14449
173616,8192,7291
159260,8192,6672
380880,16384,14486
177920,8192,7472
79864,4096,3688
365968,16384,13839
373544,16384,14187
286420,16384,10938
328572,16384,12266
178064,8192,7528
382540,16384,14605
309324,16384,12065
366784,16384,13955
78416,4096,3586
290524,16384,11190
134264,8192,5662
366736,16384,13939
82228,4096,3857
325236,16384,12235
386724,16384,14883
290544,16384,11177
170664,8192,7112
228332,16384,8494
337104,16384,12659
35288,2048,1830
123360,8192,5091
314160,16384,11703
80400,4096,3712
156472,8192,6492
141132,8192,5991
366568,16384,13959
311004,16384,11523
245344,16384,9267
367112,16384,13952
