
================ phase 1: single stage, alpha=0.1, 300min ================
2026-08-05T19:17:20+00:00
patterns=8  weights/stage=134217728  stages=1  memory=1.50 GiB  threads=14  alpha=0.100  TC=on
ep 2000            2s  mean     10173  max    34848  V       852  |d|      58    800k mv/s  1024  36.4  2048   1.5  4096   0.0  8192   0.0  16k   0.0  32k   0.0
ep 4000            4s  mean     15260  max    55424  V      1705  |d|      78    846k mv/s  1024  71.9  2048  11.8  4096   0.1  8192   0.0  16k   0.0  32k   0.0
ep 6000            6s  mean     17734  max    57584  V      2408  |d|      90    861k mv/s  1024  80.6  2048  20.3  4096   0.1  8192   0.0  16k   0.0  32k   0.0
ep 8000            9s  mean     19752  max    62492  V      3014  |d|      98    861k mv/s  1024  83.3  2048  30.4  4096   0.6  8192   0.0  16k   0.0  32k   0.0
ep 10000          11s  mean     21445  max    60320  V      3586  |d|     105    864k mv/s  1024  87.7  2048  37.2  4096   0.8  8192   0.0  16k   0.0  32k   0.0
ep 12000          14s  mean     22941  max    62976  V      4100  |d|     111    868k mv/s  1024  89.0  2048  43.5  4096   1.2  8192   0.0  16k   0.0  32k   0.0
ep 14000          17s  mean     24260  max    70456  V      4586  |d|     116    872k mv/s  1024  92.0  2048  48.8  4096   1.6  8192   0.0  16k   0.0  32k   0.0
ep 16000          20s  mean     25138  max    68600  V      5058  |d|     120    874k mv/s  1024  91.8  2048  51.2  4096   2.2  8192   0.0  16k   0.0  32k   0.0
ep 18000          24s  mean     26482  max    80568  V      5491  |d|     123    874k mv/s  1024  93.5  2048  54.6  4096   3.5  8192   0.0  16k   0.0  32k   0.0
ep 20000          27s  mean     27329  max    76760  V      5924  |d|     126    876k mv/s  1024  93.3  2048  58.6  4096   3.9  8192   0.0  16k   0.0  32k   0.0
ep 22000          30s  mean     28522  max    73380  V      6372  |d|     128    878k mv/s  1024  95.2  2048  62.0  4096   4.8  8192   0.0  16k   0.0  32k   0.0
ep 24000          34s  mean     29450  max    78800  V      6812  |d|     131    879k mv/s  1024  95.5  2048  64.7  4096   5.3  8192   0.0  16k   0.0  32k   0.0
ep 26000          37s  mean     30263  max    81872  V      7227  |d|     134    879k mv/s  1024  96.5  2048  66.3  4096   5.7  8192   0.0  16k   0.0  32k   0.0
ep 28000          41s  mean     31261  max   105584  V      7589  |d|     138    880k mv/s  1024  95.9  2048  67.0  4096   8.2  8192   0.1  16k   0.0  32k   0.0
ep 30000          45s  mean     31944  max    86592  V      7991  |d|     140    880k mv/s  1024  96.9  2048  68.2  4096   8.7  8192   0.0  16k   0.0  32k   0.0
ep 32000          49s  mean     32713  max   117516  V      8363  |d|     142    880k mv/s  1024  96.8  2048  71.5  4096   9.3  8192   0.1  16k   0.0  32k   0.0
ep 34000          53s  mean     34524  max   133024  V      8697  |d|     145    881k mv/s  1024  97.2  2048  73.3  4096  12.6  8192   0.1  16k   0.0  32k   0.0
ep 36000          57s  mean     35762  max   108228  V      9070  |d|     147    882k mv/s  1024  97.5  2048  75.5  4096  14.7  8192   0.1  16k   0.0  32k   0.0
ep 38000          61s  mean     36382  max   123008  V      9484  |d|     149    883k mv/s  1024  97.5  2048  76.6  4096  16.3  8192   0.1  16k   0.0  32k   0.0
ep 40000          65s  mean     37116  max   115172  V      9848  |d|     152    883k mv/s  1024  97.0  2048  77.4  4096  17.4  8192   0.1  16k   0.0  32k   0.0
ep 42000          70s  mean     38271  max   126184  V     10198  |d|     155    883k mv/s  1024  98.0  2048  77.5  4096  20.4  8192   0.1  16k   0.0  32k   0.0
ep 44000          74s  mean     38762  max   123268  V     10577  |d|     157    884k mv/s  1024  97.8  2048  79.0  4096  20.6  8192   0.2  16k   0.0  32k   0.0
ep 46000          79s  mean     39006  max   110128  V     10896  |d|     160    884k mv/s  1024  98.2  2048  78.2  4096  21.3  8192   0.1  16k   0.0  32k   0.0
ep 48000          83s  mean     40290  max   136284  V     11218  |d|     162    886k mv/s  1024  97.9  2048  78.6  4096  23.4  8192   0.4  16k   0.0  32k   0.0
ep 50000          88s  mean     41113  max   131192  V     11570  |d|     164    886k mv/s  1024  98.3  2048  80.0  4096  26.1  8192   0.3  16k   0.0  32k   0.0
ep 52000          92s  mean     41978  max   132560  V     11924  |d|     164    887k mv/s  1024  98.2  2048  81.0  4096  27.5  8192   0.2  16k   0.0  32k   0.0
ep 54000          97s  mean     43051  max   160068  V     12254  |d|     166    887k mv/s  1024  98.7  2048  81.8  4096  30.2  8192   0.3  16k   0.0  32k   0.0
ep 56000         102s  mean     43818  max   145340  V     12581  |d|     168    887k mv/s  1024  98.7  2048  81.3  4096  31.6  8192   0.7  16k   0.0  32k   0.0
ep 58000         107s  mean     44549  max   124468  V     12920  |d|     170    887k mv/s  1024  98.2  2048  82.5  4096  33.6  8192   0.3  16k   0.0  32k   0.0
ep 60000         112s  mean     45418  max   137060  V     13265  |d|     170    887k mv/s  1024  98.8  2048  83.8  4096  34.0  8192   0.7  16k   0.0  32k   0.0
ep 62000         117s  mean     46065  max   147576  V     13567  |d|     173    886k mv/s  1024  98.8  2048  85.2  4096  35.5  8192   0.5  16k   0.0  32k   0.0
ep 64000         122s  mean     46614  max   148980  V     13913  |d|     174    887k mv/s  1024  98.4  2048  84.3  4096  36.8  8192   0.9  16k   0.0  32k   0.0
ep 66000         128s  mean     47924  max   133424  V     14221  |d|     176    887k mv/s  1024  98.6  2048  86.0  4096  39.1  8192   0.8  16k   0.0  32k   0.0
ep 68000         133s  mean     47822  max   130756  V     14596  |d|     176    888k mv/s  1024  98.8  2048  84.9  4096  38.1  8192   1.3  16k   0.0  32k   0.0
ep 70000         138s  mean     48977  max   144292  V     14899  |d|     177    889k mv/s  1024  98.8  2048  86.8  4096  40.4  8192   1.4  16k   0.0  32k   0.0
ep 72000         143s  mean     48812  max   133724  V     15220  |d|     178    889k mv/s  1024  98.5  2048  84.6  4096  40.5  8192   1.3  16k   0.0  32k   0.0
ep 74000         149s  mean     49771  max   148740  V     15525  |d|     181    889k mv/s  1024  98.7  2048  87.2  4096  42.2  8192   1.5  16k   0.0  32k   0.0
ep 76000         154s  mean     50722  max   139964  V     15783  |d|     182    889k mv/s  1024  99.0  2048  87.9  4096  43.8  8192   0.9  16k   0.0  32k   0.0
ep 78000         160s  mean     51087  max   148364  V     16143  |d|     183    889k mv/s  1024  99.2  2048  87.0  4096  44.6  8192   2.0  16k   0.0  32k   0.0
ep 80000         165s  mean     52071  max   152976  V     16444  |d|     184    890k mv/s  1024  98.8  2048  87.7  4096  45.8  8192   2.0  16k   0.0  32k   0.0
ep 82000         171s  mean     51725  max   156716  V     16791  |d|     186    890k mv/s  1024  99.0  2048  87.3  4096  44.9  8192   2.4  16k   0.0  32k   0.0
ep 84000         177s  mean     53313  max   167448  V     17077  |d|     186    891k mv/s  1024  98.6  2048  88.4  4096  48.3  8192   1.9  16k   0.0  32k   0.0
ep 86000         182s  mean     53254  max   156428  V     17403  |d|     188    891k mv/s  1024  99.2  2048  89.7  4096  47.6  8192   2.1  16k   0.0  32k   0.0
ep 88000         188s  mean     53307  max   162972  V     17686  |d|     189    892k mv/s  1024  99.0  2048  89.3  4096  46.9  8192   2.1  16k   0.0  32k   0.0
ep 90000         194s  mean     54443  max   154460  V     17931  |d|     191    892k mv/s  1024  99.3  2048  88.8  4096  49.9  8192   2.8  16k   0.0  32k   0.0
ep 92000         200s  mean     55359  max   169816  V     18285  |d|     191    893k mv/s  1024  99.2  2048  91.7  4096  50.4  8192   2.3  16k   0.0  32k   0.0
ep 94000         205s  mean     54971  max   149152  V     18584  |d|     191    894k mv/s  1024  98.7  2048  88.7  4096  50.2  8192   2.2  16k   0.0  32k   0.0
ep 96000         211s  mean     56194  max   157980  V     18859  |d|     193    894k mv/s  1024  99.2  2048  90.0  4096  51.7  8192   3.0  16k   0.0  32k   0.0
ep 98000         217s  mean     56557  max   159556  V     19118  |d|     194    894k mv/s  1024  99.0  2048  90.7  4096  52.0  8192   3.1  16k   0.0  32k   0.0
ep 100000        223s  mean     56776  max   175468  V     19463  |d|     194    894k mv/s  1024  99.0  2048  89.7  4096  52.8  8192   2.8  16k   0.0  32k   0.0
ep 102000        229s  mean     56166  max   187032  V     19777  |d|     196    895k mv/s  1024  99.0  2048  89.7  4096  50.6  8192   3.8  16k   0.0  32k   0.0
ep 104000        235s  mean     57811  max   158572  V     19906  |d|     199    895k mv/s  1024  98.8  2048  89.9  4096  52.9  8192   4.2  16k   0.0  32k   0.0
ep 106000        242s  mean     59129  max   168796  V     20246  |d|     198    894k mv/s  1024  99.0  2048  91.3  4096  54.6  8192   4.8  16k   0.0  32k   0.0
ep 108000        248s  mean     58860  max   256776  V     20489  |d|     200    894k mv/s  1024  99.1  2048  90.5  4096  55.0  8192   4.8  16k   0.1  32k   0.0
ep 110000        254s  mean     58726  max   170012  V     20833  |d|     199    894k mv/s  1024  99.0  2048  91.2  4096  55.3  8192   4.2  16k   0.0  32k   0.0
ep 112000        261s  mean     58330  max   177032  V     21109  |d|     200    894k mv/s  1024  99.2  2048  90.5  4096  53.8  8192   4.2  16k   0.0  32k   0.0
ep 114000        267s  mean     60380  max   224996  V     21382  |d|     201    894k mv/s  1024  99.5  2048  92.0  4096  56.2  8192   5.0  16k   0.1  32k   0.0
ep 116000        273s  mean     60284  max   159128  V     21602  |d|     203    894k mv/s  1024  99.0  2048  91.5  4096  57.5  8192   4.9  16k   0.0  32k   0.0
ep 118000        280s  mean     59975  max   167396  V     21916  |d|     204    894k mv/s  1024  99.0  2048  91.0  4096  56.2  8192   4.5  16k   0.0  32k   0.0
ep 120000        286s  mean     61214  max   172164  V     22142  |d|     206    893k mv/s  1024  99.0  2048  91.8  4096  57.9  8192   6.3  16k   0.0  32k   0.0
ep 122000        293s  mean     61744  max   177676  V     22347  |d|     207    893k mv/s  1024  98.8  2048  90.8  4096  58.6  8192   6.7  16k   0.0  32k   0.0
ep 124000        299s  mean     61402  max   173848  V     22691  |d|     206    894k mv/s  1024  99.0  2048  92.2  4096  57.6  8192   5.7  16k   0.0  32k   0.0
ep 126000        306s  mean     61689  max   175508  V     22937  |d|     207    894k mv/s  1024  99.2  2048  91.7  4096  57.5  8192   6.2  16k   0.0  32k   0.0
ep 128000        312s  mean     62690  max   173456  V     23157  |d|     210    894k mv/s  1024  99.6  2048  92.3  4096  59.6  8192   7.2  16k   0.0  32k   0.0
ep 130000        319s  mean     62311  max   165260  V     23409  |d|     210    894k mv/s  1024  99.2  2048  91.2  4096  58.0  8192   7.7  16k   0.0  32k   0.0
ep 132000        325s  mean     63275  max   182540  V     23586  |d|     212    894k mv/s  1024  99.3  2048  91.8  4096  60.1  8192   6.8  16k   0.0  32k   0.0
ep 134000        332s  mean     63297  max   177716  V     23844  |d|     213    894k mv/s  1024  99.3  2048  91.8  4096  60.0  8192   7.9  16k   0.0  32k   0.0
ep 136000        339s  mean     65256  max   182836  V     24048  |d|     213    894k mv/s  1024  99.2  2048  92.5  4096  62.0  8192   8.7  16k   0.0  32k   0.0
ep 138000        346s  mean     64586  max   167720  V     24356  |d|     212    894k mv/s  1024  99.2  2048  92.1  4096  60.9  8192   8.1  16k   0.0  32k   0.0
ep 140000        352s  mean     64970  max   178608  V     24622  |d|     214    894k mv/s  1024  99.0  2048  91.8  4096  60.6  8192   8.7  16k   0.0  32k   0.0
ep 142000        359s  mean     65458  max   226756  V     24870  |d|     214    894k mv/s  1024  99.2  2048  92.8  4096  62.1  8192   9.0  16k   0.1  32k   0.0
ep 144000        366s  mean     66250  max   173940  V     25097  |d|     215    895k mv/s  1024  99.3  2048  93.2  4096  63.9  8192   8.9  16k   0.0  32k   0.0
ep 146000        372s  mean     66290  max   176764  V     25401  |d|     215    896k mv/s  1024  99.7  2048  93.2  4096  62.0  8192  10.0  16k   0.0  32k   0.0
ep 148000        379s  mean     66273  max   179004  V     25619  |d|     218    896k mv/s  1024  99.5  2048  92.8  4096  63.4  8192   9.9  16k   0.0  32k   0.0
ep 150000        386s  mean     68206  max   191920  V     25797  |d|     218    896k mv/s  1024  99.7  2048  93.7  4096  64.9  8192  10.4  16k   0.0  32k   0.0
ep 152000        393s  mean     66852  max   175576  V     26062  |d|     218    896k mv/s  1024  99.0  2048  93.0  4096  62.6  8192   9.7  16k   0.0  32k   0.0
ep 154000        400s  mean     67104  max   178884  V     26264  |d|     220    897k mv/s  1024  98.7  2048  92.5  4096  63.3  8192  10.2  16k   0.0  32k   0.0
ep 156000        407s  mean     68677  max   249376  V     26516  |d|     220    897k mv/s  1024  99.0  2048  93.4  4096  65.0  8192  11.6  16k   0.1  32k   0.0
ep 158000        414s  mean     69048  max   178968  V     26773  |d|     221    897k mv/s  1024  99.5  2048  93.3  4096  64.6  8192  12.1  16k   0.0  32k   0.0
ep 160000        421s  mean     68115  max   177076  V     27089  |d|     221    897k mv/s  1024  99.2  2048  93.5  4096  64.0  8192  11.2  16k   0.0  32k   0.0
ep 162000        428s  mean     68898  max   178968  V     27248  |d|     223    897k mv/s  1024  99.2  2048  93.7  4096  62.9  8192  12.5  16k   0.0  32k   0.0
ep 164000        435s  mean     69946  max   175400  V     27471  |d|     223    897k mv/s  1024  99.5  2048  94.0  4096  65.0  8192  13.3  16k   0.0  32k   0.0
ep 166000        442s  mean     69257  max   182272  V     27759  |d|     223    898k mv/s  1024  99.7  2048  93.9  4096  65.5  8192  11.9  16k   0.0  32k   0.0
ep 168000        449s  mean     69372  max   259484  V     27992  |d|     224    898k mv/s  1024  99.5  2048  93.2  4096  64.5  8192  12.7  16k   0.1  32k   0.0
ep 170000        456s  mean     71374  max   215976  V     28154  |d|     225    898k mv/s  1024  99.3  2048  94.3  4096  67.3  8192  14.2  16k   0.1  32k   0.0
ep 172000        464s  mean     71046  max   187012  V     28378  |d|     226    898k mv/s  1024  99.5  2048  93.5  4096  65.1  8192  14.1  16k   0.0  32k   0.0
ep 174000        471s  mean     72449  max   194232  V     28576  |d|     228    898k mv/s  1024  99.5  2048  94.3  4096  68.2  8192  15.6  16k   0.0  32k   0.0
ep 176000        478s  mean     71581  max   188024  V     28861  |d|     227    899k mv/s  1024  99.5  2048  94.0  4096  66.0  8192  14.8  16k   0.0  32k   0.0
ep 178000        485s  mean     71739  max   189292  V     29054  |d|     227    899k mv/s  1024  99.5  2048  94.2  4096  66.7  8192  13.9  16k   0.0  32k   0.0
ep 180000        493s  mean     73209  max   218636  V     29247  |d|     228    899k mv/s  1024  99.5  2048  94.1  4096  68.0  8192  15.7  16k   0.1  32k   0.0
ep 182000        500s  mean     72287  max   178956  V     29490  |d|     230    899k mv/s  1024  99.6  2048  94.3  4096  66.8  8192  14.7  16k   0.0  32k   0.0
ep 184000        507s  mean     74422  max   284876  V     29744  |d|     229    899k mv/s  1024  99.5  2048  94.7  4096  68.9  8192  16.7  16k   0.1  32k   0.0
ep 186000        515s  mean     73238  max   216904  V     30016  |d|     230    900k mv/s  1024  99.5  2048  94.5  4096  68.2  8192  16.4  16k   0.1  32k   0.0
ep 188000        522s  mean     73324  max   257324  V     30156  |d|     232    899k mv/s  1024  99.3  2048  93.8  4096  67.9  8192  15.8  16k   0.1  32k   0.0
ep 190000        530s  mean     74933  max   194288  V     30354  |d|     231    900k mv/s  1024  99.5  2048  94.9  4096  69.5  8192  17.7  16k   0.0  32k   0.0
ep 192000        537s  mean     76075  max   190960  V     30597  |d|     231    900k mv/s  1024  99.5  2048  95.1  4096  69.5  8192  18.4  16k   0.0  32k   0.0
ep 194000        545s  mean     75174  max   229336  V     30830  |d|     232    900k mv/s  1024  99.7  2048  93.6  4096  70.3  8192  16.8  16k   0.2  32k   0.0
ep 196000        553s  mean     76063  max   237152  V     31101  |d|     232    900k mv/s  1024  99.5  2048  95.5  4096  70.0  8192  18.2  16k   0.1  32k   0.0
ep 198000        560s  mean     75979  max   189304  V     31221  |d|     235    900k mv/s  1024  99.4  2048  94.3  4096  70.0  8192  18.2  16k   0.0  32k   0.0
ep 200000        568s  mean     77215  max   179032  V     31329  |d|     237    901k mv/s  1024  99.5  2048  93.8  4096  70.1  8192  19.8  16k   0.0  32k   0.0
ep 202000        576s  mean     78186  max   223100  V     31717  |d|     233    901k mv/s  1024  99.6  2048  95.5  4096  71.7  8192  19.9  16k   0.1  32k   0.0
ep 204000        583s  mean     76878  max   228524  V     31865  |d|     236    901k mv/s  1024  99.3  2048  93.9  4096  69.8  8192  19.2  16k   0.1  32k   0.0
ep 206000        591s  mean     77159  max   243920  V     32134  |d|     236    901k mv/s  1024  99.5  2048  94.1  4096  72.0  8192  18.2  16k   0.1  32k   0.0
ep 208000        599s  mean     76870  max   188872  V     32388  |d|     236    901k mv/s  1024  99.7  2048  94.1  4096  70.5  8192  18.9  16k   0.0  32k   0.0
ep 210000        606s  mean     78693  max   189900  V     32530  |d|     237    901k mv/s  1024  99.5  2048  94.5  4096  72.3  8192  20.1  16k   0.0  32k   0.0
ep 212000        614s  mean     80020  max   266372  V     32658  |d|     238    902k mv/s  1024  99.5  2048  94.5  4096  73.2  8192  20.6  16k   0.2  32k   0.0
ep 214000        622s  mean     80155  max   188572  V     32871  |d|     239    902k mv/s  1024  99.5  2048  94.6  4096  74.0  8192  21.6  16k   0.0  32k   0.0
ep 216000        630s  mean     79205  max   245724  V     33195  |d|     239    902k mv/s  1024  99.5  2048  93.5  4096  72.7  8192  22.2  16k   0.1  32k   0.0
ep 218000        638s  mean     80396  max   213772  V     33385  |d|     240    902k mv/s  1024  99.5  2048  94.5  4096  73.7  8192  22.6  16k   0.1  32k   0.0
ep 220000        646s  mean     80923  max   246308  V     33573  |d|     239    902k mv/s  1024  99.6  2048  94.5  4096  74.5  8192  21.4  16k   0.1  32k   0.0
ep 222000        654s  mean     81034  max   246608  V     33785  |d|     241    903k mv/s  1024  99.5  2048  94.2  4096  73.3  8192  22.6  16k   0.2  32k   0.0
ep 224000        662s  mean     78060  max   202108  V     34108  |d|     240    903k mv/s  1024  99.5  2048  93.8  4096  72.8  8192  18.9  16k   0.0  32k   0.0
ep 226000        670s  mean     81257  max   247664  V     34237  |d|     239    903k mv/s  1024  99.2  2048  94.1  4096  74.0  8192  22.3  16k   0.1  32k   0.0
ep 228000        678s  mean     81486  max   291204  V     34396  |d|     241    903k mv/s  1024  99.3  2048  93.5  4096  74.5  8192  21.3  16k   0.1  32k   0.0
ep 230000        686s  mean     81366  max   238692  V     34667  |d|     242    903k mv/s  1024  99.2  2048  94.2  4096  74.3  8192  22.8  16k   0.1  32k   0.0
ep 232000        694s  mean     80381  max   190800  V     34852  |d|     242    903k mv/s  1024  99.5  2048  94.2  4096  74.2  8192  21.6  16k   0.0  32k   0.0
ep 234000        702s  mean     84064  max   271056  V     34983  |d|     244    904k mv/s  1024  99.8  2048  94.8  4096  75.9  8192  25.4  16k   0.1  32k   0.0
ep 236000        710s  mean     82367  max   288288  V     35233  |d|     245    904k mv/s  1024  99.6  2048  94.5  4096  74.3  8192  24.1  16k   0.1  32k   0.0
ep 238000        718s  mean     85526  max   235592  V     35355  |d|     245    904k mv/s  1024  99.7  2048  94.7  4096  77.5  8192  25.9  16k   0.1  32k   0.0
ep 240000        727s  mean     84197  max   242112  V     35606  |d|     245    904k mv/s  1024  99.6  2048  94.6  4096  76.8  8192  24.2  16k   0.2  32k   0.0
ep 242000        735s  mean     82349  max   266820  V     35934  |d|     244    904k mv/s  1024  99.5  2048  94.0  4096  75.2  8192  23.0  16k   0.1  32k   0.0
ep 244000        743s  mean     84839  max   232576  V     36108  |d|     244    904k mv/s  1024  99.8  2048  94.5  4096  75.5  8192  25.9  16k   0.1  32k   0.0
ep 246000        752s  mean     82721  max   245480  V     36384  |d|     245    904k mv/s  1024  99.2  2048  94.2  4096  74.2  8192  24.6  16k   0.1  32k   0.0
ep 248000        760s  mean     84533  max   225500  V     36510  |d|     245    904k mv/s  1024  99.7  2048  95.0  4096  75.2  8192  25.4  16k   0.2  32k   0.0
ep 250000        769s  mean     85226  max   232988  V     36737  |d|     246    904k mv/s  1024  99.5  2048  93.8  4096  75.7  8192  27.2  16k   0.1  32k   0.0
ep 252000        777s  mean     86595  max   286500  V     36948  |d|     246    904k mv/s  1024  99.5  2048  94.8  4096  77.9  8192  26.3  16k   0.1  32k   0.0
ep 254000        786s  mean     85911  max   293596  V     37165  |d|     247    904k mv/s  1024  99.5  2048  94.8  4096  76.3  8192  26.6  16k   0.4  32k   0.0
ep 256000        794s  mean     87351  max   264796  V     37291  |d|     249    904k mv/s  1024  99.5  2048  94.2  4096  77.7  8192  27.7  16k   0.2  32k   0.0
ep 258000        803s  mean     87414  max   261860  V     37527  |d|     249    904k mv/s  1024  99.6  2048  94.9  4096  77.0  8192  28.6  16k   0.1  32k   0.0
ep 260000        812s  mean     87570  max   286636  V     37712  |d|     250    904k mv/s  1024  99.5  2048  95.2  4096  77.7  8192  28.6  16k   0.2  32k   0.0
ep 262000        820s  mean     85781  max   271348  V     38003  |d|     250    904k mv/s  1024  99.4  2048  94.0  4096  76.0  8192  27.6  16k   0.2  32k   0.0
ep 264000        829s  mean     87101  max   271388  V     38138  |d|     250    904k mv/s  1024  99.8  2048  95.0  4096  77.5  8192  26.8  16k   0.3  32k   0.0
ep 266000        838s  mean     88374  max   259812  V     38347  |d|     251    904k mv/s  1024  99.8  2048  95.4  4096  78.4  8192  28.7  16k   0.2  32k   0.0
ep 268000        846s  mean     87002  max   285280  V     38534  |d|     251    904k mv/s  1024  99.5  2048  94.5  4096  76.5  8192  27.1  16k   0.3  32k   0.0
ep 270000        855s  mean     88672  max   268928  V     38803  |d|     251    904k mv/s  1024  99.8  2048  95.0  4096  78.3  8192  29.6  16k   0.2  32k   0.0
ep 272000        864s  mean     88920  max   269584  V     38884  |d|     253    904k mv/s  1024  99.5  2048  94.5  4096  77.3  8192  29.7  16k   0.4  32k   0.0
ep 274000        873s  mean     88498  max   269080  V     39172  |d|     253    904k mv/s  1024  99.8  2048  93.8  4096  77.2  8192  29.6  16k   0.5  32k   0.0
ep 276000        882s  mean     91553  max   279664  V     39302  |d|     254    903k mv/s  1024  99.7  2048  95.8  4096  79.5  8192  32.8  16k   0.3  32k   0.0
ep 278000        891s  mean     90325  max   289924  V     39531  |d|     253    903k mv/s  1024  99.6  2048  95.0  4096  78.0  8192  30.6  16k   0.3  32k   0.0
ep 280000        900s  mean     89294  max   266524  V     39868  |d|     253    903k mv/s  1024  99.8  2048  95.1  4096  78.2  8192  29.4  16k   0.4  32k   0.0
ep 282000        908s  mean     88596  max   245860  V     39958  |d|     254    903k mv/s  1024  99.5  2048  94.2  4096  77.2  8192  28.9  16k   0.3  32k   0.0
ep 284000        917s  mean     90117  max   290036  V     40321  |d|     252    903k mv/s  1024  99.5  2048  94.8  4096  76.8  8192  31.0  16k   0.5  32k   0.0
ep 286000        927s  mean     92329  max   287348  V     40319  |d|     254    903k mv/s  1024  99.7  2048  94.5  4096  78.4  8192  32.4  16k   0.5  32k   0.0
ep 288000        936s  mean     90447  max   301568  V     40643  |d|     257    903k mv/s  1024  99.7  2048  94.4  4096  78.5  8192  31.9  16k   0.5  32k   0.0
ep 290000        945s  mean     90975  max   271620  V     40794  |d|     256    903k mv/s  1024  99.8  2048  95.2  4096  78.5  8192  31.9  16k   0.2  32k   0.0
ep 292000        954s  mean     91832  max   267952  V     40977  |d|     257    903k mv/s  1024  99.5  2048  95.7  4096  79.2  8192  32.4  16k   0.3  32k   0.0
ep 294000        963s  mean     92579  max   268676  V     41157  |d|     257    903k mv/s  1024  99.7  2048  94.9  4096  78.7  8192  33.2  16k   0.6  32k   0.0
ep 296000        972s  mean     93052  max   266500  V     41351  |d|     256    903k mv/s  1024  99.6  2048  95.9  4096  79.2  8192  32.8  16k   0.2  32k   0.0
ep 298000        981s  mean     95251  max   281412  V     41501  |d|     260    903k mv/s  1024  99.8  2048  95.3  4096  79.8  8192  36.8  16k   0.8  32k   0.0
ep 300000        991s  mean     94223  max   342924  V     41651  |d|     260    902k mv/s  1024  99.5  2048  96.0  4096  79.7  8192  33.4  16k   0.6  32k   0.0
ep 302000       1000s  mean     95101  max   296748  V     42003  |d|     260    902k mv/s  1024  99.3  2048  94.3  4096  80.1  8192  36.2  16k   0.5  32k   0.0
ep 304000       1010s  mean     96141  max   290108  V     42135  |d|     261    902k mv/s  1024  99.7  2048  95.7  4096  79.8  8192  36.1  16k   0.8  32k   0.0
ep 306000       1019s  mean     92640  max   288764  V     42389  |d|     261    902k mv/s  1024  99.8  2048  95.8  4096  79.2  8192  33.2  16k   0.2  32k   0.0
ep 308000       1028s  mean     94570  max   291116  V     42627  |d|     262    902k mv/s  1024  99.7  2048  95.3  4096  78.2  8192  36.9  16k   0.5  32k   0.0
ep 310000       1038s  mean     93782  max   312024  V     42884  |d|     261    902k mv/s  1024  99.4  2048  94.8  4096  79.8  8192  34.7  16k   0.3  32k   0.0
ep 312000       1047s  mean     94027  max   262452  V     42999  |d|     262    902k mv/s  1024  99.7  2048  94.8  4096  78.4  8192  36.0  16k   0.4  32k   0.0
ep 314000       1056s  mean     94661  max   290976  V     43175  |d|     263    902k mv/s  1024  99.5  2048  94.7  4096  79.2  8192  35.0  16k   0.9  32k   0.0
ep 316000       1065s  mean     95969  max   284976  V     43317  |d|     264    902k mv/s  1024  99.4  2048  95.5  4096  79.5  8192  36.0  16k   0.6  32k   0.0
ep 318000       1075s  mean     98293  max   281756  V     43502  |d|     263    902k mv/s  1024  99.3  2048  95.3  4096  80.1  8192  38.5  16k   1.0  32k   0.0
ep 320000       1084s  mean     97200  max   290524  V     43681  |d|     264    902k mv/s  1024  99.3  2048  95.3  4096  80.6  8192  37.5  16k   0.8  32k   0.0
ep 322000       1093s  mean     98101  max   294392  V     43859  |d|     266    902k mv/s  1024  99.6  2048  96.0  4096  80.0  8192  38.0  16k   0.8  32k   0.0
ep 324000       1103s  mean     95908  max   282892  V     44097  |d|     266    902k mv/s  1024  99.7  2048  94.7  4096  78.8  8192  36.7  16k   0.8  32k   0.0
ep 326000       1112s  mean     98105  max   285264  V     44346  |d|     265    902k mv/s  1024  99.3  2048  95.5  4096  81.3  8192  37.6  16k   0.9  32k   0.0
ep 328000       1122s  mean     96555  max   287180  V     44505  |d|     266    902k mv/s  1024  99.5  2048  94.7  4096  79.4  8192  36.0  16k   0.9  32k   0.0
ep 330000       1131s  mean     97596  max   290220  V     44712  |d|     266    903k mv/s  1024  99.8  2048  95.9  4096  80.0  8192  37.5  16k   1.2  32k   0.0
ep 332000       1141s  mean     96811  max   284212  V     44968  |d|     267    903k mv/s  1024  99.7  2048  96.2  4096  81.1  8192  36.5  16k   0.8  32k   0.0
ep 334000       1150s  mean     98953  max   291544  V     45069  |d|     268    903k mv/s  1024  99.6  2048  95.8  4096  81.7  8192  37.9  16k   1.1  32k   0.0
ep 336000       1160s  mean     99713  max   286260  V     45234  |d|     267    903k mv/s  1024  99.5  2048  95.8  4096  81.5  8192  39.0  16k   0.8  32k   0.0
ep 338000       1170s  mean    100121  max   290656  V     45466  |d|     268    903k mv/s  1024  99.7  2048  95.2  4096  81.7  8192  40.0  16k   0.9  32k   0.0
ep 340000       1179s  mean    100373  max   313112  V     45676  |d|     268    903k mv/s  1024  99.7  2048  97.3  4096  81.8  8192  39.6  16k   0.7  32k   0.0
ep 342000       1189s  mean     99757  max   294172  V     45828  |d|     271    903k mv/s  1024  99.7  2048  96.2  4096  80.5  8192  39.2  16k   1.1  32k   0.0
ep 344000       1198s  mean     98867  max   285924  V     46167  |d|     270    903k mv/s  1024  99.5  2048  96.2  4096  80.2  8192  38.8  16k   1.2  32k   0.0
checkpoint -> runs/phase1.bin (ep 344357)
ep 346000       1208s  mean     99242  max   323764  V     46244  |d|     270    903k mv/s  1024  99.7  2048  96.4  4096  80.4  8192  39.4  16k   1.3  32k   0.0
ep 348000       1217s  mean    100711  max   290124  V     46387  |d|     271    903k mv/s  1024  99.7  2048  95.7  4096  81.1  8192  39.2  16k   1.4  32k   0.0
ep 350000       1226s  mean     99107  max   291352  V     46701  |d|     272    904k mv/s  1024  99.7  2048  96.0  4096  81.0  8192  38.6  16k   1.1  32k   0.0
ep 352000       1236s  mean    100167  max   281520  V     46960  |d|     271    904k mv/s  1024  99.8  2048  96.8  4096  81.0  8192  40.4  16k   0.8  32k   0.0
ep 354000       1246s  mean    100731  max   297780  V     47052  |d|     272    904k mv/s  1024  99.5  2048  96.3  4096  82.4  8192  39.5  16k   1.3  32k   0.0
ep 356000       1256s  mean    102228  max   288328  V     47260  |d|     271    904k mv/s  1024  99.8  2048  95.8  4096  82.1  8192  40.8  16k   1.0  32k   0.0
ep 358000       1266s  mean    103549  max   336704  V     47381  |d|     273    904k mv/s  1024  99.5  2048  96.7  4096  83.4  8192  42.0  16k   1.5  32k   0.0
ep 360000       1275s  mean    102082  max   300564  V     47619  |d|     272    904k mv/s  1024  99.5  2048  96.3  4096  81.8  8192  41.3  16k   1.9  32k   0.0
ep 362000       1285s  mean    102673  max   290528  V     47817  |d|     272    904k mv/s  1024  99.6  2048  96.3  4096  82.2  8192  40.6  16k   1.6  32k   0.0
ep 364000       1295s  mean    100315  max   290572  V     48114  |d|     274    904k mv/s  1024  99.6  2048  96.7  4096  81.5  8192  38.5  16k   1.3  32k   0.0
ep 366000       1305s  mean    103040  max   307636  V     48184  |d|     275    904k mv/s  1024  99.7  2048  97.0  4096  82.8  8192  40.9  16k   2.2  32k   0.0
ep 368000       1315s  mean    105233  max   288160  V     48271  |d|     275    904k mv/s  1024  99.9  2048  96.5  4096  82.5  8192  44.4  16k   1.2  32k   0.0
ep 370000       1325s  mean    103088  max   280784  V     48489  |d|     276    904k mv/s  1024  99.7  2048  96.2  4096  81.9  8192  43.5  16k   1.2  32k   0.0
ep 372000       1335s  mean    104681  max   290656  V     48643  |d|     276    904k mv/s  1024  99.8  2048  96.8  4096  82.8  8192  42.9  16k   2.1  32k   0.0
ep 374000       1345s  mean    105625  max   290912  V     48888  |d|     275    904k mv/s  1024  99.9  2048  97.3  4096  83.7  8192  43.4  16k   1.6  32k   0.0
ep 376000       1356s  mean    103571  max   282476  V     49115  |d|     276    904k mv/s  1024  99.8  2048  97.0  4096  83.2  8192  41.2  16k   1.6  32k   0.0
ep 378000       1366s  mean    105733  max   292312  V     49253  |d|     277    903k mv/s  1024  99.6  2048  96.5  4096  83.4  8192  44.5  16k   1.6  32k   0.0
ep 380000       1376s  mean    105598  max   301244  V     49605  |d|     277    903k mv/s  1024  99.7  2048  97.5  4096  84.5  8192  43.7  16k   1.7  32k   0.0
ep 382000       1387s  mean    105682  max   291016  V     49824  |d|     277    903k mv/s  1024  99.8  2048  97.0  4096  84.0  8192  43.5  16k   1.9  32k   0.0
ep 384000       1397s  mean    104099  max   314916  V     49955  |d|     279    903k mv/s  1024  99.9  2048  97.0  4096  83.5  8192  41.3  16k   1.6  32k   0.0
ep 386000       1407s  mean    106513  max   312832  V     50134  |d|     278    903k mv/s  1024  99.8  2048  97.4  4096  84.2  8192  43.8  16k   2.0  32k   0.0
ep 388000       1418s  mean    107420  max   291200  V     50222  |d|     279    903k mv/s  1024  99.7  2048  96.5  4096  84.8  8192  45.2  16k   2.1  32k   0.0
ep 390000       1428s  mean    108419  max   292072  V     50479  |d|     277    903k mv/s  1024  99.7  2048  96.7  4096  85.5  8192  45.4  16k   2.0  32k   0.0
ep 392000       1439s  mean    109767  max   323380  V     50560  |d|     281    903k mv/s  1024  99.7  2048  97.3  4096  85.8  8192  47.0  16k   2.6  32k   0.0
ep 394000       1449s  mean    108331  max   309784  V     50914  |d|     279    903k mv/s  1024  99.9  2048  97.1  4096  84.9  8192  46.6  16k   1.9  32k   0.0
ep 396000       1459s  mean    107577  max   297392  V     51165  |d|     279    903k mv/s  1024  99.7  2048  97.2  4096  85.5  8192  44.4  16k   1.9  32k   0.0
ep 398000       1470s  mean    108965  max   350000  V     51314  |d|     281    903k mv/s  1024  99.8  2048  97.5  4096  85.3  8192  45.7  16k   2.6  32k   0.0
ep 400000       1480s  mean    107969  max   292036  V     51417  |d|     283    903k mv/s  1024  99.8  2048  96.7  4096  83.2  8192  46.4  16k   2.0  32k   0.0
ep 402000       1490s  mean    110838  max   352396  V     51563  |d|     284    903k mv/s  1024  99.7  2048  96.8  4096  85.4  8192  47.9  16k   2.5  32k   0.0
ep 404000       1501s  mean    109467  max   290284  V     51880  |d|     282    903k mv/s  1024  99.7  2048  97.2  4096  84.5  8192  47.0  16k   2.6  32k   0.0
ep 406000       1511s  mean    109187  max   292872  V     52145  |d|     283    903k mv/s  1024  99.8  2048  97.5  4096  85.7  8192  46.8  16k   2.3  32k   0.0
ep 408000       1522s  mean    110259  max   304108  V     52342  |d|     283    903k mv/s  1024  99.7  2048  96.5  4096  84.6  8192  47.8  16k   2.3  32k   0.0
ep 410000       1532s  mean    111042  max   292372  V     52384  |d|     283    903k mv/s  1024  99.6  2048  96.7  4096  85.5  8192  48.2  16k   1.9  32k   0.0
ep 412000       1543s  mean    110735  max   324204  V     52620  |d|     286    903k mv/s  1024  99.8  2048  97.1  4096  85.3  8192  47.8  16k   3.0  32k   0.0
ep 414000       1554s  mean    110527  max   290656  V     52882  |d|     285    903k mv/s  1024  99.5  2048  96.8  4096  84.2  8192  48.5  16k   2.4  32k   0.0
ep 416000       1564s  mean    110655  max   338968  V     52912  |d|     288    903k mv/s  1024  99.8  2048  97.0  4096  84.5  8192  46.9  16k   3.0  32k   0.0
ep 418000       1575s  mean    110957  max   341044  V     53145  |d|     289    903k mv/s  1024  99.7  2048  97.2  4096  85.8  8192  48.1  16k   2.6  32k   0.0
ep 420000       1586s  mean    111191  max   309820  V     53408  |d|     287    903k mv/s  1024  99.5  2048  97.0  4096  84.9  8192  48.7  16k   2.6  32k   0.0
ep 422000       1596s  mean    112000  max   289880  V     53547  |d|     286    903k mv/s  1024  99.9  2048  97.3  4096  86.1  8192  47.7  16k   2.5  32k   0.0
ep 424000       1607s  mean    110895  max   301876  V     53769  |d|     288    903k mv/s  1024  99.5  2048  96.7  4096  84.8  8192  47.8  16k   3.1  32k   0.0
ep 426000       1618s  mean    111227  max   343536  V     54033  |d|     287    903k mv/s  1024  99.8  2048  97.0  4096  84.2  8192  48.9  16k   2.8  32k   0.0
ep 428000       1628s  mean    114410  max   310932  V     54157  |d|     287    903k mv/s  1024  99.8  2048  97.3  4096  86.5  8192  49.7  16k   3.4  32k   0.0
ep 430000       1639s  mean    113244  max   319012  V     54360  |d|     289    903k mv/s  1024  99.5  2048  96.5  4096  86.0  8192  49.5  16k   3.8  32k   0.0
ep 432000       1649s  mean    110695  max   290644  V     54819  |d|     288    903k mv/s  1024  99.7  2048  97.2  4096  84.8  8192  47.5  16k   2.6  32k   0.0
ep 434000       1660s  mean    112945  max   335224  V     54745  |d|     290    903k mv/s  1024  99.8  2048  97.0  4096  86.2  8192  49.5  16k   2.9  32k   0.0
ep 436000       1671s  mean    114529  max   316100  V     54891  |d|     290    903k mv/s  1024  99.8  2048  97.4  4096  87.0  8192  49.7  16k   3.5  32k   0.0
ep 438000       1682s  mean    113240  max   314728  V     55057  |d|     293    903k mv/s  1024  99.8  2048  97.3  4096  86.2  8192  49.4  16k   3.2  32k   0.0
ep 440000       1693s  mean    114353  max   319656  V     55322  |d|     290    903k mv/s  1024  99.7  2048  96.8  4096  86.0  8192  50.6  16k   3.0  32k   0.0
ep 442000       1703s  mean    113702  max   351216  V     55631  |d|     290    903k mv/s  1024  99.7  2048  97.0  4096  85.7  8192  50.6  16k   3.3  32k   0.0
ep 444000       1714s  mean    115553  max   332356  V     55662  |d|     291    903k mv/s  1024  99.8  2048  97.8  4096  87.0  8192  50.9  16k   3.4  32k   0.0
ep 446000       1725s  mean    117249  max   295004  V     55698  |d|     295    904k mv/s  1024  99.8  2048  97.2  4096  87.5  8192  52.5  16k   4.1  32k   0.0
ep 448000       1736s  mean    114933  max   329268  V     56148  |d|     293    904k mv/s  1024  99.7  2048  97.1  4096  86.9  8192  50.6  16k   3.9  32k   0.0
ep 450000       1747s  mean    114691  max   317968  V     56284  |d|     292    904k mv/s  1024  99.5  2048  97.5  4096  85.4  8192  51.1  16k   3.2  32k   0.0
ep 452000       1758s  mean    116098  max   314648  V     56501  |d|     292    904k mv/s  1024  99.7  2048  98.3  4096  88.4  8192  51.6  16k   3.0  32k   0.0
ep 454000       1769s  mean    117779  max   333200  V     56557  |d|     295    904k mv/s  1024  99.6  2048  97.5  4096  87.0  8192  53.6  16k   3.6  32k   0.0
ep 456000       1780s  mean    114960  max   310632  V     56901  |d|     295    904k mv/s  1024  99.8  2048  97.3  4096  86.6  8192  51.5  16k   3.1  32k   0.0
ep 458000       1791s  mean    116277  max   337652  V     56881  |d|     295    904k mv/s  1024  99.8  2048  97.2  4096  86.0  8192  51.0  16k   4.1  32k   0.0
ep 460000       1802s  mean    118458  max   314996  V     57217  |d|     295    904k mv/s  1024  99.9  2048  97.0  4096  87.0  8192  53.8  16k   3.8  32k   0.0
ep 462000       1813s  mean    114677  max   340940  V     57496  |d|     296    904k mv/s  1024  99.8  2048  96.8  4096  86.3  8192  50.1  16k   3.3  32k   0.0
ep 464000       1824s  mean    116484  max   361988  V     57515  |d|     298    904k mv/s  1024  99.8  2048  96.5  4096  85.8  8192  52.5  16k   4.0  32k   0.0
ep 466000       1835s  mean    117937  max   292148  V     57842  |d|     295    904k mv/s  1024  99.7  2048  97.3  4096  87.5  8192  53.5  16k   3.7  32k   0.0
ep 468000       1846s  mean    116861  max   338344  V     57868  |d|     297    904k mv/s  1024  99.6  2048  97.3  4096  87.2  8192  52.4  16k   3.5  32k   0.0
ep 470000       1857s  mean    119485  max   327412  V     57960  |d|     299    904k mv/s  1024  99.8  2048  97.5  4096  87.8  8192  54.0  16k   4.3  32k   0.0
ep 472000       1869s  mean    119359  max   315660  V     58277  |d|     298    904k mv/s  1024  99.8  2048  97.5  4096  87.2  8192  54.6  16k   3.8  32k   0.0
ep 474000       1880s  mean    118178  max   329688  V     58493  |d|     298    904k mv/s  1024  99.6  2048  96.8  4096  86.8  8192  54.2  16k   3.5  32k   0.0
ep 476000       1891s  mean    119200  max   336636  V     58646  |d|     298    904k mv/s  1024  99.4  2048  97.1  4096  86.1  8192  54.4  16k   4.2  32k   0.0
ep 478000       1903s  mean    119834  max   343140  V     58814  |d|     299    904k mv/s  1024  99.8  2048  97.5  4096  87.0  8192  54.4  16k   3.7  32k   0.0
ep 480000       1914s  mean    118030  max   306788  V     59070  |d|     300    904k mv/s  1024  99.7  2048  97.2  4096  87.1  8192  54.2  16k   4.0  32k   0.0
ep 482000       1926s  mean    121289  max   342900  V     59147  |d|     301    904k mv/s  1024  99.8  2048  97.7  4096  87.8  8192  56.0  16k   4.9  32k   0.0
ep 484000       1937s  mean    118332  max   310332  V     59416  |d|     301    904k mv/s  1024  99.7  2048  97.9  4096  87.2  8192  53.7  16k   3.2  32k   0.0
ep 486000       1948s  mean    119586  max   309400  V     59545  |d|     299    904k mv/s  1024  99.6  2048  97.2  4096  87.5  8192  53.9  16k   3.5  32k   0.0
ep 488000       1959s  mean    118976  max   384192  V     59872  |d|     299    904k mv/s  1024  99.5  2048  97.2  4096  87.7  8192  53.5  16k   4.7  32k   0.0
ep 490000       1970s  mean    119168  max   363344  V     60019  |d|     300    904k mv/s  1024  99.7  2048  97.5  4096  87.9  8192  54.1  16k   3.9  32k   0.0
ep 492000       1981s  mean    121621  max   314432  V     60072  |d|     301    904k mv/s  1024  99.7  2048  97.2  4096  87.7  8192  56.6  16k   4.2  32k   0.0
ep 494000       1993s  mean    121820  max   355812  V     60262  |d|     303    904k mv/s  1024  99.8  2048  97.6  4096  87.5  8192  55.5  16k   5.3  32k   0.0
ep 496000       2004s  mean    121629  max   308712  V     60480  |d|     300    904k mv/s  1024  99.8  2048  97.6  4096  88.5  8192  55.7  16k   4.7  32k   0.0
ep 498000       2015s  mean    121595  max   314640  V     60672  |d|     302    904k mv/s  1024  99.8  2048  97.0  4096  87.8  8192  56.8  16k   4.5  32k   0.0
ep 500000       2027s  mean    121387  max   315972  V     60976  |d|     301    904k mv/s  1024  99.8  2048  97.8  4096  88.0  8192  55.9  16k   4.6  32k   0.0
ep 502000       2038s  mean    120495  max   336164  V     61105  |d|     303    904k mv/s  1024  99.8  2048  97.2  4096  87.5  8192  55.6  16k   4.3  32k   0.0
ep 504000       2049s  mean    121211  max   343120  V     61207  |d|     304    904k mv/s  1024  99.9  2048  97.2  4096  87.8  8192  54.6  16k   5.4  32k   0.0
ep 506000       2060s  mean    121395  max   335412  V     61256  |d|     305    904k mv/s  1024  99.8  2048  97.3  4096  87.7  8192  55.4  16k   4.6  32k   0.0
ep 508000       2072s  mean    122203  max   334108  V     61534  |d|     302    905k mv/s  1024  99.8  2048  97.5  4096  88.9  8192  56.5  16k   3.6  32k   0.0
ep 510000       2083s  mean    121371  max   336624  V     61764  |d|     303    905k mv/s  1024  99.7  2048  97.2  4096  88.2  8192  54.3  16k   5.2  32k   0.0
ep 512000       2094s  mean    122221  max   323156  V     62020  |d|     303    905k mv/s  1024  99.9  2048  98.3  4096  89.3  8192  56.3  16k   4.3  32k   0.0
ep 514000       2106s  mean    123946  max   334424  V     61987  |d|     307    905k mv/s  1024  99.7  2048  97.0  4096  88.2  8192  57.7  16k   4.7  32k   0.0
ep 516000       2118s  mean    123433  max   363004  V     62136  |d|     306    905k mv/s  1024  99.7  2048  97.7  4096  88.3  8192  56.9  16k   4.8  32k   0.0
ep 518000       2129s  mean    119451  max   341684  V     62447  |d|     306    905k mv/s  1024  99.8  2048  97.6  4096  86.7  8192  53.4  16k   4.0  32k   0.0
ep 520000       2141s  mean    121579  max   343424  V     62575  |d|     306    905k mv/s  1024  99.8  2048  96.9  4096  87.1  8192  55.9  16k   4.5  32k   0.0
ep 522000       2152s  mean    123788  max   325904  V     62809  |d|     306    904k mv/s  1024  99.7  2048  97.3  4096  87.6  8192  57.1  16k   5.2  32k   0.0
ep 524000       2164s  mean    123398  max   342840  V     62873  |d|     307    905k mv/s  1024  99.7  2048  96.8  4096  87.8  8192  57.0  16k   5.2  32k   0.0
ep 526000       2175s  mean    122973  max   334488  V     63157  |d|     306    905k mv/s  1024  99.5  2048  97.2  4096  88.2  8192  57.0  16k   4.0  32k   0.0
ep 528000       2187s  mean    122636  max   343164  V     63406  |d|     305    905k mv/s  1024 100.0  2048  97.9  4096  86.5  8192  57.3  16k   4.8  32k   0.0
ep 530000       2198s  mean    124533  max   324592  V     63480  |d|     307    905k mv/s  1024  99.8  2048  97.8  4096  88.7  8192  58.1  16k   3.8  32k   0.0
ep 532000       2210s  mean    123271  max   363004  V     63685  |d|     307    905k mv/s  1024  99.8  2048  97.0  4096  88.0  8192  56.5  16k   5.5  32k   0.0
ep 534000       2222s  mean    124568  max   315600  V     63846  |d|     307    905k mv/s  1024  99.8  2048  97.7  4096  89.4  8192  57.8  16k   4.3  32k   0.0
ep 536000       2233s  mean    123665  max   337736  V     63917  |d|     308    905k mv/s  1024  99.7  2048  97.7  4096  88.8  8192  57.1  16k   4.3  32k   0.0
ep 538000       2245s  mean    125453  max   362844  V     64108  |d|     309    905k mv/s  1024  99.7  2048  97.5  4096  89.0  8192  58.0  16k   5.2  32k   0.0
ep 540000       2257s  mean    124920  max   339700  V     64076  |d|     311    905k mv/s  1024  99.8  2048  97.0  4096  88.5  8192  57.8  16k   5.3  32k   0.0
ep 542000       2269s  mean    125266  max   366340  V     64329  |d|     309    905k mv/s  1024  99.6  2048  97.4  4096  88.8  8192  58.0  16k   4.8  32k   0.0
ep 544000       2280s  mean    124718  max   342852  V     64780  |d|     309    905k mv/s  1024  99.8  2048  97.8  4096  88.6  8192  59.0  16k   4.2  32k   0.0
ep 546000       2291s  mean    124871  max   331272  V     64745  |d|     309    905k mv/s  1024  99.8  2048  97.2  4096  87.1  8192  58.6  16k   5.7  32k   0.0
ep 548000       2302s  mean    127429  max   376744  V     64956  |d|     310    905k mv/s  1024  99.5  2048  97.0  4096  89.2  8192  59.7  16k   5.8  32k   0.0
ep 550000       2313s  mean    124723  max   328172  V     65099  |d|     311    906k mv/s  1024  99.7  2048  97.3  4096  88.0  8192  57.6  16k   5.5  32k   0.0
ep 552000       2324s  mean    126313  max   333728  V     65431  |d|     309    906k mv/s  1024  99.8  2048  97.5  4096  88.8  8192  60.4  16k   4.2  32k   0.0
ep 554000       2335s  mean    123257  max   334444  V     65505  |d|     312    906k mv/s  1024  99.9  2048  97.5  4096  87.0  8192  56.5  16k   4.8  32k   0.0
ep 556000       2346s  mean    125808  max   344660  V     65593  |d|     310    906k mv/s  1024  99.8  2048  97.1  4096  88.4  8192  57.9  16k   5.0  32k   0.0
ep 558000       2357s  mean    125518  max   348180  V     65755  |d|     311    907k mv/s  1024  99.8  2048  97.5  4096  88.8  8192  57.8  16k   4.8  32k   0.0
ep 560000       2368s  mean    126733  max   327404  V     65939  |d|     311    907k mv/s  1024  99.8  2048  97.8  4096  89.0  8192  59.5  16k   4.5  32k   0.0
ep 562000       2379s  mean    126586  max   332312  V     66141  |d|     311    907k mv/s  1024  99.8  2048  97.3  4096  89.5  8192  59.2  16k   5.5  32k   0.0
ep 564000       2390s  mean    125961  max   340408  V     66298  |d|     312    908k mv/s  1024  99.8  2048  96.8  4096  87.9  8192  59.4  16k   5.2  32k   0.0
checkpoint -> runs/phase1.bin (ep 565885)
ep 566000       2402s  mean    127869  max   355728  V     66471  |d|     311    908k mv/s  1024  99.7  2048  97.2  4096  89.1  8192  59.1  16k   6.5  32k   0.0
ep 568000       2414s  mean    127616  max   333068  V     66577  |d|     315    908k mv/s  1024  99.8  2048  98.0  4096  89.1  8192  58.9  16k   6.0  32k   0.0
ep 570000       2425s  mean    126292  max   382884  V     66718  |d|     314    908k mv/s  1024  99.8  2048  97.6  4096  89.2  8192  59.5  16k   4.9  32k   0.0
ep 572000       2437s  mean    127514  max   359912  V     66859  |d|     314    908k mv/s  1024  99.7  2048  96.9  4096  88.8  8192  60.2  16k   5.5  32k   0.0
ep 574000       2448s  mean    125009  max   322716  V     67168  |d|     312    908k mv/s  1024  99.7  2048  97.8  4096  87.8  8192  58.8  16k   4.7  32k   0.0
ep 576000       2459s  mean    127981  max   324896  V     67237  |d|     314    909k mv/s  1024  99.8  2048  98.0  4096  89.8  8192  60.3  16k   5.2  32k   0.0
ep 578000       2470s  mean    126158  max   336492  V     67572  |d|     313    909k mv/s  1024  99.7  2048  97.4  4096  88.7  8192  59.8  16k   5.7  32k   0.0
ep 580000       2481s  mean    128109  max   362580  V     67498  |d|     315    909k mv/s  1024 100.0  2048  97.5  4096  88.3  8192  59.8  16k   5.8  32k   0.0
ep 582000       2493s  mean    127359  max   355800  V     67875  |d|     315    909k mv/s  1024  99.8  2048  97.7  4096  88.1  8192  60.3  16k   6.0  32k   0.0
ep 584000       2505s  mean    127590  max   355112  V     67682  |d|     315    909k mv/s  1024  99.7  2048  97.5  4096  88.1  8192  59.5  16k   5.6  32k   0.0
ep 586000       2516s  mean    124938  max   342296  V     68116  |d|     316    909k mv/s  1024  99.8  2048  97.8  4096  88.5  8192  58.1  16k   5.5  32k   0.0
ep 588000       2528s  mean    128909  max   354444  V     68069  |d|     316    909k mv/s  1024  99.8  2048  97.0  4096  89.0  8192  60.5  16k   6.3  32k   0.0
ep 590000       2541s  mean    129906  max   341084  V     68229  |d|     314    909k mv/s  1024  99.8  2048  97.9  4096  89.8  8192  60.9  16k   5.3  32k   0.0
ep 592000       2552s  mean    127772  max   348256  V     68545  |d|     316    909k mv/s  1024  99.8  2048  97.2  4096  89.5  8192  59.9  16k   5.8  32k   0.0
ep 594000       2564s  mean    127745  max   342176  V     68692  |d|     315    909k mv/s  1024  99.7  2048  97.2  4096  88.0  8192  60.4  16k   5.5  32k   0.0
ep 596000       2576s  mean    128109  max   354220  V     68927  |d|     313    909k mv/s  1024  99.8  2048  97.5  4096  88.5  8192  60.1  16k   5.5  32k   0.0
ep 598000       2589s  mean    129183  max   342928  V     68823  |d|     317    909k mv/s  1024  99.7  2048  98.0  4096  88.3  8192  61.0  16k   5.8  32k   0.0
ep 600000       2602s  mean    128528  max   331108  V     69061  |d|     315    909k mv/s  1024  99.8  2048  97.8  4096  89.6  8192  60.0  16k   5.5  32k   0.0
ep 602000       2615s  mean    129168  max   361252  V     69198  |d|     316    908k mv/s  1024  99.8  2048  98.0  4096  89.0  8192  60.8  16k   6.6  32k   0.0
ep 604000       2627s  mean    127626  max   367252  V     69529  |d|     316    908k mv/s  1024  99.6  2048  97.7  4096  88.5  8192  59.3  16k   5.7  32k   0.0
ep 606000       2640s  mean    129420  max   353468  V     69563  |d|     317    908k mv/s  1024  99.7  2048  97.3  4096  88.7  8192  61.8  16k   5.3  32k   0.0
ep 608000       2653s  mean    129501  max   340348  V     69673  |d|     314    908k mv/s  1024  99.6  2048  97.7  4096  89.9  8192  60.0  16k   5.8  32k   0.0
ep 610000       2665s  mean    130041  max   367420  V     69933  |d|     314    907k mv/s  1024  99.7  2048  97.5  4096  90.2  8192  61.7  16k   5.5  32k   0.0
ep 612000       2679s  mean    128396  max   355604  V     70058  |d|     316    907k mv/s  1024  99.8  2048  97.6  4096  87.9  8192  60.9  16k   5.5  32k   0.0
ep 614000       2691s  mean    129646  max   343280  V     70155  |d|     317    907k mv/s  1024  99.7  2048  98.0  4096  89.0  8192  61.1  16k   5.5  32k   0.0
ep 616000       2704s  mean    130610  max   334280  V     70329  |d|     319    907k mv/s  1024  99.9  2048  97.9  4096  89.5  8192  61.9  16k   6.9  32k   0.0
ep 618000       2719s  mean    131122  max   368572  V     70533  |d|     318    906k mv/s  1024  99.8  2048  97.5  4096  89.8  8192  62.5  16k   6.5  32k   0.0
ep 620000       2736s  mean    132315  max   326748  V     70533  |d|     317    904k mv/s  1024  99.8  2048  97.7  4096  91.0  8192  63.7  16k   5.7  32k   0.0
ep 622000       2750s  mean    131995  max   348128  V     70663  |d|     318    904k mv/s  1024  99.8  2048  97.7  4096  91.0  8192  61.9  16k   7.0  32k   0.0
ep 624000       2764s  mean    133113  max   364636  V     70932  |d|     316    903k mv/s  1024  99.7  2048  97.7  4096  90.2  8192  62.7  16k   7.2  32k   0.0
ep 626000       2780s  mean    129840  max   340556  V     71130  |d|     316    902k mv/s  1024  99.8  2048  97.6  4096  90.4  8192  61.0  16k   5.4  32k   0.0
ep 628000       2797s  mean    130732  max   339644  V     71068  |d|     319    900k mv/s  1024  99.8  2048  97.8  4096  89.3  8192  61.2  16k   6.5  32k   0.0
ep 630000       2811s  mean    131838  max   334768  V     71222  |d|     317    900k mv/s  1024  99.8  2048  98.1  4096  88.7  8192  63.0  16k   6.2  32k   0.0
ep 632000       2825s  mean    130276  max   369296  V     71363  |d|     319    899k mv/s  1024  99.6  2048  97.3  4096  89.2  8192  61.8  16k   6.2  32k   0.0
ep 634000       2837s  mean    130523  max   342340  V     71677  |d|     318    899k mv/s  1024  99.9  2048  98.0  4096  90.0  8192  61.1  16k   6.5  32k   0.0
ep 636000       2850s  mean    132627  max   386252  V     71670  |d|     319    899k mv/s  1024  99.8  2048  96.7  4096  89.3  8192  63.0  16k   6.3  32k   0.0
ep 638000       2863s  mean    134216  max   331488  V     71839  |d|     317    899k mv/s  1024  99.8  2048  97.8  4096  91.2  8192  64.5  16k   5.8  32k   0.0
ep 640000       2876s  mean    133701  max   334668  V     72142  |d|     317    899k mv/s  1024  99.6  2048  97.9  4096  89.7  8192  64.5  16k   6.3  32k   0.0
ep 642000       2888s  mean    131680  max   332980  V     72236  |d|     317    899k mv/s  1024  99.8  2048  97.3  4096  89.8  8192  63.2  16k   6.3  32k   0.0
ep 644000       2901s  mean    132242  max   343192  V     72449  |d|     321    899k mv/s  1024  99.7  2048  97.3  4096  88.8  8192  65.0  16k   6.3  32k   0.0
ep 646000       2913s  mean    133475  max   343424  V     72435  |d|     320    899k mv/s  1024  99.8  2048  97.5  4096  90.2  8192  62.7  16k   6.5  32k   0.0
ep 648000       2926s  mean    135591  max   353532  V     72607  |d|     317    899k mv/s  1024  99.9  2048  97.7  4096  91.0  8192  66.0  16k   6.5  32k   0.0
ep 650000       2938s  mean    132539  max   368548  V     72878  |d|     318    899k mv/s  1024  99.8  2048  98.2  4096  90.0  8192  63.2  16k   6.2  32k   0.0
ep 652000       2951s  mean    133717  max   344476  V     72998  |d|     319    899k mv/s  1024 100.0  2048  97.6  4096  89.4  8192  63.0  16k   7.5  32k   0.0
ep 654000       2963s  mean    132636  max   355368  V     73006  |d|     321    899k mv/s  1024  99.7  2048  97.5  4096  90.2  8192  62.9  16k   6.7  32k   0.0
ep 656000       2976s  mean    132593  max   362940  V     73173  |d|     320    899k mv/s  1024  99.8  2048  98.0  4096  89.7  8192  62.9  16k   6.5  32k   0.0
ep 658000       2988s  mean    133645  max   343600  V     73363  |d|     319    899k mv/s  1024  99.5  2048  97.4  4096  90.0  8192  62.9  16k   7.5  32k   0.0
ep 660000       3000s  mean    132283  max   351452  V     73716  |d|     319    899k mv/s  1024  99.8  2048  97.8  4096  89.7  8192  62.9  16k   6.5  32k   0.0
ep 662000       3013s  mean    136566  max   334860  V     73691  |d|     317    899k mv/s  1024  99.7  2048  97.7  4096  90.8  8192  65.3  16k   6.7  32k   0.0
ep 664000       3026s  mean    137315  max   332452  V     73701  |d|     319    899k mv/s  1024  99.8  2048  98.0  4096  89.7  8192  67.1  16k   7.0  32k   0.0
ep 666000       3039s  mean    134642  max   346284  V     73950  |d|     320    899k mv/s  1024  99.7  2048  97.8  4096  89.5  8192  64.7  16k   6.8  32k   0.0
ep 668000       3052s  mean    136762  max   373992  V     74098  |d|     320    899k mv/s  1024  99.8  2048  97.9  4096  90.6  8192  66.2  16k   7.5  32k   0.0
ep 670000       3064s  mean    135152  max   343796  V     74258  |d|     319    899k mv/s  1024  99.7  2048  97.8  4096  90.5  8192  65.7  16k   5.9  32k   0.0
ep 672000       3077s  mean    133204  max   342380  V     74450  |d|     321    899k mv/s  1024  99.7  2048  97.5  4096  90.0  8192  63.6  16k   6.0  32k   0.0
ep 674000       3089s  mean    132682  max   353868  V     74513  |d|     321    899k mv/s  1024  99.8  2048  97.8  4096  88.8  8192  63.0  16k   6.8  32k   0.0
ep 676000       3102s  mean    138992  max   343864  V     74469  |d|     322    899k mv/s  1024  99.7  2048  98.4  4096  91.2  8192  67.3  16k   7.7  32k   0.0
ep 678000       3115s  mean    135417  max   340536  V     74870  |d|     322    899k mv/s  1024  99.8  2048  97.8  4096  91.0  8192  64.7  16k   7.3  32k   0.0
ep 680000       3127s  mean    135897  max   362844  V     75037  |d|     322    899k mv/s  1024  99.8  2048  97.4  4096  90.0  8192  65.0  16k   7.5  32k   0.0
ep 682000       3140s  mean    136791  max   376420  V     75151  |d|     321    899k mv/s  1024  99.8  2048  98.0  4096  89.8  8192  66.0  16k   8.1  32k   0.0
ep 684000       3153s  mean    133689  max   344468  V     75401  |d|     320    899k mv/s  1024  99.5  2048  97.0  4096  90.0  8192  64.3  16k   6.8  32k   0.0
ep 686000       3166s  mean    137433  max   365732  V     75176  |d|     324    899k mv/s  1024  99.8  2048  97.5  4096  89.7  8192  65.7  16k   7.1  32k   0.0
ep 688000       3179s  mean    138691  max   342848  V     75361  |d|     322    899k mv/s  1024  99.7  2048  97.8  4096  91.2  8192  66.9  16k   7.5  32k   0.0
ep 690000       3191s  mean    134919  max   342888  V     75807  |d|     321    899k mv/s  1024  99.8  2048  98.0  4096  89.9  8192  64.5  16k   6.0  32k   0.0
ep 692000       3204s  mean    137854  max   361048  V     75694  |d|     322    899k mv/s  1024  99.9  2048  98.2  4096  91.0  8192  66.2  16k   6.6  32k   0.0
ep 694000       3217s  mean    135961  max   354236  V     76000  |d|     321    899k mv/s  1024  99.8  2048  97.9  4096  89.5  8192  65.4  16k   7.8  32k   0.0
ep 696000       3229s  mean    135415  max   335808  V     76089  |d|     323    899k mv/s  1024  99.7  2048  97.5  4096  89.7  8192  65.2  16k   7.3  32k   0.0
ep 698000       3242s  mean    135809  max   380576  V     76188  |d|     324    899k mv/s  1024  99.8  2048  98.0  4096  90.8  8192  65.0  16k   6.7  32k   0.0
ep 700000       3255s  mean    138082  max   355640  V     76191  |d|     322    899k mv/s  1024  99.8  2048  97.3  4096  90.3  8192  65.8  16k   8.2  32k   0.0
ep 702000       3268s  mean    136529  max   343020  V     76495  |d|     321    899k mv/s  1024  99.6  2048  96.8  4096  89.0  8192  65.5  16k   7.3  32k   0.0
ep 704000       3281s  mean    137888  max   382784  V     76598  |d|     324    899k mv/s  1024  99.8  2048  97.8  4096  90.7  8192  66.6  16k   8.5  32k   0.0
ep 706000       3293s  mean    138528  max   342492  V     76858  |d|     320    899k mv/s  1024  99.7  2048  97.6  4096  90.2  8192  67.0  16k   7.9  32k   0.0
ep 708000       3306s  mean    135454  max   363276  V     76848  |d|     321    899k mv/s  1024  99.8  2048  97.5  4096  90.2  8192  63.6  16k   7.0  32k   0.0
ep 710000       3319s  mean    137862  max   365580  V     77001  |d|     322    899k mv/s  1024  99.8  2048  97.2  4096  89.9  8192  67.5  16k   7.7  32k   0.0
ep 712000       3332s  mean    139628  max   355428  V     77104  |d|     321    899k mv/s  1024  99.8  2048  97.0  4096  89.8  8192  68.5  16k   8.1  32k   0.0
ep 714000       3344s  mean    137475  max   342948  V     77459  |d|     321    899k mv/s  1024  99.8  2048  97.7  4096  91.2  8192  67.3  16k   6.2  32k   0.0
ep 716000       3357s  mean    140466  max   342276  V     77420  |d|     322    899k mv/s  1024  99.8  2048  98.5  4096  91.6  8192  67.7  16k   8.2  32k   0.0
ep 718000       3370s  mean    137799  max   367312  V     77667  |d|     321    899k mv/s  1024  99.6  2048  97.4  4096  90.5  8192  66.5  16k   7.2  32k   0.0
ep 720000       3383s  mean    140687  max   337776  V     77797  |d|     323    899k mv/s  1024  99.8  2048  97.9  4096  91.5  8192  68.6  16k   7.8  32k   0.0
ep 722000       3395s  mean    140869  max   344016  V     77858  |d|     321    899k mv/s  1024  99.7  2048  97.8  4096  89.8  8192  69.2  16k   8.4  32k   0.0
ep 724000       3408s  mean    138308  max   362320  V     78054  |d|     323    900k mv/s  1024  99.6  2048  98.1  4096  90.3  8192  67.2  16k   8.1  32k   0.0
ep 726000       3420s  mean    135821  max   349516  V     78317  |d|     323    900k mv/s  1024  99.8  2048  97.4  4096  89.2  8192  65.0  16k   7.2  32k   0.0
ep 728000       3433s  mean    140021  max   368864  V     78147  |d|     323    900k mv/s  1024  99.5  2048  97.7  4096  90.2  8192  67.4  16k   7.7  32k   0.0
ep 730000       3446s  mean    140596  max   365684  V     78354  |d|     323    900k mv/s  1024  99.8  2048  97.8  4096  90.5  8192  67.9  16k   8.3  32k   0.0
ep 732000       3459s  mean    139972  max   334604  V     78555  |d|     324    900k mv/s  1024  99.7  2048  97.6  4096  90.0  8192  67.5  16k   8.9  32k   0.0
ep 734000       3471s  mean    139931  max   361368  V     78729  |d|     325    900k mv/s  1024  99.6  2048  97.5  4096  89.8  8192  67.5  16k   9.0  32k   0.0
ep 736000       3484s  mean    138828  max   331148  V     79074  |d|     323    900k mv/s  1024  99.8  2048  97.5  4096  90.8  8192  69.0  16k   7.1  32k   0.0
ep 738000       3497s  mean    141163  max   374360  V     79000  |d|     325    900k mv/s  1024  99.8  2048  98.2  4096  90.8  8192  69.4  16k   8.2  32k   0.0
ep 740000       3510s  mean    141026  max   360552  V     78872  |d|     326    900k mv/s  1024  99.7  2048  97.5  4096  91.2  8192  68.0  16k   8.8  32k   0.0
ep 742000       3523s  mean    139541  max   360424  V     78963  |d|     326    900k mv/s  1024  99.8  2048  97.5  4096  90.8  8192  66.6  16k   8.2  32k   0.0
ep 744000       3536s  mean    142840  max   373552  V     79100  |d|     326    900k mv/s  1024  99.8  2048  97.9  4096  91.2  8192  69.4  16k   9.2  32k   0.0
ep 746000       3549s  mean    141258  max   357328  V     79249  |d|     326    900k mv/s  1024  99.7  2048  97.5  4096  90.8  8192  69.2  16k   8.2  32k   0.0
ep 748000       3562s  mean    141976  max   367164  V     79459  |d|     325    900k mv/s  1024  99.8  2048  98.2  4096  91.8  8192  68.7  16k   8.3  32k   0.0
ep 750000       3575s  mean    139338  max   381976  V     79757  |d|     325    900k mv/s  1024  99.7  2048  97.0  4096  90.2  8192  68.2  16k   8.2  32k   0.0
ep 752000       3589s  mean    140709  max   364880  V     79881  |d|     326    900k mv/s  1024  99.8  2048  97.2  4096  90.7  8192  69.1  16k   7.5  32k   0.0
ep 754000       3601s  mean    141537  max   363024  V     80032  |d|     327    900k mv/s  1024  99.8  2048  98.0  4096  90.1  8192  68.1  16k   8.8  32k   0.0
checkpoint -> runs/phase1.bin (ep 754191)
ep 756000       3615s  mean    141134  max   347732  V     80409  |d|     323    900k mv/s  1024  99.8  2048  97.7  4096  90.7  8192  69.5  16k   8.8  32k   0.0
ep 758000       3628s  mean    141535  max   385120  V     80119  |d|     324    900k mv/s  1024  99.8  2048  97.7  4096  90.3  8192  69.3  16k   8.8  32k   0.0
ep 760000       3641s  mean    143865  max   359844  V     80279  |d|     325    900k mv/s  1024  99.8  2048  97.2  4096  91.0  8192  70.8  16k   8.8  32k   0.0
ep 762000       3654s  mean    141443  max   370048  V     80358  |d|     326    900k mv/s  1024  99.9  2048  98.0  4096  90.5  8192  67.2  16k   8.8  32k   0.0
ep 764000       3667s  mean    138753  max   343220  V     80720  |d|     326    900k mv/s  1024  99.6  2048  97.2  4096  90.0  8192  67.0  16k   7.7  32k   0.0
ep 766000       3680s  mean    145805  max   366224  V     80352  |d|     332    900k mv/s  1024  99.9  2048  97.9  4096  91.2  8192  70.0  16k  10.7  32k   0.0
ep 768000       3693s  mean    142516  max   352960  V     80688  |d|     327    900k mv/s  1024  99.8  2048  97.2  4096  89.5  8192  69.0  16k   8.8  32k   0.0
ep 770000       3707s  mean    143246  max   367336  V     81035  |d|     326    900k mv/s  1024  99.7  2048  97.2  4096  90.8  8192  69.2  16k   9.8  32k   0.0
ep 772000       3720s  mean    140421  max   353484  V     81339  |d|     326    900k mv/s  1024  99.7  2048  97.7  4096  90.3  8192  69.3  16k   7.7  32k   0.0
ep 774000       3733s  mean    143381  max   342480  V     81474  |d|     325    900k mv/s  1024  99.8  2048  98.2  4096  91.3  8192  70.0  16k   8.5  32k   0.0
ep 776000       3746s  mean    141540  max   361356  V     81241  |d|     327    900k mv/s  1024  99.9  2048  97.7  4096  90.5  8192  67.5  16k   9.3  32k   0.0
ep 778000       3759s  mean    144606  max   360328  V     81624  |d|     325    900k mv/s  1024  99.8  2048  98.0  4096  91.0  8192  71.0  16k   9.6  32k   0.0
ep 780000       3772s  mean    140979  max   366596  V     81754  |d|     327    900k mv/s  1024  99.9  2048  97.5  4096  90.2  8192  68.2  16k   8.6  32k   0.0
ep 782000       3785s  mean    145324  max   362564  V     81655  |d|     329    900k mv/s  1024  99.7  2048  98.0  4096  91.5  8192  70.5  16k   9.9  32k   0.0
ep 784000       3798s  mean    141318  max   369024  V     81941  |d|     328    900k mv/s  1024  99.7  2048  97.3  4096  88.8  8192  68.8  16k   9.3  32k   0.0
ep 786000       3812s  mean    147371  max   361800  V     81868  |d|     327    900k mv/s  1024  99.8  2048  98.2  4096  92.5  8192  72.0  16k   9.9  32k   0.0
ep 788000       3825s  mean    145375  max   384428  V     82191  |d|     329    901k mv/s  1024  99.9  2048  98.0  4096  91.8  8192  71.7  16k   9.0  32k   0.0
ep 790000       3839s  mean    146505  max   358440  V     82626  |d|     323    901k mv/s  1024  99.8  2048  98.1  4096  92.2  8192  71.9  16k   9.8  32k   0.0
ep 792000       3852s  mean    143019  max   344264  V     82486  |d|     327    901k mv/s  1024  99.8  2048  98.0  4096  90.5  8192  69.0  16k   9.7  32k   0.0
ep 794000       3865s  mean    143247  max   388744  V     82492  |d|     329    901k mv/s  1024  99.8  2048  97.7  4096  90.5  8192  68.8  16k   9.2  32k   0.0
ep 796000       3879s  mean    144902  max   358884  V     82705  |d|     329    900k mv/s  1024  99.9  2048  98.3  4096  91.8  8192  69.6  16k   9.9  32k   0.0
ep 798000       3892s  mean    144527  max   377792  V     82984  |d|     326    900k mv/s  1024  99.8  2048  97.5  4096  90.5  8192  71.0  16k   9.8  32k   0.0
ep 800000       3905s  mean    143365  max   373420  V     82942  |d|     328    900k mv/s  1024  99.9  2048  97.5  4096  91.4  8192  68.8  16k   9.1  32k   0.0
ep 802000       3919s  mean    141923  max   362164  V     83284  |d|     327    901k mv/s  1024  99.8  2048  97.9  4096  90.9  8192  69.7  16k   8.2  32k   0.0
ep 804000       3932s  mean    145613  max   361296  V     83364  |d|     329    901k mv/s  1024  99.9  2048  97.8  4096  91.8  8192  71.0  16k  10.2  32k   0.0
ep 806000       3945s  mean    145954  max   363168  V     83347  |d|     329    901k mv/s  1024  99.7  2048  97.3  4096  91.2  8192  71.5  16k  10.3  32k   0.0
ep 808000       3959s  mean    144877  max   367088  V     83704  |d|     325    901k mv/s  1024  99.8  2048  98.3  4096  91.3  8192  69.5  16k   9.8  32k   0.0
ep 810000       3972s  mean    147012  max   345792  V     83550  |d|     328    901k mv/s  1024  99.8  2048  98.2  4096  91.4  8192  71.5  16k  10.5  32k   0.0
ep 812000       3986s  mean    145747  max   361068  V     83884  |d|     329    901k mv/s  1024  99.8  2048  98.4  4096  91.8  8192  70.7  16k   9.9  32k   0.0
ep 814000       4000s  mean    147439  max   357984  V     84100  |d|     327    901k mv/s  1024  99.9  2048  98.4  4096  91.8  8192  72.3  16k  10.2  32k   0.0
ep 816000       4013s  mean    144071  max   367440  V     84075  |d|     329    901k mv/s  1024  99.9  2048  97.5  4096  90.2  8192  70.0  16k   9.6  32k   0.0
ep 818000       4026s  mean    143335  max   385636  V     84122  |d|     330    901k mv/s  1024  99.8  2048  98.0  4096  90.8  8192  69.5  16k   8.9  32k   0.0
ep 820000       4040s  mean    146680  max   383092  V     84213  |d|     330    901k mv/s  1024  99.8  2048  98.5  4096  91.8  8192  70.2  16k  11.1  32k   0.0
ep 822000       4053s  mean    147251  max   342108  V     84354  |d|     327    901k mv/s  1024  99.5  2048  97.6  4096  92.0  8192  71.5  16k  10.9  32k   0.0
ep 824000       4067s  mean    146999  max   360168  V     84440  |d|     331    901k mv/s  1024  99.9  2048  98.0  4096  92.5  8192  71.7  16k   9.6  32k   0.0
ep 826000       4080s  mean    146214  max   364892  V     84794  |d|     327    901k mv/s  1024  99.9  2048  98.0  4096  91.8  8192  71.2  16k  10.7  32k   0.0
ep 828000       4094s  mean    148802  max   368068  V     84835  |d|     329    901k mv/s  1024  99.5  2048  98.2  4096  91.3  8192  72.5  16k  11.4  32k   0.0
ep 830000       4107s  mean    146867  max   356564  V     85062  |d|     330    901k mv/s  1024  99.7  2048  98.4  4096  91.8  8192  69.8  16k  11.8  32k   0.0
ep 832000       4120s  mean    145502  max   364824  V     85172  |d|     329    901k mv/s  1024  99.8  2048  97.5  4096  90.6  8192  70.2  16k  10.6  32k   0.0
ep 834000       4134s  mean    147764  max   362400  V     85399  |d|     329    901k mv/s  1024  99.8  2048  97.8  4096  92.5  8192  72.7  16k  11.2  32k   0.0
ep 836000       4147s  mean    146188  max   376160  V     85532  |d|     329    901k mv/s  1024  99.8  2048  97.7  4096  90.8  8192  71.3  16k  10.8  32k   0.0
ep 838000       4161s  mean    148879  max   386584  V     85271  |d|     329    901k mv/s  1024  99.7  2048  98.2  4096  91.7  8192  72.1  16k  11.4  32k   0.0
ep 840000       4174s  mean    148230  max   367120  V     85729  |d|     328    901k mv/s  1024  99.7  2048  98.2  4096  92.2  8192  73.1  16k  10.2  32k   0.0
ep 842000       4188s  mean    147937  max   379100  V     85752  |d|     332    901k mv/s  1024  99.7  2048  98.0  4096  91.7  8192  71.0  16k  11.4  32k   0.0
ep 844000       4201s  mean    148131  max   378680  V     85778  |d|     332    901k mv/s  1024  99.8  2048  98.0  4096  92.2  8192  71.0  16k  11.4  32k   0.0
ep 846000       4215s  mean    149554  max   345012  V     85926  |d|     331    901k mv/s  1024 100.0  2048  98.8  4096  92.0  8192  72.2  16k  11.4  32k   0.0
ep 848000       4228s  mean    147387  max   362828  V     86180  |d|     328    901k mv/s  1024 100.0  2048  98.1  4096  92.3  8192  71.0  16k  11.5  32k   0.0
ep 850000       4242s  mean    148240  max   363084  V     86082  |d|     333    901k mv/s  1024  99.6  2048  97.3  4096  91.5  8192  71.0  16k  12.2  32k   0.0
ep 852000       4254s  mean    146206  max   360476  V     86436  |d|     332    901k mv/s  1024  99.7  2048  98.0  4096  91.7  8192  70.7  16k  10.6  32k   0.0
ep 854000       4268s  mean    149842  max   367328  V     86345  |d|     331    901k mv/s  1024  99.8  2048  97.8  4096  92.2  8192  72.3  16k  12.1  32k   0.0
ep 856000       4282s  mean    147042  max   360376  V     86518  |d|     333    901k mv/s  1024  99.8  2048  98.2  4096  92.1  8192  70.8  16k  10.7  32k   0.0
ep 858000       4296s  mean    149604  max   357752  V     86497  |d|     334    901k mv/s  1024  99.7  2048  98.1  4096  92.3  8192  72.7  16k  12.3  32k   0.0
ep 860000       4309s  mean    147914  max   367836  V     87081  |d|     331    901k mv/s  1024 100.0  2048  98.3  4096  91.8  8192  71.2  16k  11.7  32k   0.0
ep 862000       4323s  mean    150519  max   387100  V     86763  |d|     333    901k mv/s  1024  99.8  2048  97.7  4096  91.3  8192  73.0  16k  12.0  32k   0.0
ep 864000       4337s  mean    149426  max   376100  V     86951  |d|     332    901k mv/s  1024 100.0  2048  97.5  4096  90.8  8192  71.4  16k  12.3  32k   0.0
ep 866000       4351s  mean    147664  max   362968  V     87219  |d|     333    901k mv/s  1024  99.8  2048  98.2  4096  91.6  8192  71.1  16k  11.4  32k   0.0
ep 868000       4365s  mean    149278  max   374196  V     87516  |d|     331    901k mv/s  1024  99.8  2048  97.8  4096  92.6  8192  72.0  16k  12.5  32k   0.0
ep 870000       4379s  mean    152014  max   364676  V     87174  |d|     334    901k mv/s  1024  99.8  2048  97.5  4096  91.5  8192  71.3  16k  14.2  32k   0.0
ep 872000       4392s  mean    147798  max   383284  V     87707  |d|     332    901k mv/s  1024  99.8  2048  98.5  4096  92.5  8192  70.8  16k  11.3  32k   0.0
ep 874000       4406s  mean    148210  max   382124  V     87699  |d|     333    901k mv/s  1024  99.7  2048  97.6  4096  91.7  8192  72.0  16k  11.8  32k   0.0
ep 876000       4420s  mean    150455  max   366908  V     87724  |d|     333    901k mv/s  1024  99.7  2048  97.9  4096  91.8  8192  73.2  16k  13.0  32k   0.0
ep 878000       4433s  mean    148876  max   375392  V     87914  |d|     334    901k mv/s  1024  99.9  2048  97.5  4096  91.2  8192  72.5  16k  12.1  32k   0.0
ep 880000       4447s  mean    149558  max   367180  V     87939  |d|     332    901k mv/s  1024  99.6  2048  97.5  4096  91.5  8192  70.9  16k  12.1  32k   0.0
ep 882000       4461s  mean    150033  max   355792  V     88347  |d|     333    901k mv/s  1024  99.9  2048  98.0  4096  91.7  8192  72.7  16k  11.9  32k   0.0
ep 884000       4475s  mean    153402  max   368576  V     88179  |d|     332    901k mv/s  1024  99.9  2048  98.5  4096  92.7  8192  74.2  16k  12.8  32k   0.0
ep 886000       4488s  mean    149289  max   376936  V     88295  |d|     336    901k mv/s  1024  99.8  2048  98.5  4096  92.3  8192  71.5  16k  12.6  32k   0.0
ep 888000       4502s  mean    151627  max   364132  V     88413  |d|     334    901k mv/s  1024  99.8  2048  98.5  4096  92.9  8192  72.4  16k  13.3  32k   0.0
ep 890000       4516s  mean    149195  max   380076  V     88536  |d|     335    901k mv/s  1024 100.0  2048  97.5  4096  91.8  8192  71.5  16k  12.4  32k   0.0
ep 892000       4530s  mean    152881  max   367236  V     88752  |d|     334    901k mv/s  1024  99.8  2048  98.3  4096  92.2  8192  72.8  16k  13.8  32k   0.0
ep 894000       4544s  mean    150678  max   360572  V     88893  |d|     334    901k mv/s  1024  99.7  2048  98.0  4096  92.2  8192  73.3  16k  12.8  32k   0.0
ep 896000       4557s  mean    151125  max   376656  V     88799  |d|     334    901k mv/s  1024  99.7  2048  97.8  4096  91.7  8192  72.8  16k  12.7  32k   0.0
ep 898000       4571s  mean    152330  max   378200  V     89117  |d|     333    901k mv/s  1024  99.8  2048  98.8  4096  92.1  8192  73.0  16k  13.4  32k   0.0
ep 900000       4585s  mean    150077  max   366236  V     89269  |d|     334    901k mv/s  1024  99.7  2048  97.9  4096  91.6  8192  72.0  16k  13.1  32k   0.0
ep 902000       4599s  mean    148783  max   378204  V     89212  |d|     336    901k mv/s  1024  99.8  2048  98.1  4096  91.4  8192  70.9  16k  11.8  32k   0.0
ep 904000       4612s  mean    149161  max   367724  V     89541  |d|     335    901k mv/s  1024  99.7  2048  97.3  4096  90.0  8192  71.7  16k  13.4  32k   0.0
ep 906000       4626s  mean    148270  max   367280  V     89749  |d|     334    901k mv/s  1024  99.9  2048  98.0  4096  91.8  8192  71.6  16k  11.2  32k   0.0
ep 908000       4639s  mean    151133  max   367000  V     89658  |d|     337    901k mv/s  1024  99.5  2048  97.7  4096  91.3  8192  72.7  16k  13.7  32k   0.0
ep 910000       4653s  mean    150879  max   373168  V     89761  |d|     335    901k mv/s  1024  99.5  2048  97.8  4096  92.2  8192  73.0  16k  12.8  32k   0.0
ep 912000       4667s  mean    149936  max   351536  V     90132  |d|     334    901k mv/s  1024  99.8  2048  97.8  4096  92.8  8192  72.8  16k  12.1  32k   0.0
ep 914000       4681s  mean    152848  max   364524  V     89747  |d|     336    901k mv/s  1024  99.7  2048  97.7  4096  92.3  8192  71.8  16k  14.7  32k   0.0
ep 916000       4695s  mean    152277  max   385992  V     90057  |d|     337    901k mv/s  1024  99.8  2048  98.0  4096  92.2  8192  73.0  16k  14.1  32k   0.0
ep 918000       4709s  mean    151240  max   378292  V     90278  |d|     336    901k mv/s  1024  99.8  2048  97.3  4096  91.5  8192  72.5  16k  13.8  32k   0.0
ep 920000       4723s  mean    151008  max   378280  V     90360  |d|     335    901k mv/s  1024  99.9  2048  98.6  4096  92.8  8192  72.8  16k  12.3  32k   0.0
ep 922000       4736s  mean    151170  max   381812  V     90405  |d|     334    901k mv/s  1024  99.8  2048  98.2  4096  91.1  8192  71.5  16k  13.8  32k   0.0
ep 924000       4751s  mean    153715  max   386192  V     90451  |d|     335    901k mv/s  1024  99.8  2048  98.2  4096  91.6  8192  73.0  16k  14.9  32k   0.0
ep 926000       4765s  mean    154640  max   386112  V     90256  |d|     338    901k mv/s  1024  99.9  2048  98.1  4096  92.9  8192  71.7  16k  15.2  32k   0.0
ep 928000       4779s  mean    153841  max   370228  V     90645  |d|     335    901k mv/s  1024  99.5  2048  97.7  4096  91.8  8192  73.7  16k  15.1  32k   0.0
ep 930000       4793s  mean    153651  max   366388  V     90870  |d|     338    901k mv/s  1024  99.8  2048  98.0  4096  91.6  8192  74.0  16k  14.1  32k   0.0
checkpoint -> runs/phase1.bin (ep 931632)
ep 932000       4807s  mean    153020  max   382180  V     90877  |d|     338    901k mv/s  1024  99.8  2048  98.2  4096  92.2  8192  72.9  16k  13.8  32k   0.0
ep 934000       4820s  mean    150941  max   350204  V     91136  |d|     335    902k mv/s  1024  99.8  2048  98.3  4096  92.2  8192  73.2  16k  12.3  32k   0.0
ep 936000       4834s  mean    154094  max   373172  V     91012  |d|     337    902k mv/s  1024  99.8  2048  97.8  4096  91.2  8192  73.5  16k  15.3  32k   0.0
ep 938000       4848s  mean    151553  max   385344  V     91073  |d|     338    901k mv/s  1024  99.8  2048  97.8  4096  91.5  8192  72.5  16k  13.7  32k   0.0
ep 940000       4863s  mean    154654  max   384744  V     91460  |d|     337    901k mv/s  1024  99.5  2048  98.4  4096  92.7  8192  74.8  16k  14.9  32k   0.0
ep 942000       4877s  mean    151342  max   364628  V     91708  |d|     336    901k mv/s  1024  99.8  2048  97.8  4096  91.8  8192  71.2  16k  14.3  32k   0.0
ep 944000       4891s  mean    154669  max   386484  V     91411  |d|     337    901k mv/s  1024  99.8  2048  98.0  4096  92.0  8192  73.9  16k  15.1  32k   0.0
ep 946000       4905s  mean    154424  max   387248  V     91747  |d|     338    901k mv/s  1024  99.8  2048  98.0  4096  92.9  8192  74.2  16k  14.9  32k   0.0
ep 948000       4920s  mean    155145  max   363048  V     91625  |d|     339    901k mv/s  1024  99.9  2048  98.5  4096  92.2  8192  73.2  16k  16.1  32k   0.0
ep 950000       4934s  mean    157668  max   367560  V     91957  |d|     338    901k mv/s  1024  99.7  2048  98.3  4096  92.7  8192  76.3  16k  15.9  32k   0.0
ep 952000       4948s  mean    152159  max   386140  V     92105  |d|     341    901k mv/s  1024  99.8  2048  97.8  4096  91.7  8192  73.1  16k  15.2  32k   0.0
ep 954000       4962s  mean    153419  max   383004  V     92240  |d|     340    901k mv/s  1024  99.8  2048  97.7  4096  91.6  8192  73.5  16k  15.8  32k   0.0
ep 956000       4977s  mean    156894  max   386752  V     92254  |d|     340    901k mv/s  1024  99.8  2048  98.1  4096  92.8  8192  72.7  16k  18.6  32k   0.0
ep 958000       4991s  mean    153241  max   367076  V     92907  |d|     337    901k mv/s  1024  99.8  2048  97.9  4096  92.7  8192  72.9  16k  16.4  32k   0.0
ep 960000       5005s  mean    154300  max   367488  V     92470  |d|     343    901k mv/s  1024  99.8  2048  98.1  4096  91.2  8192  73.0  16k  18.1  32k   0.0
ep 962000       5019s  mean    157917  max   384640  V     92522  |d|     341    901k mv/s  1024 100.0  2048  98.0  4096  92.7  8192  75.2  16k  18.1  32k   0.0
ep 964000       5033s  mean    154115  max   376392  V     92879  |d|     339    901k mv/s  1024  99.8  2048  97.8  4096  91.8  8192  72.1  16k  18.6  32k   0.0
ep 966000       5048s  mean    159569  max   386996  V     92886  |d|     343    901k mv/s  1024  99.6  2048  98.7  4096  93.5  8192  74.3  16k  20.9  32k   0.0
ep 968000       5062s  mean    156325  max   384348  V     92972  |d|     342    901k mv/s  1024  99.8  2048  97.8  4096  92.3  8192  72.1  16k  19.6  32k   0.0
ep 970000       5076s  mean    155220  max   378208  V     93294  |d|     341    901k mv/s  1024  99.7  2048  98.0  4096  91.7  8192  73.5  16k  18.6  32k   0.0
ep 972000       5091s  mean    157090  max   365616  V     93151  |d|     341    901k mv/s  1024  99.8  2048  97.9  4096  91.8  8192  72.5  16k  20.1  32k   0.0
ep 974000       5105s  mean    159199  max   370992  V     93242  |d|     342    901k mv/s  1024  99.7  2048  98.2  4096  93.5  8192  74.5  16k  19.7  32k   0.0
ep 976000       5119s  mean    160419  max   363928  V     93619  |d|     337    901k mv/s  1024  99.9  2048  98.8  4096  93.1  8192  75.3  16k  20.4  32k   0.0
ep 978000       5133s  mean    155916  max   378224  V     93519  |d|     341    901k mv/s  1024  99.8  2048  98.0  4096  91.5  8192  73.5  16k  18.8  32k   0.0
ep 980000       5148s  mean    157209  max   367180  V     93617  |d|     343    901k mv/s  1024  99.9  2048  98.3  4096  92.2  8192  73.5  16k  19.2  32k   0.0
ep 982000       5162s  mean    158330  max   384676  V     93592  |d|     342    901k mv/s  1024  99.8  2048  98.0  4096  91.6  8192  72.8  16k  21.1  32k   0.0
ep 984000       5176s  mean    157486  max   364716  V     93917  |d|     338    901k mv/s  1024 100.0  2048  98.2  4096  91.8  8192  73.7  16k  20.1  32k   0.0
ep 986000       5191s  mean    157803  max   387252  V     93851  |d|     342    901k mv/s  1024  99.8  2048  98.4  4096  92.5  8192  73.7  16k  19.5  32k   0.0
ep 988000       5205s  mean    158465  max   387116  V     94027  |d|     343    901k mv/s  1024  99.8  2048  97.7  4096  92.5  8192  74.1  16k  20.6  32k   0.0
ep 990000       5219s  mean    158411  max   386888  V     94176  |d|     342    901k mv/s  1024  99.8  2048  97.8  4096  92.5  8192  73.3  16k  21.2  32k   0.0
ep 992000       5234s  mean    156353  max   383268  V     94410  |d|     342    901k mv/s  1024  99.8  2048  98.5  4096  92.5  8192  72.5  16k  19.7  32k   0.0
ep 994000       5248s  mean    159040  max   386424  V     94323  |d|     342    901k mv/s  1024  99.8  2048  97.8  4096  92.0  8192  74.5  16k  20.6  32k   0.0
ep 996000       5262s  mean    156714  max   386936  V     94177  |d|     346    901k mv/s  1024  99.8  2048  97.7  4096  92.0  8192  71.8  16k  19.9  32k   0.0
ep 998000       5276s  mean    158767  max   381804  V     94836  |d|     341    901k mv/s  1024  99.8  2048  98.1  4096  92.5  8192  74.7  16k  20.6  32k   0.0
ep 1000000      5291s  mean    162488  max   382208  V     94488  |d|     343    901k mv/s  1024  99.8  2048  98.3  4096  93.0  8192  76.4  16k  21.1  32k   0.0
ep 1002000      5306s  mean    158402  max   532540  V     94845  |d|     345    901k mv/s  1024  99.7  2048  98.5  4096  92.7  8192  73.7  16k  20.6  32k   0.1
ep 1004000      5320s  mean    160398  max   378444  V     94523  |d|     345    901k mv/s  1024  99.8  2048  97.5  4096  92.1  8192  75.7  16k  21.1  32k   0.0
ep 1006000      5335s  mean    158748  max   375900  V     95003  |d|     345    901k mv/s  1024  99.9  2048  98.3  4096  92.9  8192  73.8  16k  20.4  32k   0.0
ep 1008000      5349s  mean    162145  max   386988  V     94790  |d|     345    901k mv/s  1024  99.9  2048  98.5  4096  93.0  8192  75.8  16k  21.4  32k   0.0
ep 1010000      5364s  mean    162019  max   388776  V     95167  |d|     343    901k mv/s  1024  99.6  2048  98.4  4096  93.0  8192  73.9  16k  23.5  32k   0.0
ep 1012000      5379s  mean    162706  max   379748  V     94923  |d|     346    901k mv/s  1024 100.0  2048  98.5  4096  92.5  8192  74.3  16k  22.6  32k   0.0
ep 1014000      5394s  mean    163742  max   368404  V     95260  |d|     343    901k mv/s  1024  99.8  2048  97.9  4096  93.0  8192  76.0  16k  22.9  32k   0.0
ep 1016000      5408s  mean    162354  max   375908  V     95433  |d|     344    901k mv/s  1024  99.9  2048  98.5  4096  92.7  8192  76.3  16k  21.7  32k   0.0
ep 1018000      5422s  mean    160201  max   385228  V     95723  |d|     342    901k mv/s  1024  99.6  2048  98.3  4096  91.8  8192  74.3  16k  21.1  32k   0.0
ep 1020000      5437s  mean    161419  max   386512  V     95478  |d|     346    901k mv/s  1024  99.8  2048  97.6  4096  92.0  8192  74.9  16k  21.9  32k   0.0
ep 1022000      5451s  mean    159281  max   407036  V     95904  |d|     344    901k mv/s  1024  99.8  2048  97.9  4096  91.9  8192  74.4  16k  20.9  32k   0.0
ep 1024000      5465s  mean    163088  max   373800  V     95460  |d|     347    902k mv/s  1024  99.8  2048  98.2  4096  92.5  8192  73.9  16k  23.0  32k   0.0
ep 1026000      5480s  mean    162529  max   382428  V     95958  |d|     345    902k mv/s  1024  99.9  2048  98.1  4096  93.7  8192  75.6  16k  21.9  32k   0.0
ep 1028000      5494s  mean    161506  max   378040  V     96047  |d|     345    902k mv/s  1024 100.0  2048  98.0  4096  91.8  8192  74.6  16k  21.9  32k   0.0
ep 1030000      5508s  mean    162333  max   387124  V     96244  |d|     346    902k mv/s  1024  99.9  2048  98.2  4096  92.8  8192  75.5  16k  22.1  32k   0.0
ep 1032000      5523s  mean    160911  max   384224  V     96164  |d|     347    902k mv/s  1024  99.8  2048  98.0  4096  92.4  8192  74.3  16k  22.0  32k   0.0
ep 1034000      5538s  mean    165157  max   385112  V     96076  |d|     348    902k mv/s  1024  99.8  2048  97.8  4096  93.2  8192  76.0  16k  24.1  32k   0.0
ep 1036000      5552s  mean    160372  max   384212  V     96464  |d|     344    902k mv/s  1024  99.7  2048  97.8  4096  91.0  8192  73.2  16k  22.8  32k   0.0
ep 1038000      5567s  mean    163013  max   368184  V     96525  |d|     345    902k mv/s  1024  99.7  2048  98.5  4096  93.0  8192  76.0  16k  22.8  32k   0.0
ep 1040000      5582s  mean    161598  max   387100  V     96853  |d|     342    902k mv/s  1024 100.0  2048  98.1  4096  92.5  8192  73.5  16k  23.1  32k   0.0
ep 1042000      5596s  mean    163973  max   385380  V     96778  |d|     345    902k mv/s  1024  99.8  2048  97.9  4096  92.2  8192  75.8  16k  23.3  32k   0.0
ep 1044000      5611s  mean    163659  max   378124  V     96912  |d|     345    902k mv/s  1024  99.8  2048  98.5  4096  92.5  8192  76.8  16k  22.5  32k   0.0
ep 1046000      5626s  mean    163819  max   384484  V     97023  |d|     346    902k mv/s  1024  99.8  2048  98.2  4096  92.4  8192  75.5  16k  23.5  32k   0.0
ep 1048000      5641s  mean    162243  max   405472  V     97210  |d|     347    902k mv/s  1024  99.7  2048  97.7  4096  92.0  8192  74.4  16k  22.9  32k   0.0
ep 1050000      5655s  mean    163424  max   388892  V     97218  |d|     345    902k mv/s  1024  99.8  2048  97.8  4096  92.5  8192  75.7  16k  22.6  32k   0.0
ep 1052000      5670s  mean    158309  max   386196  V     97410  |d|     345    902k mv/s  1024  99.8  2048  97.2  4096  90.1  8192  71.2  16k  22.5  32k   0.0
ep 1054000      5685s  mean    164680  max   385592  V     97299  |d|     345    902k mv/s  1024 100.0  2048  98.5  4096  92.4  8192  76.1  16k  24.1  32k   0.0
ep 1056000      5699s  mean    163008  max   378100  V     97594  |d|     346    902k mv/s  1024  99.5  2048  98.0  4096  92.4  8192  76.2  16k  23.1  32k   0.0
ep 1058000      5714s  mean    163185  max   387080  V     97692  |d|     347    902k mv/s  1024  99.9  2048  98.5  4096  93.5  8192  74.8  16k  23.0  32k   0.0
ep 1060000      5729s  mean    165772  max   385788  V     97515  |d|     348    902k mv/s  1024  99.8  2048  98.0  4096  92.8  8192  76.1  16k  23.8  32k   0.0
ep 1062000      5744s  mean    166603  max   377600  V     97927  |d|     346    902k mv/s  1024 100.0  2048  98.5  4096  93.8  8192  76.7  16k  23.6  32k   0.0
ep 1064000      5759s  mean    163640  max   387300  V     97904  |d|     346    902k mv/s  1024  99.8  2048  98.2  4096  91.9  8192  75.5  16k  23.5  32k   0.0
ep 1066000      5773s  mean    162114  max   386660  V     98216  |d|     347    902k mv/s  1024  99.7  2048  98.1  4096  92.0  8192  75.1  16k  22.8  32k   0.0
ep 1068000      5788s  mean    162754  max   372348  V     98385  |d|     346    902k mv/s  1024  99.9  2048  98.5  4096  92.3  8192  75.5  16k  23.0  32k   0.0
ep 1070000      5802s  mean    166752  max   386920  V     98132  |d|     347    902k mv/s  1024  99.8  2048  98.5  4096  93.7  8192  77.2  16k  24.8  32k   0.0
ep 1072000      5817s  mean    165108  max   385416  V     98450  |d|     345    902k mv/s  1024  99.7  2048  98.0  4096  92.7  8192  76.0  16k  23.1  32k   0.0
ep 1074000      5832s  mean    166157  max   509004  V     98414  |d|     346    902k mv/s  1024  99.8  2048  98.5  4096  92.9  8192  76.7  16k  23.6  32k   0.1
ep 1076000      5847s  mean    165500  max   387032  V     98766  |d|     345    902k mv/s  1024  99.8  2048  98.0  4096  93.3  8192  75.9  16k  24.1  32k   0.0
ep 1078000      5862s  mean    165917  max   385612  V     98582  |d|     348    902k mv/s  1024  99.8  2048  98.0  4096  92.3  8192  75.1  16k  25.7  32k   0.0
ep 1080000      5876s  mean    163776  max   367060  V     98990  |d|     346    902k mv/s  1024  99.9  2048  97.5  4096  91.8  8192  75.5  16k  24.0  32k   0.0
ep 1082000      5891s  mean    161817  max   386396  V     99038  |d|     348    902k mv/s  1024  99.9  2048  98.4  4096  92.7  8192  74.9  16k  22.3  32k   0.0
ep 1084000      5906s  mean    164053  max   409588  V     99020  |d|     347    902k mv/s  1024  99.8  2048  97.4  4096  91.8  8192  75.8  16k  23.4  32k   0.0
ep 1086000      5920s  mean    164598  max   386788  V     99155  |d|     347    902k mv/s  1024  99.5  2048  98.3  4096  92.2  8192  75.8  16k  24.3  32k   0.0
ep 1088000      5934s  mean    161731  max   383044  V     99292  |d|     348    902k mv/s  1024  99.8  2048  97.8  4096  91.5  8192  74.2  16k  22.9  32k   0.0
ep 1090000      5949s  mean    165544  max   387136  V     99370  |d|     346    902k mv/s  1024  99.8  2048  98.1  4096  92.5  8192  75.6  16k  24.6  32k   0.0
ep 1092000      5964s  mean    164100  max   382768  V     99614  |d|     347    902k mv/s  1024  99.8  2048  98.2  4096  93.0  8192  75.2  16k  23.8  32k   0.0
ep 1094000      5978s  mean    163951  max   388380  V     99641  |d|     347    902k mv/s  1024 100.0  2048  98.7  4096  92.1  8192  75.4  16k  23.7  32k   0.0
ep 1096000      5993s  mean    167430  max   383492  V     99348  |d|     348    902k mv/s  1024  99.7  2048  98.0  4096  92.0  8192  76.8  16k  24.0  32k   0.0
checkpoint -> runs/phase1.bin (ep 1097762)
ep 1098000      6007s  mean    166390  max   383444  V     99643  |d|     347    902k mv/s  1024  99.8  2048  98.5  4096  92.5  8192  75.5  16k  24.9  32k   0.0
ep 1100000      6023s  mean    166292  max   387044  V     99902  |d|     346    902k mv/s  1024  99.8  2048  98.5  4096  93.3  8192  76.5  16k  23.2  32k   0.0
ep 1102000      6038s  mean    167389  max   386640  V     99898  |d|     346    902k mv/s  1024  99.7  2048  97.8  4096  92.8  8192  75.8  16k  25.4  32k   0.0
ep 1104000      6052s  mean    168509  max   386640  V    100028  |d|     347    902k mv/s  1024  99.8  2048  98.2  4096  92.7  8192  75.7  16k  27.1  32k   0.0
ep 1106000      6067s  mean    170988  max   387480  V     99928  |d|     347    902k mv/s  1024  99.8  2048  98.4  4096  94.0  8192  77.2  16k  27.0  32k   0.0
ep 1108000      6082s  mean    167630  max   386928  V    100301  |d|     347    902k mv/s  1024  99.9  2048  98.8  4096  93.8  8192  76.1  16k  26.0  32k   0.0
ep 1110000      6097s  mean    168872  max   375676  V    100244  |d|     346    902k mv/s  1024  99.8  2048  98.3  4096  93.1  8192  76.9  16k  25.8  32k   0.0
ep 1112000      6112s  mean    168028  max   384748  V    100537  |d|     348    903k mv/s  1024 100.0  2048  98.2  4096  92.8  8192  77.1  16k  24.6  32k   0.0
ep 1114000      6127s  mean    168756  max   386632  V    100782  |d|     345    903k mv/s  1024  99.8  2048  98.2  4096  92.5  8192  77.5  16k  26.1  32k   0.0
ep 1116000      6141s  mean    164879  max   386600  V    100825  |d|     348    903k mv/s  1024  99.8  2048  97.9  4096  92.7  8192  75.2  16k  24.4  32k   0.0
ep 1118000      6156s  mean    166807  max   386744  V    100980  |d|     347    903k mv/s  1024  99.8  2048  98.4  4096  93.2  8192  76.0  16k  25.0  32k   0.0
ep 1120000      6171s  mean    167745  max   388736  V    100767  |d|     347    903k mv/s  1024  99.8  2048  98.2  4096  93.2  8192  77.2  16k  23.8  32k   0.0
ep 1122000      6186s  mean    166094  max   382964  V    101079  |d|     350    903k mv/s  1024  99.7  2048  97.7  4096  91.4  8192  75.2  16k  25.8  32k   0.0
ep 1124000      6201s  mean    165420  max   386820  V    101169  |d|     347    903k mv/s  1024  99.8  2048  97.8  4096  92.7  8192  77.0  16k  23.6  32k   0.0
ep 1126000      6216s  mean    167742  max   367228  V    101171  |d|     347    903k mv/s  1024  99.9  2048  97.8  4096  92.7  8192  76.2  16k  24.8  32k   0.0
ep 1128000      6230s  mean    165232  max   387048  V    101368  |d|     347    903k mv/s  1024 100.0  2048  97.8  4096  92.0  8192  75.8  16k  23.9  32k   0.0
ep 1130000      6245s  mean    168847  max   369156  V    101272  |d|     347    903k mv/s  1024  99.8  2048  98.0  4096  92.6  8192  75.6  16k  26.6  32k   0.0
ep 1132000      6261s  mean    170005  max   387416  V    101335  |d|     350    903k mv/s  1024  99.7  2048  98.2  4096  92.8  8192  77.3  16k  26.1  32k   0.0
ep 1134000      6276s  mean    167831  max   506224  V    101754  |d|     348    903k mv/s  1024 100.0  2048  98.8  4096  93.8  8192  77.3  16k  24.9  32k   0.1
ep 1136000      6291s  mean    167819  max   387176  V    101777  |d|     346    903k mv/s  1024  99.8  2048  98.3  4096  93.0  8192  76.8  16k  25.2  32k   0.0
ep 1138000      6306s  mean    170474  max   383196  V    101684  |d|     349    903k mv/s  1024  99.8  2048  98.1  4096  93.0  8192  76.6  16k  27.4  32k   0.0
ep 1140000      6322s  mean    167527  max   387336  V    102102  |d|     347    903k mv/s  1024  99.8  2048  98.5  4096  92.8  8192  77.2  16k  25.1  32k   0.0
ep 1142000      6337s  mean    167624  max   386868  V    102008  |d|     352    903k mv/s  1024  99.8  2048  98.2  4096  92.5  8192  76.3  16k  24.8  32k   0.0
ep 1144000      6351s  mean    166390  max   385368  V    102497  |d|     346    903k mv/s  1024  99.8  2048  98.2  4096  92.4  8192  76.0  16k  24.4  32k   0.0
ep 1146000      6367s  mean    169205  max   430712  V    102010  |d|     349    903k mv/s  1024  99.7  2048  97.5  4096  92.8  8192  75.7  16k  26.6  32k   0.0
ep 1148000      6382s  mean    170544  max   383476  V    102361  |d|     348    903k mv/s  1024  99.8  2048  98.3  4096  93.4  8192  78.0  16k  26.1  32k   0.0
ep 1150000      6397s  mean    166716  max   385172  V    102649  |d|     349    903k mv/s  1024  99.8  2048  98.1  4096  92.5  8192  75.2  16k  25.6  32k   0.0
ep 1152000      6413s  mean    171281  max   384644  V    102436  |d|     349    903k mv/s  1024  99.7  2048  98.4  4096  93.1  8192  77.0  16k  26.9  32k   0.0
ep 1154000      6428s  mean    169015  max   387648  V    102769  |d|     347    903k mv/s  1024  99.8  2048  98.0  4096  92.7  8192  76.5  16k  25.4  32k   0.0
ep 1156000      6443s  mean    166828  max   387244  V    102727  |d|     350    903k mv/s  1024  99.7  2048  98.0  4096  92.2  8192  75.3  16k  25.4  32k   0.0
ep 1158000      6458s  mean    169101  max   387468  V    102858  |d|     348    903k mv/s  1024  99.9  2048  98.1  4096  92.6  8192  75.7  16k  26.5  32k   0.0
ep 1160000      6474s  mean    171916  max   385200  V    102737  |d|     349    903k mv/s  1024  99.8  2048  98.5  4096  93.2  8192  77.7  16k  26.9  32k   0.0
ep 1162000      6489s  mean    166662  max   387424  V    103215  |d|     348    903k mv/s  1024 100.0  2048  98.8  4096  93.0  8192  76.5  16k  23.7  32k   0.0
ep 1164000      6504s  mean    169700  max   383332  V    103167  |d|     349    903k mv/s  1024  99.8  2048  98.0  4096  92.9  8192  77.3  16k  25.8  32k   0.0
ep 1166000      6520s  mean    173139  max   386660  V    102882  |d|     350    903k mv/s  1024  99.8  2048  98.2  4096  93.0  8192  77.2  16k  28.0  32k   0.0
ep 1168000      6535s  mean    173114  max   409384  V    103183  |d|     350    903k mv/s  1024  99.8  2048  98.2  4096  93.4  8192  78.4  16k  27.6  32k   0.0
ep 1170000      6551s  mean    170165  max   381108  V    103253  |d|     350    903k mv/s  1024 100.0  2048  98.2  4096  92.8  8192  77.2  16k  26.6  32k   0.0
ep 1172000      6566s  mean    171964  max   387148  V    103493  |d|     348    903k mv/s  1024  99.8  2048  98.2  4096  92.8  8192  77.0  16k  28.1  32k   0.0
ep 1174000      6582s  mean    171914  max   387128  V    103493  |d|     351    903k mv/s  1024  99.9  2048  98.8  4096  93.6  8192  77.6  16k  26.5  32k   0.0
ep 1176000      6597s  mean    171572  max   384896  V    103863  |d|     348    903k mv/s  1024 100.0  2048  98.8  4096  92.8  8192  77.7  16k  26.6  32k   0.0
ep 1178000      6613s  mean    169757  max   387348  V    103821  |d|     351    903k mv/s  1024 100.0  2048  98.2  4096  92.6  8192  76.2  16k  25.9  32k   0.0
ep 1180000      6628s  mean    171659  max   383636  V    103947  |d|     350    903k mv/s  1024 100.0  2048  98.6  4096  92.8  8192  76.7  16k  27.7  32k   0.0
ep 1182000      6643s  mean    169077  max   512740  V    104382  |d|     347    903k mv/s  1024 100.0  2048  98.1  4096  92.8  8192  75.4  16k  26.6  32k   0.1
ep 1184000      6658s  mean    168084  max   385188  V    104417  |d|     351    903k mv/s  1024  99.7  2048  98.2  4096  92.8  8192  76.3  16k  25.1  32k   0.0
ep 1186000      6674s  mean    172653  max   386208  V    104372  |d|     349    903k mv/s  1024  99.9  2048  98.5  4096  93.2  8192  78.5  16k  27.2  32k   0.0
ep 1188000      6689s  mean    174190  max   387240  V    104256  |d|     351    903k mv/s  1024  99.8  2048  98.6  4096  93.8  8192  78.0  16k  28.4  32k   0.0
ep 1190000      6705s  mean    172471  max   386252  V    104571  |d|     346    903k mv/s  1024 100.0  2048  98.2  4096  93.2  8192  78.0  16k  27.2  32k   0.0
ep 1192000      6721s  mean    174727  max   387408  V    104319  |d|     351    903k mv/s  1024  99.8  2048  97.9  4096  92.8  8192  77.5  16k  29.1  32k   0.0
ep 1194000      6736s  mean    174717  max   388836  V    104438  |d|     352    903k mv/s  1024  99.8  2048  98.4  4096  93.5  8192  79.0  16k  28.6  32k   0.0
ep 1196000      6752s  mean    172486  max   386640  V    104722  |d|     350    903k mv/s  1024  99.8  2048  98.5  4096  92.8  8192  77.8  16k  27.6  32k   0.0
ep 1198000      6767s  mean    171251  max   386784  V    104979  |d|     349    903k mv/s  1024  99.9  2048  98.5  4096  93.3  8192  76.8  16k  27.1  32k   0.0
ep 1200000      6782s  mean    169974  max   388864  V    104893  |d|     355    903k mv/s  1024  99.7  2048  98.2  4096  92.8  8192  77.2  16k  25.8  32k   0.0
ep 1202000      6797s  mean    169675  max   386712  V    105099  |d|     351    903k mv/s  1024  99.8  2048  98.2  4096  92.5  8192  75.3  16k  27.1  32k   0.0
ep 1204000      6813s  mean    173847  max   384756  V    105282  |d|     351    903k mv/s  1024 100.0  2048  98.8  4096  93.6  8192  78.5  16k  27.9  32k   0.0
ep 1206000      6828s  mean    172119  max   385392  V    105214  |d|     352    903k mv/s  1024  99.8  2048  98.2  4096  93.2  8192  77.8  16k  27.6  32k   0.0
ep 1208000      6843s  mean    171825  max   388420  V    105462  |d|     351    903k mv/s  1024  99.8  2048  98.5  4096  93.9  8192  77.0  16k  27.6  32k   0.0
ep 1210000      6858s  mean    173894  max   387040  V    105588  |d|     351    903k mv/s  1024 100.0  2048  98.5  4096  93.5  8192  78.0  16k  28.1  32k   0.0
ep 1212000      6874s  mean    170285  max   387388  V    105606  |d|     349    903k mv/s  1024  99.8  2048  97.6  4096  92.2  8192  76.3  16k  26.2  32k   0.0
ep 1214000      6889s  mean    169803  max   386808  V    105810  |d|     352    903k mv/s  1024  99.9  2048  98.6  4096  93.0  8192  76.5  16k  26.1  32k   0.0
ep 1216000      6904s  mean    174040  max   387420  V    105588  |d|     353    903k mv/s  1024 100.0  2048  98.8  4096  93.5  8192  77.9  16k  27.7  32k   0.0
ep 1218000      6920s  mean    171555  max   384964  V    105907  |d|     352    903k mv/s  1024  99.8  2048  98.5  4096  93.0  8192  76.8  16k  26.7  32k   0.0
ep 1220000      6935s  mean    172760  max   386472  V    105923  |d|     350    903k mv/s  1024  99.9  2048  98.5  4096  93.0  8192  77.8  16k  26.6  32k   0.0
ep 1222000      6950s  mean    173848  max   387064  V    106178  |d|     348    903k mv/s  1024  99.8  2048  98.8  4096  93.8  8192  78.3  16k  27.4  32k   0.0
ep 1224000      6965s  mean    172903  max   386356  V    106024  |d|     353    903k mv/s  1024  99.8  2048  97.7  4096  92.2  8192  76.8  16k  28.1  32k   0.0
ep 1226000      6981s  mean    170810  max   385664  V    106438  |d|     352    903k mv/s  1024  99.7  2048  98.2  4096  92.5  8192  77.8  16k  26.4  32k   0.0
ep 1228000      6996s  mean    170377  max   385788  V    106542  |d|     350    903k mv/s  1024  99.8  2048  98.5  4096  92.2  8192  76.8  16k  26.1  32k   0.0
ep 1230000      7012s  mean    173267  max   387040  V    106428  |d|     351    903k mv/s  1024  99.7  2048  98.5  4096  93.5  8192  78.5  16k  27.7  32k   0.0
ep 1232000      7027s  mean    172751  max   388044  V    106592  |d|     351    903k mv/s  1024  99.8  2048  98.2  4096  92.8  8192  77.5  16k  27.6  32k   0.0
ep 1234000      7043s  mean    174104  max   386320  V    106523  |d|     355    903k mv/s  1024  99.8  2048  98.3  4096  93.3  8192  78.8  16k  27.8  32k   0.0
ep 1236000      7058s  mean    173492  max   384552  V    106613  |d|     353    903k mv/s  1024  99.8  2048  98.0  4096  92.6  8192  77.6  16k  28.2  32k   0.0
ep 1238000      7074s  mean    174218  max   387308  V    106841  |d|     352    903k mv/s  1024  99.8  2048  98.5  4096  93.7  8192  78.0  16k  28.6  32k   0.0
ep 1240000      7089s  mean    173495  max   386860  V    106661  |d|     354    903k mv/s  1024  99.8  2048  98.3  4096  93.1  8192  76.4  16k  28.6  32k   0.0
ep 1242000      7105s  mean    173677  max   386768  V    106891  |d|     350    903k mv/s  1024  99.9  2048  98.4  4096  93.2  8192  77.2  16k  28.1  32k   0.0
ep 1244000      7121s  mean    173058  max   512628  V    107153  |d|     353    903k mv/s  1024  99.9  2048  98.8  4096  93.2  8192  77.3  16k  27.7  32k   0.1
ep 1246000      7137s  mean    171962  max   387228  V    107082  |d|     356    903k mv/s  1024  99.9  2048  98.3  4096  93.5  8192  76.5  16k  26.9  32k   0.0
ep 1248000      7152s  mean    170632  max   407416  V    107834  |d|     352    903k mv/s  1024  99.8  2048  98.5  4096  93.2  8192  77.8  16k  26.2  32k   0.0
ep 1250000      7168s  mean    177332  max   386676  V    107081  |d|     353    903k mv/s  1024  99.8  2048  98.5  4096  93.3  8192  78.7  16k  29.9  32k   0.0
ep 1252000      7183s  mean    172102  max   386588  V    107776  |d|     351    903k mv/s  1024 100.0  2048  98.7  4096  92.0  8192  76.6  16k  28.6  32k   0.0
ep 1254000      7199s  mean    175568  max   385220  V    107615  |d|     353    903k mv/s  1024  99.8  2048  98.8  4096  93.8  8192  78.2  16k  28.5  32k   0.0
checkpoint -> runs/phase1.bin (ep 1255072)
ep 1256000      7214s  mean    171909  max   382492  V    107816  |d|     353    903k mv/s  1024  99.8  2048  98.5  4096  93.8  8192  78.5  16k  25.6  32k   0.0
ep 1258000      7230s  mean    169783  max   387204  V    108004  |d|     353    903k mv/s  1024 100.0  2048  98.5  4096  93.1  8192  76.6  16k  26.1  32k   0.0
ep 1260000      7245s  mean    175889  max   385448  V    107753  |d|     353    903k mv/s  1024  99.9  2048  98.1  4096  92.5  8192  78.8  16k  29.1  32k   0.0
ep 1262000      7261s  mean    170300  max   387464  V    108135  |d|     354    903k mv/s  1024  99.8  2048  98.3  4096  92.8  8192  76.0  16k  27.2  32k   0.0
ep 1264000      7277s  mean    177270  max   405364  V    107794  |d|     354    903k mv/s  1024  99.8  2048  98.1  4096  93.1  8192  79.5  16k  29.6  32k   0.0
ep 1266000      7292s  mean    174667  max   388288  V    108097  |d|     355    903k mv/s  1024  99.9  2048  98.5  4096  93.7  8192  78.5  16k  28.1  32k   0.0
ep 1268000      7308s  mean    171994  max   387040  V    108416  |d|     356    903k mv/s  1024 100.0  2048  98.5  4096  93.0  8192  77.2  16k  26.8  32k   0.0
ep 1270000      7323s  mean    171960  max   387488  V    108541  |d|     353    903k mv/s  1024  99.7  2048  97.9  4096  92.2  8192  77.2  16k  26.8  32k   0.0
ep 1272000      7339s  mean    172614  max   387264  V    108518  |d|     355    903k mv/s  1024  99.8  2048  98.1  4096  92.3  8192  76.8  16k  27.6  32k   0.0
ep 1274000      7354s  mean    172556  max   387268  V    108577  |d|     352    903k mv/s  1024  99.7  2048  97.8  4096  92.7  8192  75.9  16k  28.6  32k   0.0
ep 1276000      7369s  mean    174441  max   388380  V    108705  |d|     354    903k mv/s  1024  99.8  2048  98.5  4096  92.7  8192  77.7  16k  28.9  32k   0.0
ep 1278000      7385s  mean    175718  max   383220  V    108614  |d|     355    903k mv/s  1024  99.9  2048  98.6  4096  93.0  8192  78.8  16k  27.9  32k   0.0
ep 1280000      7401s  mean    179311  max   385532  V    108773  |d|     353    903k mv/s  1024  99.8  2048  99.0  4096  93.5  8192  79.8  16k  30.7  32k   0.0
ep 1282000      7417s  mean    177056  max   410608  V    108807  |d|     353    903k mv/s  1024  99.8  2048  98.5  4096  94.0  8192  78.4  16k  29.4  32k   0.0
ep 1284000      7432s  mean    172962  max   407956  V    109170  |d|     352    903k mv/s  1024  99.8  2048  98.2  4096  93.8  8192  78.5  16k  26.8  32k   0.0
ep 1286000      7448s  mean    175441  max   387048  V    109014  |d|     354    903k mv/s  1024  99.8  2048  97.7  4096  92.8  8192  77.5  16k  29.0  32k   0.0
ep 1288000      7464s  mean    177284  max   387480  V    109157  |d|     354    903k mv/s  1024 100.0  2048  98.5  4096  92.9  8192  79.0  16k  29.0  32k   0.0
ep 1290000      7480s  mean    172392  max   387412  V    109620  |d|     357    903k mv/s  1024  99.8  2048  98.2  4096  92.8  8192  77.8  16k  27.2  32k   0.0
ep 1292000      7496s  mean    175517  max   386876  V    109570  |d|     355    903k mv/s  1024  99.8  2048  98.1  4096  93.5  8192  79.3  16k  28.3  32k   0.0
ep 1294000      7511s  mean    174973  max   386016  V    109496  |d|     356    903k mv/s  1024  99.8  2048  98.8  4096  93.9  8192  78.0  16k  28.4  32k   0.0
ep 1296000      7527s  mean    175048  max   387080  V    109673  |d|     354    903k mv/s  1024  99.8  2048  98.5  4096  93.7  8192  79.2  16k  26.6  32k   0.0
ep 1298000      7543s  mean    179909  max   389340  V    109327  |d|     355    903k mv/s  1024  99.8  2048  98.5  4096  93.6  8192  79.7  16k  30.8  32k   0.0
ep 1300000      7559s  mean    174634  max   385536  V    109945  |d|     354    903k mv/s  1024  99.8  2048  98.2  4096  93.4  8192  78.7  16k  27.9  32k   0.0
ep 1302000      7575s  mean    174470  max   387476  V    109877  |d|     354    903k mv/s  1024  99.8  2048  98.1  4096  93.2  8192  78.8  16k  27.3  32k   0.0
ep 1304000      7591s  mean    177831  max   391924  V    109757  |d|     356    903k mv/s  1024  99.8  2048  97.8  4096  93.0  8192  78.8  16k  29.3  32k   0.0
ep 1306000      7607s  mean    176108  max   378408  V    110070  |d|     353    903k mv/s  1024  99.8  2048  98.3  4096  93.8  8192  77.6  16k  28.6  32k   0.0
ep 1308000      7623s  mean    174459  max   386900  V    110110  |d|     357    903k mv/s  1024  99.8  2048  98.2  4096  93.0  8192  78.0  16k  27.4  32k   0.0
ep 1310000      7638s  mean    177575  max   411380  V    110151  |d|     354    903k mv/s  1024  99.8  2048  98.8  4096  93.5  8192  79.0  16k  28.9  32k   0.0
ep 1312000      7654s  mean    172944  max   386812  V    110473  |d|     355    903k mv/s  1024  99.8  2048  98.7  4096  93.5  8192  78.2  16k  26.4  32k   0.0
ep 1314000      7669s  mean    176501  max   387316  V    110353  |d|     354    903k mv/s  1024 100.0  2048  98.7  4096  93.7  8192  78.2  16k  28.4  32k   0.0
ep 1316000      7685s  mean    173607  max   386488  V    110756  |d|     352    903k mv/s  1024  99.8  2048  98.8  4096  93.3  8192  77.2  16k  26.9  32k   0.0
ep 1318000      7700s  mean    176045  max   385076  V    110731  |d|     353    903k mv/s  1024 100.0  2048  98.5  4096  92.9  8192  78.3  16k  28.7  32k   0.0
ep 1320000      7716s  mean    173822  max   387228  V    110534  |d|     357    903k mv/s  1024  99.7  2048  97.9  4096  92.5  8192  77.0  16k  28.1  32k   0.0
ep 1322000      7731s  mean    170470  max   386916  V    111076  |d|     356    903k mv/s  1024  99.8  2048  98.0  4096  92.5  8192  76.8  16k  25.8  32k   0.0
ep 1324000      7746s  mean    175435  max   386248  V    110632  |d|     359    903k mv/s  1024  99.7  2048  98.7  4096  93.0  8192  78.2  16k  28.4  32k   0.0
ep 1326000      7762s  mean    173333  max   402412  V    111136  |d|     358    903k mv/s  1024  99.8  2048  98.3  4096  93.4  8192  77.0  16k  27.2  32k   0.0
ep 1328000      7777s  mean    174950  max   407440  V    110914  |d|     357    903k mv/s  1024  99.8  2048  98.0  4096  93.9  8192  78.2  16k  27.4  32k   0.0
ep 1330000      7793s  mean    176482  max   387136  V    111021  |d|     356    903k mv/s  1024 100.0  2048  98.3  4096  93.5  8192  78.9  16k  28.9  32k   0.0
ep 1332000      7809s  mean    174684  max   402392  V    111503  |d|     353    903k mv/s  1024  99.8  2048  98.3  4096  93.1  8192  77.4  16k  27.8  32k   0.0
ep 1334000      7824s  mean    173966  max   387436  V    111427  |d|     356    903k mv/s  1024  99.8  2048  98.0  4096  92.5  8192  77.2  16k  28.4  32k   0.0
ep 1336000      7840s  mean    174448  max   386528  V    111636  |d|     356    903k mv/s  1024  99.7  2048  98.2  4096  92.8  8192  78.5  16k  27.6  32k   0.0
ep 1338000      7856s  mean    175432  max   388652  V    111496  |d|     358    903k mv/s  1024  99.9  2048  98.3  4096  93.2  8192  78.8  16k  27.2  32k   0.0
ep 1340000      7871s  mean    174539  max   386892  V    111687  |d|     358    903k mv/s  1024  99.8  2048  98.0  4096  93.0  8192  77.7  16k  27.5  32k   0.0
ep 1342000      7886s  mean    173762  max   411388  V    111848  |d|     353    903k mv/s  1024  99.8  2048  98.3  4096  92.8  8192  77.5  16k  27.4  32k   0.0
ep 1344000      7902s  mean    177590  max   386812  V    111687  |d|     355    903k mv/s  1024  99.7  2048  98.2  4096  94.0  8192  79.9  16k  27.9  32k   0.0
ep 1346000      7917s  mean    174296  max   411200  V    112000  |d|     356    903k mv/s  1024  99.8  2048  98.2  4096  93.7  8192  78.5  16k  26.6  32k   0.0
ep 1348000      7933s  mean    174893  max   407564  V    112073  |d|     356    903k mv/s  1024  99.8  2048  98.2  4096  93.3  8192  78.7  16k  27.6  32k   0.0
ep 1350000      7948s  mean    172687  max   386888  V    112361  |d|     356    903k mv/s  1024 100.0  2048  98.2  4096  93.2  8192  79.0  16k  25.3  32k   0.0
ep 1352000      7964s  mean    171945  max   409216  V    112531  |d|     354    903k mv/s  1024 100.0  2048  98.4  4096  93.0  8192  77.5  16k  25.3  32k   0.0
ep 1354000      7979s  mean    170242  max   387180  V    112800  |d|     353    903k mv/s  1024  99.8  2048  98.2  4096  93.1  8192  79.5  16k  23.9  32k   0.0
ep 1356000      7995s  mean    173256  max   388732  V    112308  |d|     359    903k mv/s  1024  99.7  2048  98.2  4096  93.3  8192  79.5  16k  25.8  32k   0.0
ep 1358000      8010s  mean    172384  max   385724  V    112646  |d|     355    903k mv/s  1024  99.8  2048  98.3  4096  93.3  8192  78.2  16k  25.3  32k   0.0
ep 1360000      8025s  mean    171831  max   386972  V    112692  |d|     357    903k mv/s  1024 100.0  2048  98.7  4096  93.5  8192  78.5  16k  25.4  32k   0.0
ep 1362000      8041s  mean    170889  max   386892  V    112627  |d|     358    903k mv/s  1024  99.8  2048  98.7  4096  94.0  8192  78.8  16k  24.0  32k   0.0
ep 1364000      8056s  mean    170035  max   392448  V    113051  |d|     356    903k mv/s  1024  99.9  2048  98.5  4096  93.5  8192  77.0  16k  24.2  32k   0.0
ep 1366000      8071s  mean    171708  max   483724  V    112825  |d|     359    903k mv/s  1024  99.8  2048  98.2  4096  93.7  8192  78.2  16k  25.4  32k   0.1
ep 1368000      8087s  mean    170849  max   411240  V    112907  |d|     356    903k mv/s  1024  99.8  2048  98.2  4096  93.7  8192  78.1  16k  24.3  32k   0.0
ep 1370000      8102s  mean    173499  max   507312  V    112863  |d|     357    903k mv/s  1024  99.8  2048  98.5  4096  93.3  8192  79.2  16k  25.6  32k   0.1
ep 1372000      8118s  mean    173991  max   387068  V    112923  |d|     357    903k mv/s  1024  99.8  2048  98.5  4096  93.4  8192  79.5  16k  25.1  32k   0.0
ep 1374000      8134s  mean    173567  max   387120  V    112928  |d|     359    903k mv/s  1024  99.8  2048  98.0  4096  93.5  8192  78.2  16k  25.9  32k   0.0
ep 1376000      8149s  mean    173813  max   387252  V    113171  |d|     358    903k mv/s  1024 100.0  2048  98.8  4096  93.7  8192  79.9  16k  25.6  32k   0.0
ep 1378000      8164s  mean    170488  max   377928  V    113414  |d|     358    903k mv/s  1024  99.7  2048  97.8  4096  92.6  8192  79.0  16k  24.1  32k   0.0
ep 1380000      8179s  mean    169315  max   387196  V    113992  |d|     352    903k mv/s  1024  99.8  2048  98.5  4096  93.7  8192  78.5  16k  23.3  32k   0.0
ep 1382000      8195s  mean    174145  max   387140  V    113279  |d|     357    903k mv/s  1024  99.9  2048  98.5  4096  93.6  8192  79.1  16k  26.7  32k   0.0
ep 1384000      8210s  mean    174516  max   386760  V    113546  |d|     358    903k mv/s  1024  99.8  2048  98.2  4096  94.0  8192  80.0  16k  25.8  32k   0.0
ep 1386000      8226s  mean    171923  max   410888  V    113793  |d|     354    903k mv/s  1024  99.9  2048  98.2  4096  92.8  8192  80.2  16k  24.1  32k   0.0
ep 1388000      8241s  mean    174958  max   387328  V    113722  |d|     354    903k mv/s  1024  99.9  2048  98.7  4096  93.7  8192  79.8  16k  25.9  32k   0.0
ep 1390000      8257s  mean    174413  max   389380  V    113853  |d|     356    903k mv/s  1024  99.8  2048  98.6  4096  93.8  8192  79.5  16k  25.3  32k   0.0
ep 1392000      8272s  mean    174370  max   389056  V    113942  |d|     355    903k mv/s  1024  99.6  2048  98.0  4096  93.5  8192  80.0  16k  25.5  32k   0.0
ep 1394000      8288s  mean    173181  max   386656  V    113986  |d|     357    903k mv/s  1024  99.9  2048  98.0  4096  93.3  8192  79.2  16k  24.6  32k   0.0
ep 1396000      8303s  mean    173029  max   386988  V    113930  |d|     359    903k mv/s  1024  99.7  2048  98.4  4096  93.5  8192  79.4  16k  24.9  32k   0.0
ep 1398000      8319s  mean    172498  max   384568  V    114201  |d|     355    903k mv/s  1024  99.8  2048  98.0  4096  93.0  8192  78.6  16k  24.6  32k   0.0
ep 1400000      8334s  mean    170777  max   384580  V    114245  |d|     359    903k mv/s  1024  99.8  2048  97.8  4096  93.2  8192  78.2  16k  24.2  32k   0.0
ep 1402000      8349s  mean    170094  max   385996  V    114470  |d|     358    903k mv/s  1024  99.8  2048  98.5  4096  93.5  8192  79.0  16k  22.1  32k   0.0
ep 1404000      8365s  mean    177433  max   386872  V    114100  |d|     359    903k mv/s  1024  99.7  2048  98.3  4096  94.4  8192  81.0  16k  26.6  32k   0.0
ep 1406000      8381s  mean    176209  max   387592  V    114263  |d|     358    903k mv/s  1024  99.7  2048  98.8  4096  94.3  8192  80.5  16k  26.2  32k   0.0
ep 1408000      8397s  mean    173506  max   386708  V    114719  |d|     355    903k mv/s  1024  99.8  2048  98.5  4096  94.1  8192  81.0  16k  23.3  32k   0.0
checkpoint -> runs/phase1.bin (ep 1409497)
ep 1410000      8412s  mean    172363  max   386228  V    114381  |d|     360    903k mv/s  1024  99.8  2048  98.6  4096  93.5  8192  79.8  16k  23.8  32k   0.0
ep 1412000      8428s  mean    170768  max   385244  V    114919  |d|     357    903k mv/s  1024  99.9  2048  98.8  4096  93.7  8192  79.5  16k  23.6  32k   0.0
ep 1414000      8443s  mean    169623  max   387440  V    115093  |d|     355    903k mv/s  1024  99.8  2048  98.2  4096  94.0  8192  79.2  16k  22.1  32k   0.0
ep 1416000      8458s  mean    171344  max   387152  V    114921  |d|     358    903k mv/s  1024  99.8  2048  98.6  4096  93.5  8192  80.0  16k  22.6  32k   0.0
ep 1418000      8474s  mean    171464  max   378360  V    114925  |d|     357    903k mv/s  1024  99.9  2048  98.8  4096  93.6  8192  79.8  16k  22.5  32k   0.0
ep 1420000      8489s  mean    168517  max   522128  V    115027  |d|     360    903k mv/s  1024  99.9  2048  98.3  4096  93.0  8192  78.8  16k  21.8  32k   0.1
ep 1422000      8504s  mean    167781  max   386612  V    115189  |d|     359    903k mv/s  1024  99.8  2048  98.3  4096  93.2  8192  78.2  16k  21.4  32k   0.0
ep 1424000      8519s  mean    165229  max   385308  V    115483  |d|     360    903k mv/s  1024  99.7  2048  98.3  4096  93.5  8192  78.5  16k  19.4  32k   0.0
ep 1426000      8535s  mean    168268  max   409196  V    115333  |d|     359    903k mv/s  1024  99.8  2048  98.3  4096  94.0  8192  79.7  16k  20.8  32k   0.0
ep 1428000      8550s  mean    165946  max   387084  V    115597  |d|     359    903k mv/s  1024  99.9  2048  98.5  4096  93.8  8192  77.2  16k  21.2  32k   0.0
ep 1430000      8565s  mean    169464  max   386948  V    115495  |d|     360    903k mv/s  1024 100.0  2048  98.7  4096  94.0  8192  79.6  16k  21.2  32k   0.0
ep 1432000      8580s  mean    166100  max   386476  V    115606  |d|     358    903k mv/s  1024  99.8  2048  98.4  4096  92.5  8192  79.5  16k  19.9  32k   0.0
ep 1434000      8595s  mean    168403  max   386952  V    115609  |d|     359    903k mv/s  1024  99.9  2048  98.4  4096  93.4  8192  80.0  16k  20.9  32k   0.0
ep 1436000      8611s  mean    168016  max   386892  V    115881  |d|     356    903k mv/s  1024  99.8  2048  99.0  4096  95.2  8192  79.8  16k  19.9  32k   0.0
ep 1438000      8626s  mean    165601  max   386440  V    116079  |d|     356    903k mv/s  1024  99.8  2048  98.8  4096  94.3  8192  78.8  16k  18.9  32k   0.0
ep 1440000      8641s  mean    169582  max   410732  V    115891  |d|     355    903k mv/s  1024  99.8  2048  98.5  4096  94.0  8192  80.8  16k  19.9  32k   0.0
ep 1442000      8656s  mean    165271  max   387156  V    116059  |d|     359    903k mv/s  1024  99.8  2048  98.3  4096  92.8  8192  79.0  16k  18.6  32k   0.0
ep 1444000      8671s  mean    164347  max   387004  V    116200  |d|     355    903k mv/s  1024  99.9  2048  98.5  4096  92.5  8192  79.2  16k  17.4  32k   0.0
ep 1446000      8687s  mean    165901  max   489628  V    116378  |d|     353    903k mv/s  1024  99.7  2048  98.3  4096  93.8  8192  79.7  16k  18.6  32k   0.1
ep 1448000      8702s  mean    165470  max   387412  V    116156  |d|     359    903k mv/s  1024  99.8  2048  98.8  4096  93.8  8192  79.5  16k  19.1  32k   0.0
ep 1450000      8717s  mean    164281  max   386788  V    116628  |d|     354    903k mv/s  1024  99.8  2048  98.5  4096  93.9  8192  80.0  16k  17.8  32k   0.0
ep 1452000      8732s  mean    168144  max   386340  V    116360  |d|     355    903k mv/s  1024  99.7  2048  98.8  4096  93.1  8192  80.2  16k  19.8  32k   0.0
ep 1454000      8747s  mean    165904  max   407892  V    116567  |d|     355    903k mv/s  1024  99.9  2048  98.5  4096  94.4  8192  79.3  16k  18.9  32k   0.0
ep 1456000      8762s  mean    166459  max   387236  V    116649  |d|     357    903k mv/s  1024  99.8  2048  98.7  4096  94.2  8192  80.2  16k  18.9  32k   0.0
ep 1458000      8778s  mean    165571  max   386880  V    116648  |d|     357    903k mv/s  1024  99.9  2048  98.8  4096  93.2  8192  79.8  16k  18.0  32k   0.0
ep 1460000      8793s  mean    167035  max   386988  V    116433  |d|     359    903k mv/s  1024  99.8  2048  98.5  4096  92.8  8192  79.0  16k  19.6  32k   0.0
ep 1462000      8808s  mean    165836  max   386200  V    116783  |d|     359    903k mv/s  1024 100.0  2048  98.4  4096  93.8  8192  78.8  16k  19.0  32k   0.0
ep 1464000      8823s  mean    166303  max   382308  V    116927  |d|     356    903k mv/s  1024  99.9  2048  98.1  4096  93.0  8192  79.3  16k  19.1  32k   0.0
ep 1466000      8838s  mean    168475  max   377544  V    117063  |d|     358    903k mv/s  1024  99.8  2048  98.5  4096  93.7  8192  80.8  16k  20.1  32k   0.0
ep 1468000      8853s  mean    168243  max   386404  V    116716  |d|     359    903k mv/s  1024  99.8  2048  98.3  4096  93.5  8192  79.0  16k  21.0  32k   0.0
ep 1470000      8868s  mean    169195  max   410732  V    116656  |d|     358    903k mv/s  1024 100.0  2048  98.7  4096  93.0  8192  79.8  16k  21.1  32k   0.0
ep 1472000      8883s  mean    166567  max   384600  V    116929  |d|     358    903k mv/s  1024  99.8  2048  98.1  4096  92.5  8192  79.2  16k  19.3  32k   0.0
ep 1474000      8899s  mean    169027  max   387392  V    116848  |d|     358    903k mv/s  1024  99.9  2048  98.6  4096  93.2  8192  79.7  16k  21.1  32k   0.0
ep 1476000      8914s  mean    166848  max   387112  V    117157  |d|     357    903k mv/s  1024  99.9  2048  98.5  4096  93.2  8192  80.0  16k  19.8  32k   0.0
ep 1478000      8930s  mean    169299  max   387428  V    116900  |d|     361    903k mv/s  1024 100.0  2048  98.8  4096  95.0  8192  80.7  16k  20.1  32k   0.0
ep 1480000      8945s  mean    167746  max   532416  V    117335  |d|     356    903k mv/s  1024  99.8  2048  98.5  4096  93.8  8192  81.0  16k  18.9  32k   0.1
ep 1482000      8960s  mean    170880  max   386936  V    116965  |d|     358    903k mv/s  1024  99.8  2048  98.5  4096  94.0  8192  81.5  16k  21.6  32k   0.0
ep 1484000      8976s  mean    169674  max   413884  V    117092  |d|     357    903k mv/s  1024  99.7  2048  98.1  4096  93.5  8192  81.0  16k  19.9  32k   0.0
ep 1486000      8991s  mean    166625  max   388648  V    117445  |d|     359    903k mv/s  1024  99.8  2048  98.2  4096  93.0  8192  79.1  16k  19.8  32k   0.0
ep 1488000      9007s  mean    171613  max   387040  V    117139  |d|     360    903k mv/s  1024  99.8  2048  98.6  4096  94.2  8192  80.2  16k  22.1  32k   0.0
ep 1490000      9023s  mean    172419  max   386156  V    117445  |d|     356    903k mv/s  1024 100.0  2048  98.5  4096  94.5  8192  80.7  16k  22.8  32k   0.0
ep 1492000      9038s  mean    175186  max   389064  V    117203  |d|     359    903k mv/s  1024  99.8  2048  98.6  4096  94.8  8192  81.2  16k  23.8  32k   0.0
ep 1494000      9054s  mean    170943  max   386836  V    117564  |d|     359    903k mv/s  1024  99.5  2048  98.3  4096  93.2  8192  79.8  16k  22.2  32k   0.0
ep 1496000      9069s  mean    166458  max   387080  V    117891  |d|     359    903k mv/s  1024  99.9  2048  98.7  4096  93.4  8192  77.7  16k  20.0  32k   0.0
ep 1498000      9085s  mean    174877  max   387708  V    117535  |d|     357    903k mv/s  1024  99.8  2048  98.3  4096  94.7  8192  81.5  16k  24.1  32k   0.0
ep 1500000      9100s  mean    167643  max   387360  V    117899  |d|     357    903k mv/s  1024  99.8  2048  98.0  4096  92.8  8192  78.8  16k  21.0  32k   0.0
ep 1502000      9116s  mean    172239  max   387224  V    117861  |d|     355    902k mv/s  1024  99.8  2048  98.2  4096  93.8  8192  79.3  16k  23.4  32k   0.0
ep 1504000      9132s  mean    173778  max   378320  V    117846  |d|     357    903k mv/s  1024  99.9  2048  98.8  4096  94.5  8192  80.0  16k  23.7  32k   0.0
ep 1506000      9147s  mean    171864  max   387020  V    117797  |d|     358    902k mv/s  1024  99.8  2048  98.5  4096  93.5  8192  79.7  16k  23.2  32k   0.0
ep 1508000      9163s  mean    176044  max   502540  V    117610  |d|     361    902k mv/s  1024  99.8  2048  98.7  4096  94.4  8192  80.7  16k  25.2  32k   0.1
ep 1510000      9179s  mean    172594  max   387004  V    117940  |d|     358    902k mv/s  1024  99.8  2048  98.5  4096  94.4  8192  79.7  16k  23.8  32k   0.0
ep 1512000      9194s  mean    173811  max   388656  V    118016  |d|     359    902k mv/s  1024  99.9  2048  98.8  4096  94.8  8192  79.8  16k  24.6  32k   0.0
ep 1514000      9210s  mean    173977  max   402248  V    118188  |d|     358    902k mv/s  1024  99.8  2048  98.8  4096  94.1  8192  81.0  16k  23.4  32k   0.0
ep 1516000      9226s  mean    175680  max   386472  V    118379  |d|     355    902k mv/s  1024  99.7  2048  98.6  4096  93.7  8192  80.8  16k  25.8  32k   0.0
ep 1518000      9241s  mean    175727  max   515492  V    118011  |d|     359    903k mv/s  1024 100.0  2048  98.7  4096  93.5  8192  80.3  16k  25.1  32k   0.1
ep 1520000      9257s  mean    173937  max   388488  V    118409  |d|     357    903k mv/s  1024  99.8  2048  98.2  4096  93.2  8192  80.3  16k  24.9  32k   0.0
ep 1522000      9272s  mean    176873  max   387300  V    118276  |d|     359    903k mv/s  1024 100.0  2048  98.5  4096  94.0  8192  80.8  16k  26.2  32k   0.0
ep 1524000      9288s  mean    174325  max   387236  V    118517  |d|     359    903k mv/s  1024  99.8  2048  98.6  4096  94.7  8192  80.2  16k  24.6  32k   0.0
ep 1526000      9303s  mean    172429  max   386816  V    118554  |d|     361    903k mv/s  1024  99.6  2048  98.3  4096  94.1  8192  79.0  16k  24.8  32k   0.0
ep 1528000      9319s  mean    177359  max   505672  V    118550  |d|     355    903k mv/s  1024 100.0  2048  99.0  4096  94.5  8192  81.8  16k  25.4  32k   0.1
ep 1530000      9335s  mean    175957  max   385736  V    118731  |d|     358    903k mv/s  1024  99.8  2048  98.2  4096  93.7  8192  80.5  16k  25.7  32k   0.0
ep 1532000      9351s  mean    173793  max   388612  V    118653  |d|     357    903k mv/s  1024  99.8  2048  99.0  4096  93.2  8192  79.8  16k  24.4  32k   0.0
ep 1534000      9367s  mean    174076  max   385384  V    118735  |d|     358    903k mv/s  1024  99.9  2048  98.5  4096  93.2  8192  78.8  16k  25.9  32k   0.0
ep 1536000      9383s  mean    175163  max   386404  V    119020  |d|     354    902k mv/s  1024  99.9  2048  98.8  4096  94.0  8192  80.4  16k  24.6  32k   0.0
ep 1538000      9399s  mean    177617  max   387248  V    118850  |d|     356    902k mv/s  1024 100.0  2048  98.8  4096  94.8  8192  81.5  16k  25.6  32k   0.0
ep 1540000      9414s  mean    171647  max   387096  V    119146  |d|     360    902k mv/s  1024  99.8  2048  98.5  4096  92.5  8192  78.8  16k  24.4  32k   0.0
ep 1542000      9430s  mean    172533  max   387180  V    119150  |d|     358    902k mv/s  1024 100.0  2048  98.5  4096  93.5  8192  79.2  16k  24.4  32k   0.0
ep 1544000      9445s  mean    173672  max   387084  V    119243  |d|     359    902k mv/s  1024  99.8  2048  98.4  4096  94.0  8192  80.2  16k  24.4  32k   0.0
ep 1546000      9461s  mean    175810  max   387384  V    119296  |d|     360    902k mv/s  1024  99.7  2048  98.5  4096  94.0  8192  80.8  16k  25.1  32k   0.0
ep 1548000      9477s  mean    171616  max   386816  V    119331  |d|     361    902k mv/s  1024  99.9  2048  98.5  4096  93.7  8192  79.9  16k  22.8  32k   0.0
ep 1550000      9492s  mean    174125  max   411600  V    119589  |d|     359    902k mv/s  1024  99.9  2048  98.5  4096  93.8  8192  80.8  16k  23.4  32k   0.0
ep 1552000      9508s  mean    177922  max   513424  V    119299  |d|     358    902k mv/s  1024 100.0  2048  98.8  4096  94.2  8192  81.3  16k  25.8  32k   0.1
ep 1554000      9524s  mean    174497  max   386312  V    119558  |d|     355    902k mv/s  1024  99.8  2048  98.5  4096  92.7  8192  79.8  16k  24.1  32k   0.0
ep 1556000      9539s  mean    176586  max   385396  V    119330  |d|     360    902k mv/s  1024  99.8  2048  98.7  4096  94.5  8192  81.1  16k  24.9  32k   0.0
ep 1558000      9555s  mean    171966  max   387128  V    119812  |d|     358    902k mv/s  1024  99.8  2048  98.3  4096  93.5  8192  80.0  16k  22.8  32k   0.0
ep 1560000      9570s  mean    172897  max   384492  V    119873  |d|     359    903k mv/s  1024  99.9  2048  98.4  4096  93.7  8192  80.8  16k  24.1  32k   0.0
ep 1562000      9586s  mean    176131  max   387380  V    119703  |d|     359    903k mv/s  1024  99.8  2048  98.6  4096  93.7  8192  81.2  16k  25.3  32k   0.0
ep 1564000      9602s  mean    172768  max   386908  V    119844  |d|     358    903k mv/s  1024  99.8  2048  98.2  4096  93.3  8192  79.7  16k  23.5  32k   0.0
checkpoint -> runs/phase1.bin (ep 1565137)
ep 1566000      9616s  mean    168655  max   386520  V    120332  |d|     357    903k mv/s  1024  99.8  2048  98.2  4096  93.1  8192  79.0  16k  21.1  32k   0.0
ep 1568000      9631s  mean    171178  max   386960  V    120078  |d|     361    903k mv/s  1024  99.8  2048  98.9  4096  94.3  8192  80.8  16k  21.0  32k   0.0
ep 1570000      9646s  mean    171250  max   385380  V    120180  |d|     360    903k mv/s  1024  99.9  2048  98.9  4096  93.8  8192  80.0  16k  22.4  32k   0.0
ep 1572000      9662s  mean    173207  max   407136  V    120169  |d|     359    903k mv/s  1024  99.9  2048  99.0  4096  94.5  8192  80.5  16k  22.9  32k   0.0
ep 1574000      9678s  mean    169922  max   387316  V    120357  |d|     359    903k mv/s  1024  99.8  2048  98.0  4096  92.9  8192  78.6  16k  22.6  32k   0.0
ep 1576000      9693s  mean    174014  max   386984  V    120204  |d|     363    903k mv/s  1024  99.8  2048  98.9  4096  94.3  8192  80.8  16k  24.1  32k   0.0
ep 1578000      9709s  mean    173575  max   387072  V    120625  |d|     357    903k mv/s  1024  99.8  2048  98.8  4096  94.9  8192  83.0  16k  21.6  32k   0.0
ep 1580000      9724s  mean    171882  max   387132  V    120218  |d|     362    903k mv/s  1024  99.7  2048  98.2  4096  93.0  8192  79.7  16k  22.9  32k   0.0
ep 1582000      9740s  mean    174841  max   386492  V    120247  |d|     360    903k mv/s  1024  99.8  2048  98.7  4096  94.7  8192  81.0  16k  24.1  32k   0.0
ep 1584000      9755s  mean    172465  max   386760  V    120717  |d|     359    903k mv/s  1024 100.0  2048  99.1  4096  94.2  8192  80.7  16k  22.9  32k   0.0
ep 1586000      9771s  mean    174709  max   387564  V    120655  |d|     357    903k mv/s  1024  99.9  2048  98.4  4096  94.0  8192  81.7  16k  23.2  32k   0.0
ep 1588000      9787s  mean    174127  max   386088  V    120543  |d|     360    903k mv/s  1024  99.8  2048  98.7  4096  94.6  8192  81.3  16k  23.4  32k   0.0
ep 1590000      9802s  mean    172111  max   387356  V    120915  |d|     358    903k mv/s  1024  99.8  2048  98.2  4096  94.0  8192  80.4  16k  22.5  32k   0.0
ep 1592000      9818s  mean    172918  max   387104  V    120853  |d|     357    903k mv/s  1024  99.9  2048  98.7  4096  94.0  8192  80.0  16k  23.2  32k   0.0
ep 1594000      9833s  mean    174287  max   387160  V    121167  |d|     355    903k mv/s  1024 100.0  2048  98.9  4096  94.7  8192  80.5  16k  23.5  32k   0.0
ep 1596000      9849s  mean    175310  max   489708  V    120964  |d|     356    903k mv/s  1024  99.7  2048  98.0  4096  94.3  8192  81.7  16k  23.6  32k   0.1
ep 1598000      9865s  mean    175280  max   386988  V    120842  |d|     360    903k mv/s  1024  99.9  2048  98.8  4096  93.6  8192  81.2  16k  24.2  32k   0.0
ep 1600000      9881s  mean    174843  max   411012  V    121198  |d|     356    903k mv/s  1024  99.8  2048  98.8  4096  94.5  8192  81.0  16k  24.3  32k   0.0
ep 1602000      9896s  mean    174191  max   387148  V    121092  |d|     359    903k mv/s  1024  99.9  2048  98.7  4096  93.7  8192  80.3  16k  24.1  32k   0.0
ep 1604000      9912s  mean    176087  max   451964  V    121000  |d|     361    903k mv/s  1024  99.8  2048  98.7  4096  94.7  8192  80.5  16k  25.1  32k   0.0
ep 1606000      9927s  mean    173617  max   383272  V    121503  |d|     357    903k mv/s  1024  99.8  2048  98.5  4096  94.0  8192  80.2  16k  23.6  32k   0.0
ep 1608000      9943s  mean    178293  max   388524  V    120954  |d|     360    903k mv/s  1024  99.7  2048  98.7  4096  94.2  8192  81.7  16k  26.2  32k   0.0
ep 1610000      9958s  mean    173631  max   387048  V    121347  |d|     359    903k mv/s  1024  99.8  2048  98.7  4096  93.4  8192  80.0  16k  23.6  32k   0.0
ep 1612000      9974s  mean    175012  max   385496  V    121696  |d|     357    903k mv/s  1024  99.8  2048  98.5  4096  94.4  8192  81.8  16k  23.6  32k   0.0
ep 1614000      9990s  mean    175221  max   387108  V    121348  |d|     359    903k mv/s  1024  99.8  2048  98.7  4096  94.7  8192  81.1  16k  23.9  32k   0.0
ep 1616000     10006s  mean    175725  max   422480  V    121582  |d|     356    903k mv/s  1024  99.8  2048  98.7  4096  94.1  8192  80.8  16k  24.7  32k   0.0
ep 1618000     10021s  mean    175586  max   385904  V    121815  |d|     359    903k mv/s  1024  99.8  2048  98.8  4096  94.7  8192  81.8  16k  24.0  32k   0.0
ep 1620000     10037s  mean    178667  max   386564  V    121280  |d|     359    903k mv/s  1024  99.8  2048  98.6  4096  94.7  8192  82.3  16k  25.8  32k   0.0
ep 1622000     10053s  mean    175514  max   386960  V    121777  |d|     360    903k mv/s  1024  99.8  2048  98.4  4096  94.5  8192  80.7  16k  24.6  32k   0.0
ep 1624000     10068s  mean    177207  max   386804  V    121630  |d|     361    903k mv/s  1024 100.0  2048  99.0  4096  94.8  8192  82.0  16k  24.2  32k   0.0
ep 1626000     10084s  mean    174432  max   390948  V    122128  |d|     359    903k mv/s  1024 100.0  2048  99.0  4096  94.5  8192  80.8  16k  23.4  32k   0.0
ep 1628000     10099s  mean    174584  max   389560  V    122145  |d|     357    903k mv/s  1024  99.9  2048  98.9  4096  94.7  8192  80.7  16k  23.8  32k   0.0
ep 1630000     10115s  mean    178184  max   387304  V    121883  |d|     356    903k mv/s  1024  99.8  2048  98.5  4096  94.2  8192  80.4  16k  26.4  32k   0.0
ep 1632000     10131s  mean    175174  max   478352  V    122022  |d|     358    903k mv/s  1024  99.9  2048  98.8  4096  94.5  8192  81.0  16k  23.5  32k   0.1
ep 1634000     10147s  mean    176816  max   385744  V    122091  |d|     356    903k mv/s  1024  99.8  2048  98.7  4096  93.7  8192  81.2  16k  25.1  32k   0.0
ep 1636000     10162s  mean    175340  max   385684  V    122144  |d|     359    903k mv/s  1024  99.8  2048  98.6  4096  93.8  8192  80.0  16k  24.6  32k   0.0
ep 1638000     10178s  mean    173704  max   487472  V    122532  |d|     358    903k mv/s  1024 100.0  2048  98.8  4096  95.0  8192  81.3  16k  23.4  32k   0.1
ep 1640000     10193s  mean    176153  max   499164  V    122702  |d|     357    903k mv/s  1024  99.6  2048  98.5  4096  95.4  8192  83.8  16k  23.4  32k   0.1
ep 1642000     10209s  mean    177988  max   387320  V    122293  |d|     359    903k mv/s  1024  99.7  2048  98.5  4096  94.4  8192  81.9  16k  25.8  32k   0.0
ep 1644000     10225s  mean    178571  max   485060  V    122471  |d|     355    903k mv/s  1024  99.8  2048  98.9  4096  94.5  8192  82.3  16k  25.2  32k   0.1
ep 1646000     10241s  mean    177219  max   386256  V    122360  |d|     361    903k mv/s  1024  99.8  2048  98.3  4096  94.3  8192  81.2  16k  26.1  32k   0.0
ep 1648000     10257s  mean    177734  max   386704  V    122668  |d|     357    903k mv/s  1024 100.0  2048  99.0  4096  95.0  8192  81.9  16k  24.8  32k   0.0
ep 1650000     10272s  mean    176146  max   388028  V    122636  |d|     358    903k mv/s  1024  99.8  2048  98.5  4096  93.8  8192  81.5  16k  24.8  32k   0.0
ep 1652000     10288s  mean    177677  max   399284  V    122752  |d|     358    903k mv/s  1024  99.8  2048  99.0  4096  94.6  8192  82.6  16k  24.8  32k   0.0
ep 1654000     10304s  mean    176616  max   387096  V    122979  |d|     356    903k mv/s  1024 100.0  2048  98.7  4096  94.2  8192  80.5  16k  24.7  32k   0.0
ep 1656000     10320s  mean    176115  max   516052  V    122715  |d|     360    903k mv/s  1024  99.8  2048  98.2  4096  94.2  8192  80.7  16k  25.1  32k   0.1
ep 1658000     10336s  mean    176319  max   386728  V    122961  |d|     359    903k mv/s  1024  99.8  2048  98.8  4096  94.7  8192  81.6  16k  23.9  32k   0.0
ep 1660000     10351s  mean    172525  max   514136  V    123461  |d|     359    903k mv/s  1024  99.8  2048  98.3  4096  94.0  8192  81.0  16k  22.8  32k   0.1
ep 1662000     10367s  mean    176844  max   388536  V    123144  |d|     358    903k mv/s  1024  99.9  2048  98.3  4096  93.8  8192  80.8  16k  25.9  32k   0.0
ep 1664000     10383s  mean    174096  max   386840  V    123351  |d|     358    903k mv/s  1024 100.0  2048  98.5  4096  94.2  8192  81.3  16k  23.4  32k   0.0
ep 1666000     10399s  mean    180972  max   388532  V    122759  |d|     361    903k mv/s  1024  99.8  2048  98.7  4096  94.2  8192  81.2  16k  28.2  32k   0.0
ep 1668000     10415s  mean    179241  max   387288  V    123005  |d|     360    903k mv/s  1024  99.9  2048  99.2  4096  94.8  8192  82.6  16k  24.8  32k   0.0
ep 1670000     10431s  mean    178551  max   387788  V    123349  |d|     357    903k mv/s  1024  99.9  2048  98.4  4096  94.2  8192  82.1  16k  25.7  32k   0.0
ep 1672000     10447s  mean    175761  max   386592  V    123815  |d|     355    903k mv/s  1024  99.9  2048  98.1  4096  93.6  8192  80.2  16k  24.9  32k   0.0
ep 1674000     10463s  mean    175971  max   386640  V    123617  |d|     358    903k mv/s  1024  99.8  2048  98.8  4096  94.8  8192  81.7  16k  24.4  32k   0.0
ep 1676000     10479s  mean    176566  max   387048  V    123135  |d|     361    903k mv/s  1024  99.9  2048  98.5  4096  93.5  8192  80.8  16k  24.9  32k   0.0
ep 1678000     10495s  mean    178760  max   387236  V    123480  |d|     358    903k mv/s  1024  99.9  2048  99.0  4096  93.7  8192  81.3  16k  26.1  32k   0.0
ep 1680000     10511s  mean    179747  max   387060  V    123575  |d|     358    903k mv/s  1024  99.8  2048  99.0  4096  94.8  8192  82.8  16k  26.0  32k   0.0
ep 1682000     10527s  mean    179272  max   421888  V    123717  |d|     357    903k mv/s  1024  99.8  2048  98.5  4096  95.0  8192  82.3  16k  26.0  32k   0.0
ep 1684000     10543s  mean    178173  max   488716  V    123818  |d|     357    903k mv/s  1024  99.9  2048  98.7  4096  94.5  8192  81.2  16k  25.9  32k   0.1
ep 1686000     10559s  mean    178412  max   388700  V    123974  |d|     355    903k mv/s  1024 100.0  2048  99.0  4096  95.5  8192  82.4  16k  25.3  32k   0.0
ep 1688000     10575s  mean    173926  max   439500  V    124089  |d|     362    903k mv/s  1024  99.9  2048  98.3  4096  93.0  8192  79.8  16k  24.6  32k   0.0
ep 1690000     10591s  mean    176039  max   387116  V    124077  |d|     362    903k mv/s  1024  99.9  2048  98.5  4096  93.8  8192  80.3  16k  25.4  32k   0.0
ep 1692000     10607s  mean    177227  max   387128  V    123924  |d|     361    903k mv/s  1024  99.8  2048  98.2  4096  92.9  8192  80.7  16k  26.1  32k   0.0
ep 1694000     10623s  mean    177251  max   389488  V    123968  |d|     363    903k mv/s  1024  99.7  2048  98.5  4096  94.3  8192  80.7  16k  25.8  32k   0.0
ep 1696000     10639s  mean    177107  max   407128  V    124101  |d|     359    903k mv/s  1024  99.9  2048  98.6  4096  94.2  8192  81.0  16k  25.0  32k   0.0
ep 1698000     10655s  mean    180244  max   387388  V    123860  |d|     363    903k mv/s  1024  99.7  2048  98.5  4096  94.5  8192  82.2  16k  27.1  32k   0.0
ep 1700000     10671s  mean    180810  max   387204  V    124035  |d|     358    903k mv/s  1024  99.9  2048  98.8  4096  94.3  8192  82.3  16k  27.4  32k   0.0
ep 1702000     10687s  mean    175996  max   489120  V    124447  |d|     357    903k mv/s  1024 100.0  2048  98.6  4096  93.3  8192  80.2  16k  25.6  32k   0.1
ep 1704000     10703s  mean    180076  max   411392  V    124152  |d|     361    903k mv/s  1024  99.9  2048  98.7  4096  94.2  8192  81.8  16k  26.8  32k   0.0
ep 1706000     10720s  mean    180040  max   387156  V    124247  |d|     359    903k mv/s  1024  99.9  2048  98.5  4096  94.4  8192  82.4  16k  26.7  32k   0.0
ep 1708000     10736s  mean    181634  max   456976  V    124320  |d|     360    903k mv/s  1024  99.7  2048  98.5  4096  94.6  8192  82.2  16k  27.5  32k   0.1
ep 1710000     10752s  mean    179517  max   387040  V    124645  |d|     359    903k mv/s  1024  99.9  2048  98.7  4096  94.3  8192  82.2  16k  26.6  32k   0.0
ep 1712000     10768s  mean    178691  max   410988  V    124828  |d|     356    903k mv/s  1024  99.8  2048  98.3  4096  94.0  8192  81.2  16k  26.4  32k   0.0
ep 1714000     10785s  mean    177719  max   385004  V    124520  |d|     362    903k mv/s  1024  99.8  2048  98.2  4096  93.2  8192  80.8  16k  26.9  32k   0.0
ep 1716000     10801s  mean    179955  max   386792  V    124559  |d|     361    903k mv/s  1024  99.8  2048  98.8  4096  94.6  8192  82.5  16k  26.4  32k   0.0
checkpoint -> runs/phase1.bin (ep 1717147)
ep 1718000     10817s  mean    181842  max   389112  V    124623  |d|     361    903k mv/s  1024  99.8  2048  98.6  4096  94.0  8192  82.2  16k  28.2  32k   0.0
ep 1720000     10834s  mean    181322  max   384800  V    124752  |d|     361    903k mv/s  1024  99.8  2048  98.9  4096  95.0  8192  82.8  16k  27.4  32k   0.0
ep 1722000     10851s  mean    181361  max   387128  V    124492  |d|     361    903k mv/s  1024  99.8  2048  98.6  4096  94.4  8192  81.1  16k  28.4  32k   0.0
ep 1724000     10867s  mean    178903  max   387388  V    124855  |d|     361    903k mv/s  1024  99.7  2048  98.7  4096  94.0  8192  81.8  16k  26.5  32k   0.0
ep 1726000     10883s  mean    178930  max   387108  V    125043  |d|     358    903k mv/s  1024  99.9  2048  98.8  4096  94.3  8192  81.3  16k  27.1  32k   0.0
ep 1728000     10899s  mean    180274  max   387512  V    125035  |d|     361    903k mv/s  1024  99.9  2048  98.5  4096  93.7  8192  81.8  16k  27.8  32k   0.0
ep 1730000     10915s  mean    178853  max   409212  V    125080  |d|     360    903k mv/s  1024  99.9  2048  98.5  4096  94.2  8192  82.0  16k  26.6  32k   0.0
ep 1732000     10932s  mean    182477  max   387332  V    125101  |d|     358    903k mv/s  1024  99.7  2048  98.3  4096  94.4  8192  82.2  16k  28.4  32k   0.0
ep 1734000     10948s  mean    179405  max   411220  V    125555  |d|     360    903k mv/s  1024  99.8  2048  98.8  4096  94.4  8192  81.3  16k  27.9  32k   0.0
ep 1736000     10964s  mean    181802  max   387276  V    125224  |d|     360    903k mv/s  1024  99.9  2048  98.6  4096  94.5  8192  82.3  16k  27.6  32k   0.0
ep 1738000     10980s  mean    179371  max   385540  V    125120  |d|     363    902k mv/s  1024 100.0  2048  98.7  4096  94.2  8192  80.9  16k  27.1  32k   0.0
ep 1740000     10997s  mean    181586  max   389104  V    125232  |d|     361    902k mv/s  1024  99.8  2048  98.4  4096  94.1  8192  81.2  16k  28.6  32k   0.0
ep 1742000     11013s  mean    179471  max   409376  V    125471  |d|     360    902k mv/s  1024  99.8  2048  98.5  4096  94.2  8192  81.0  16k  26.6  32k   0.0
ep 1744000     11029s  mean    178335  max   469644  V    125680  |d|     361    902k mv/s  1024  99.9  2048  98.9  4096  94.3  8192  79.5  16k  26.9  32k   0.1
ep 1746000     11045s  mean    178359  max   389400  V    125690  |d|     360    902k mv/s  1024  99.8  2048  98.5  4096  94.1  8192  80.4  16k  26.1  32k   0.0
ep 1748000     11062s  mean    179654  max   387212  V    125930  |d|     359    902k mv/s  1024  99.8  2048  99.0  4096  94.4  8192  81.9  16k  27.2  32k   0.0
ep 1750000     11078s  mean    179482  max   386716  V    125477  |d|     364    902k mv/s  1024 100.0  2048  98.6  4096  94.1  8192  81.3  16k  26.8  32k   0.0
ep 1752000     11094s  mean    179777  max   386404  V    125769  |d|     361    902k mv/s  1024  99.8  2048  99.0  4096  94.3  8192  81.5  16k  27.1  32k   0.0
ep 1754000     11110s  mean    180144  max   386656  V    126097  |d|     357    902k mv/s  1024 100.0  2048  98.1  4096  93.9  8192  81.5  16k  28.1  32k   0.0
ep 1756000     11127s  mean    183167  max   470516  V    125610  |d|     362    902k mv/s  1024 100.0  2048  98.5  4096  94.4  8192  81.0  16k  29.8  32k   0.1
ep 1758000     11143s  mean    182344  max   386644  V    125546  |d|     363    902k mv/s  1024  99.7  2048  98.2  4096  93.2  8192  81.0  16k  29.4  32k   0.0
ep 1760000     11160s  mean    182306  max   410276  V    125783  |d|     361    902k mv/s  1024  99.8  2048  98.7  4096  94.3  8192  80.9  16k  29.2  32k   0.0
ep 1762000     11176s  mean    179273  max   388672  V    126167  |d|     363    902k mv/s  1024  99.8  2048  98.8  4096  94.5  8192  80.7  16k  27.1  32k   0.0
ep 1764000     11192s  mean    181995  max   389348  V    126223  |d|     362    902k mv/s  1024  99.9  2048  98.3  4096  94.7  8192  82.2  16k  28.2  32k   0.0
ep 1766000     11209s  mean    184195  max   387072  V    125950  |d|     362    902k mv/s  1024  99.8  2048  98.9  4096  94.1  8192  82.5  16k  29.5  32k   0.0
ep 1768000     11225s  mean    182041  max   408932  V    126207  |d|     361    902k mv/s  1024 100.0  2048  99.2  4096  94.5  8192  82.7  16k  27.5  32k   0.0
ep 1770000     11242s  mean    178914  max   509692  V    126260  |d|     362    902k mv/s  1024  99.8  2048  98.0  4096  94.4  8192  80.6  16k  26.4  32k   0.1
ep 1772000     11258s  mean    179473  max   389096  V    126544  |d|     361    902k mv/s  1024  99.9  2048  98.8  4096  94.2  8192  80.0  16k  27.9  32k   0.0
ep 1774000     11274s  mean    181759  max   387312  V    126611  |d|     360    902k mv/s  1024  99.7  2048  98.8  4096  94.5  8192  81.7  16k  28.1  32k   0.0
ep 1776000     11290s  mean    180168  max   418124  V    126649  |d|     362    902k mv/s  1024  99.8  2048  98.5  4096  94.1  8192  81.9  16k  27.6  32k   0.0
ep 1778000     11307s  mean    182530  max   386660  V    126648  |d|     359    902k mv/s  1024  99.8  2048  98.9  4096  94.8  8192  83.5  16k  27.7  32k   0.0
ep 1780000     11323s  mean    181532  max   383884  V    126599  |d|     361    902k mv/s  1024  99.7  2048  98.7  4096  94.2  8192  82.0  16k  28.2  32k   0.0
ep 1782000     11340s  mean    182718  max   386960  V    126646  |d|     360    902k mv/s  1024  99.8  2048  98.7  4096  95.0  8192  82.3  16k  28.2  32k   0.0
ep 1784000     11356s  mean    181868  max   389048  V    126827  |d|     360    902k mv/s  1024 100.0  2048  98.9  4096  94.3  8192  82.1  16k  28.4  32k   0.0
ep 1786000     11372s  mean    177743  max   387052  V    126997  |d|     363    902k mv/s  1024  99.7  2048  98.2  4096  93.0  8192  80.7  16k  26.8  32k   0.0
ep 1788000     11388s  mean    182943  max   469964  V    126863  |d|     363    902k mv/s  1024  99.8  2048  98.7  4096  94.7  8192  82.3  16k  28.9  32k   0.1
ep 1790000     11405s  mean    182545  max   387348  V    126854  |d|     362    902k mv/s  1024 100.0  2048  98.8  4096  94.3  8192  81.4  16k  28.9  32k   0.0
ep 1792000     11421s  mean    183979  max   397788  V    126859  |d|     363    902k mv/s  1024  99.7  2048  98.7  4096  94.4  8192  83.1  16k  29.1  32k   0.0
ep 1794000     11438s  mean    181316  max   387096  V    127026  |d|     362    902k mv/s  1024  99.8  2048  98.5  4096  93.8  8192  81.8  16k  28.2  32k   0.0
ep 1796000     11455s  mean    187120  max   506276  V    126759  |d|     362    902k mv/s  1024  99.8  2048  98.7  4096  94.3  8192  82.1  16k  31.3  32k   0.1
ep 1798000     11471s  mean    184237  max   386840  V    126876  |d|     363    902k mv/s  1024  99.7  2048  98.2  4096  93.1  8192  81.9  16k  29.9  32k   0.0
ep 1800000     11488s  mean    182293  max   388488  V    127156  |d|     362    902k mv/s  1024  99.7  2048  98.5  4096  94.0  8192  82.0  16k  29.1  32k   0.0
ep 1802000     11504s  mean    184230  max   387272  V    127220  |d|     362    902k mv/s  1024  99.9  2048  98.5  4096  94.2  8192  82.2  16k  28.9  32k   0.0
ep 1804000     11521s  mean    183266  max   387060  V    127128  |d|     366    902k mv/s  1024  99.9  2048  98.8  4096  94.8  8192  82.0  16k  29.1  32k   0.0
ep 1806000     11538s  mean    184840  max   420500  V    127317  |d|     364    902k mv/s  1024  99.7  2048  99.0  4096  94.5  8192  83.5  16k  29.6  32k   0.0
ep 1808000     11554s  mean    183534  max   387092  V    127311  |d|     366    902k mv/s  1024  99.8  2048  98.5  4096  95.0  8192  83.3  16k  28.4  32k   0.0
ep 1810000     11571s  mean    183472  max   386428  V    127312  |d|     365    902k mv/s  1024  99.7  2048  98.5  4096  94.5  8192  80.5  16k  29.8  32k   0.0
ep 1812000     11587s  mean    187091  max   401960  V    127340  |d|     361    902k mv/s  1024  99.9  2048  98.3  4096  94.7  8192  82.3  16k  30.9  32k   0.0
ep 1814000     11604s  mean    184185  max   386564  V    127678  |d|     362    902k mv/s  1024  99.8  2048  98.6  4096  94.2  8192  81.8  16k  30.4  32k   0.0
ep 1816000     11620s  mean    182403  max   404896  V    127763  |d|     362    902k mv/s  1024  99.9  2048  98.7  4096  95.2  8192  81.5  16k  28.6  32k   0.0
ep 1818000     11637s  mean    183240  max   386588  V    127724  |d|     365    902k mv/s  1024  99.6  2048  98.1  4096  94.5  8192  82.5  16k  29.4  32k   0.0
ep 1820000     11653s  mean    181869  max   528836  V    127726  |d|     366    902k mv/s  1024  99.9  2048  98.8  4096  95.0  8192  81.0  16k  29.0  32k   0.1
ep 1822000     11670s  mean    185134  max   437756  V    127524  |d|     362    902k mv/s  1024  99.8  2048  98.8  4096  94.4  8192  82.7  16k  29.7  32k   0.0
ep 1824000     11686s  mean    186556  max   387200  V    127555  |d|     363    902k mv/s  1024 100.0  2048  98.9  4096  94.5  8192  82.7  16k  31.1  32k   0.0
ep 1826000     11702s  mean    182235  max   405304  V    128139  |d|     360    902k mv/s  1024  99.8  2048  98.8  4096  94.1  8192  80.8  16k  29.6  32k   0.0
ep 1828000     11719s  mean    185978  max   438068  V    128018  |d|     360    902k mv/s  1024  99.8  2048  98.5  4096  94.6  8192  81.6  16k  31.1  32k   0.0
ep 1830000     11735s  mean    180958  max   387012  V    128321  |d|     365    902k mv/s  1024  99.8  2048  98.4  4096  94.2  8192  81.7  16k  28.4  32k   0.0
ep 1832000     11751s  mean    185130  max   386956  V    128159  |d|     365    902k mv/s  1024  99.8  2048  98.5  4096  93.9  8192  82.2  16k  30.3  32k   0.0
ep 1834000     11768s  mean    185651  max   421312  V    127958  |d|     365    902k mv/s  1024  99.9  2048  98.6  4096  94.3  8192  81.9  16k  31.4  32k   0.0
ep 1836000     11785s  mean    187249  max   387364  V    127988  |d|     366    902k mv/s  1024  99.8  2048  98.7  4096  94.8  8192  82.9  16k  30.6  32k   0.0
ep 1838000     11801s  mean    186793  max   388652  V    128250  |d|     365    902k mv/s  1024  99.8  2048  98.4  4096  94.5  8192  82.3  16k  31.6  32k   0.0
ep 1840000     11818s  mean    184723  max   387236  V    128074  |d|     364    902k mv/s  1024  99.9  2048  98.7  4096  94.3  8192  81.7  16k  30.4  32k   0.0
ep 1842000     11834s  mean    185105  max   522332  V    128385  |d|     362    902k mv/s  1024 100.0  2048  98.5  4096  94.5  8192  82.0  16k  30.4  32k   0.1
ep 1844000     11852s  mean    186564  max   431584  V    128380  |d|     365    902k mv/s  1024  99.8  2048  99.1  4096  94.7  8192  82.5  16k  31.6  32k   0.0
ep 1846000     11868s  mean    186371  max   388676  V    128314  |d|     364    902k mv/s  1024  99.8  2048  98.9  4096  95.0  8192  82.8  16k  30.5  32k   0.0
ep 1848000     11885s  mean    185149  max   386880  V    128704  |d|     365    902k mv/s  1024  99.7  2048  98.6  4096  94.2  8192  82.5  16k  30.6  32k   0.0
ep 1850000     11901s  mean    185582  max   387112  V    128635  |d|     365    902k mv/s  1024  99.9  2048  98.4  4096  94.4  8192  82.7  16k  30.5  32k   0.0
ep 1852000     11918s  mean    187140  max   408176  V    128584  |d|     364    902k mv/s  1024 100.0  2048  99.1  4096  94.5  8192  83.2  16k  31.2  32k   0.0
ep 1854000     11934s  mean    184647  max   470720  V    128866  |d|     362    902k mv/s  1024  99.8  2048  98.3  4096  93.7  8192  81.8  16k  30.2  32k   0.1
ep 1856000     11951s  mean    186482  max   436884  V    128916  |d|     363    902k mv/s  1024  99.9  2048  98.9  4096  94.9  8192  81.7  16k  31.6  32k   0.0
ep 1858000     11968s  mean    186947  max   479652  V    128812  |d|     364    902k mv/s  1024 100.0  2048  98.6  4096  94.5  8192  82.7  16k  31.5  32k   0.1
ep 1860000     11985s  mean    189903  max   410752  V    128557  |d|     366    902k mv/s  1024  99.8  2048  99.0  4096  95.1  8192  82.7  16k  32.9  32k   0.0
ep 1862000     12002s  mean    188873  max   393184  V    128643  |d|     366    902k mv/s  1024  99.8  2048  99.0  4096  95.0  8192  84.0  16k  31.9  32k   0.0
checkpoint -> runs/phase1.bin (ep 1863173)
ep 1864000     12019s  mean    189876  max   386988  V    128897  |d|     366    902k mv/s  1024  99.8  2048  98.6  4096  94.6  8192  83.2  16k  33.5  32k   0.0
ep 1866000     12036s  mean    185749  max   387144  V    129066  |d|     363    902k mv/s  1024  99.8  2048  98.2  4096  93.8  8192  81.0  16k  32.0  32k   0.0
ep 1868000     12053s  mean    185207  max   490804  V    129322  |d|     363    902k mv/s  1024  99.8  2048  98.5  4096  94.3  8192  82.8  16k  30.6  32k   0.1
ep 1870000     12069s  mean    186279  max   411120  V    129523  |d|     361    902k mv/s  1024  99.8  2048  98.8  4096  94.2  8192  82.0  16k  30.9  32k   0.0
ep 1872000     12086s  mean    184461  max   387252  V    129524  |d|     364    902k mv/s  1024  99.8  2048  98.5  4096  94.5  8192  81.0  16k  30.5  32k   0.0
ep 1874000     12102s  mean    186279  max   513848  V    129243  |d|     368    902k mv/s  1024  99.8  2048  98.5  4096  93.6  8192  82.2  16k  30.9  32k   0.1
ep 1876000     12119s  mean    188789  max   387476  V    129333  |d|     365    902k mv/s  1024  99.9  2048  98.5  4096  95.3  8192  83.0  16k  32.1  32k   0.0
ep 1878000     12136s  mean    185686  max   507500  V    129372  |d|     366    902k mv/s  1024  99.7  2048  98.7  4096  94.1  8192  82.5  16k  30.4  32k   0.1
ep 1880000     12152s  mean    188566  max   419264  V    129328  |d|     367    902k mv/s  1024  99.9  2048  98.8  4096  94.5  8192  82.7  16k  32.7  32k   0.0
ep 1882000     12169s  mean    186714  max   407584  V    129738  |d|     362    902k mv/s  1024  99.7  2048  98.5  4096  94.1  8192  82.8  16k  30.7  32k   0.0
ep 1884000     12186s  mean    187809  max   477628  V    129581  |d|     366    902k mv/s  1024 100.0  2048  99.0  4096  95.1  8192  83.5  16k  31.2  32k   0.0
ep 1886000     12202s  mean    186061  max   387228  V    129873  |d|     364    902k mv/s  1024  99.8  2048  98.5  4096  94.5  8192  81.4  16k  31.1  32k   0.0
ep 1888000     12219s  mean    189638  max   387248  V    129818  |d|     361    902k mv/s  1024 100.0  2048  99.0  4096  95.6  8192  83.1  16k  32.2  32k   0.0
ep 1890000     12236s  mean    189382  max   389228  V    129721  |d|     368    902k mv/s  1024  99.9  2048  98.2  4096  93.9  8192  83.0  16k  33.6  32k   0.0
ep 1892000     12253s  mean    185867  max   484440  V    130089  |d|     362    902k mv/s  1024  99.8  2048  98.5  4096  94.3  8192  82.0  16k  30.4  32k   0.1
ep 1894000     12270s  mean    188807  max   387260  V    129998  |d|     365    902k mv/s  1024  99.9  2048  98.5  4096  94.5  8192  83.3  16k  32.4  32k   0.0
ep 1896000     12286s  mean    188274  max   386580  V    129910  |d|     366    902k mv/s  1024  99.8  2048  99.0  4096  95.2  8192  83.5  16k  31.8  32k   0.0
ep 1898000     12303s  mean    187197  max   387240  V    129972  |d|     365    902k mv/s  1024  99.9  2048  98.2  4096  94.8  8192  82.5  16k  31.7  32k   0.0
ep 1900000     12320s  mean    191460  max   387140  V    129879  |d|     364    902k mv/s  1024  99.9  2048  98.6  4096  94.5  8192  83.4  16k  33.5  32k   0.0
ep 1902000     12337s  mean    189412  max   422316  V    129947  |d|     367    902k mv/s  1024 100.0  2048  98.6  4096  94.0  8192  82.3  16k  33.8  32k   0.0
ep 1904000     12353s  mean    189242  max   387344  V    130442  |d|     362    902k mv/s  1024  99.9  2048  98.7  4096  94.8  8192  83.7  16k  32.5  32k   0.0
ep 1906000     12370s  mean    185595  max   410948  V    130377  |d|     366    902k mv/s  1024  99.7  2048  98.3  4096  94.3  8192  82.0  16k  30.6  32k   0.0
ep 1908000     12387s  mean    187772  max   405652  V    130387  |d|     363    902k mv/s  1024  99.8  2048  98.7  4096  93.8  8192  82.5  16k  31.7  32k   0.0
ep 1910000     12404s  mean    187713  max   388312  V    130490  |d|     363    902k mv/s  1024  99.8  2048  98.8  4096  95.3  8192  83.0  16k  31.6  32k   0.0
ep 1912000     12420s  mean    189230  max   472868  V    130492  |d|     363    902k mv/s  1024  99.9  2048  98.9  4096  94.8  8192  83.5  16k  30.9  32k   0.1
ep 1914000     12438s  mean    190912  max   411216  V    130475  |d|     363    902k mv/s  1024  99.9  2048  99.1  4096  94.5  8192  84.0  16k  33.0  32k   0.0
ep 1916000     12454s  mean    186823  max   407288  V    130629  |d|     367    902k mv/s  1024  99.8  2048  98.9  4096  94.8  8192  82.8  16k  30.7  32k   0.0
ep 1918000     12471s  mean    190102  max   430856  V    130518  |d|     365    902k mv/s  1024  99.8  2048  98.5  4096  95.5  8192  82.9  16k  32.9  32k   0.0
ep 1920000     12488s  mean    187726  max   489516  V    130777  |d|     367    902k mv/s  1024  99.8  2048  99.0  4096  95.2  8192  82.3  16k  30.9  32k   0.1
ep 1922000     12505s  mean    191083  max   387344  V    130654  |d|     365    902k mv/s  1024  99.7  2048  98.1  4096  94.8  8192  83.2  16k  33.4  32k   0.0
ep 1924000     12522s  mean    192111  max   408924  V    130705  |d|     367    902k mv/s  1024  99.8  2048  99.0  4096  95.2  8192  83.8  16k  34.2  32k   0.0
ep 1926000     12539s  mean    185515  max   531348  V    131014  |d|     367    902k mv/s  1024  99.8  2048  98.5  4096  94.3  8192  82.7  16k  29.9  32k   0.1
ep 1928000     12556s  mean    189517  max   387124  V    130951  |d|     364    902k mv/s  1024  99.8  2048  98.3  4096  94.5  8192  83.7  16k  32.9  32k   0.0
ep 1930000     12573s  mean    189812  max   498092  V    130946  |d|     365    902k mv/s  1024 100.0  2048  98.5  4096  94.5  8192  83.1  16k  31.9  32k   0.0
ep 1932000     12590s  mean    187643  max   480020  V    131197  |d|     367    902k mv/s  1024  99.8  2048  99.1  4096  94.9  8192  82.7  16k  30.9  32k   0.1
ep 1934000     12607s  mean    190142  max   387528  V    131085  |d|     367    902k mv/s  1024  99.9  2048  98.7  4096  94.0  8192  82.8  16k  33.5  32k   0.0
ep 1936000     12623s  mean    187106  max   385096  V    131251  |d|     368    902k mv/s  1024  99.9  2048  98.5  4096  94.2  8192  82.4  16k  31.4  32k   0.0
ep 1938000     12640s  mean    187869  max   387312  V    131494  |d|     368    902k mv/s  1024  99.8  2048  99.0  4096  96.0  8192  83.4  16k  30.9  32k   0.0
ep 1940000     12657s  mean    189235  max   387424  V    131246  |d|     367    902k mv/s  1024 100.0  2048  98.7  4096  94.2  8192  83.2  16k  32.4  32k   0.0
ep 1942000     12674s  mean    191444  max   436844  V    130979  |d|     366    902k mv/s  1024  99.8  2048  98.3  4096  94.0  8192  82.0  16k  34.2  32k   0.0
ep 1944000     12691s  mean    188846  max   408788  V    131474  |d|     367    902k mv/s  1024  99.7  2048  98.5  4096  94.0  8192  82.0  16k  33.1  32k   0.0
ep 1946000     12708s  mean    189383  max   467652  V    131567  |d|     368    902k mv/s  1024  99.8  2048  98.8  4096  95.3  8192  83.2  16k  31.4  32k   0.1
ep 1948000     12724s  mean    186831  max   409820  V    131610  |d|     369    902k mv/s  1024  99.8  2048  98.7  4096  94.2  8192  81.7  16k  31.9  32k   0.0
ep 1950000     12741s  mean    188923  max   408948  V    131652  |d|     366    902k mv/s  1024  99.8  2048  98.7  4096  94.8  8192  83.6  16k  31.6  32k   0.0
ep 1952000     12758s  mean    190953  max   386800  V    131548  |d|     368    902k mv/s  1024 100.0  2048  98.8  4096  95.5  8192  84.0  16k  33.1  32k   0.0
ep 1954000     12775s  mean    188110  max   387092  V    131668  |d|     369    902k mv/s  1024  99.8  2048  98.2  4096  94.1  8192  82.0  16k  32.7  32k   0.0
ep 1956000     12793s  mean    193852  max   407636  V    131538  |d|     367    902k mv/s  1024 100.0  2048  98.7  4096  95.0  8192  84.0  16k  34.1  32k   0.0
ep 1958000     12810s  mean    188752  max   387660  V    132172  |d|     364    902k mv/s  1024 100.0  2048  98.5  4096  94.1  8192  82.5  16k  32.5  32k   0.0
ep 1960000     12827s  mean    188585  max   407576  V    132077  |d|     368    902k mv/s  1024 100.0  2048  99.0  4096  95.0  8192  83.4  16k  33.0  32k   0.0
ep 1962000     12844s  mean    187357  max   387164  V    132325  |d|     367    902k mv/s  1024  99.8  2048  98.2  4096  93.7  8192  82.6  16k  32.0  32k   0.0
ep 1964000     12861s  mean    188245  max   387900  V    132065  |d|     368    902k mv/s  1024  99.9  2048  98.5  4096  94.8  8192  83.9  16k  31.2  32k   0.0
ep 1966000     12878s  mean    190664  max   528552  V    131941  |d|     370    902k mv/s  1024  99.9  2048  99.0  4096  95.0  8192  82.7  16k  33.3  32k   0.1
ep 1968000     12894s  mean    188088  max   386880  V    132156  |d|     369    902k mv/s  1024  99.8  2048  98.7  4096  94.3  8192  82.0  16k  32.6  32k   0.0
ep 1970000     12911s  mean    193087  max   387456  V    131926  |d|     370    902k mv/s  1024  99.8  2048  98.5  4096  95.2  8192  83.5  16k  35.3  32k   0.0
ep 1972000     12928s  mean    186696  max   386628  V    132326  |d|     370    902k mv/s  1024  99.8  2048  98.7  4096  94.5  8192  82.1  16k  31.2  32k   0.0
ep 1974000     12945s  mean    187544  max   409616  V    132378  |d|     368    902k mv/s  1024  99.8  2048  98.2  4096  93.0  8192  82.2  16k  31.9  32k   0.0
ep 1976000     12962s  mean    191369  max   406292  V    132313  |d|     367    902k mv/s  1024 100.0  2048  98.4  4096  94.7  8192  83.0  16k  33.7  32k   0.0
ep 1978000     12979s  mean    191594  max   387036  V    132275  |d|     369    902k mv/s  1024  99.8  2048  98.9  4096  95.5  8192  84.2  16k  32.4  32k   0.0
ep 1980000     12996s  mean    191465  max   435512  V    132576  |d|     367    902k mv/s  1024  99.8  2048  98.9  4096  95.8  8192  84.0  16k  32.5  32k   0.0
ep 1982000     13013s  mean    192395  max   486524  V    132475  |d|     367    902k mv/s  1024 100.0  2048  98.9  4096  95.2  8192  83.5  16k  34.0  32k   0.1
ep 1984000     13030s  mean    190056  max   387632  V    132729  |d|     368    902k mv/s  1024  99.8  2048  98.8  4096  95.0  8192  82.5  16k  33.3  32k   0.0
ep 1986000     13047s  mean    190386  max   410956  V    132722  |d|     369    902k mv/s  1024 100.0  2048  98.5  4096  94.5  8192  83.6  16k  33.1  32k   0.0
ep 1988000     13064s  mean    189751  max   387428  V    132726  |d|     369    902k mv/s  1024  99.8  2048  98.5  4096  94.8  8192  83.2  16k  31.8  32k   0.0
ep 1990000     13081s  mean    190973  max   409040  V    132949  |d|     363    902k mv/s  1024  99.9  2048  98.5  4096  94.2  8192  84.2  16k  32.6  32k   0.0
ep 1992000     13098s  mean    190171  max   398272  V    132898  |d|     368    902k mv/s  1024  99.9  2048  98.6  4096  94.1  8192  82.8  16k  32.9  32k   0.0
ep 1994000     13115s  mean    184853  max   436896  V    133522  |d|     366    902k mv/s  1024  99.8  2048  98.8  4096  94.0  8192  82.0  16k  30.0  32k   0.0
ep 1996000     13132s  mean    191481  max   402544  V    133047  |d|     368    902k mv/s  1024  99.8  2048  98.3  4096  94.8  8192  84.6  16k  33.4  32k   0.0
ep 1998000     13149s  mean    191241  max   386904  V    133187  |d|     368    902k mv/s  1024  99.8  2048  98.8  4096  95.5  8192  83.2  16k  33.0  32k   0.0
ep 2000000     13166s  mean    189475  max   420400  V    133105  |d|     371    902k mv/s  1024  99.8  2048  98.7  4096  95.0  8192  83.3  16k  31.2  32k   0.0
rescaling TC accumulators at ep 2000169
ep 2002000     13183s  mean    191711  max   387652  V    133038  |d|     373    902k mv/s  1024  99.9  2048  98.9  4096  95.5  8192  83.2  16k  33.6  32k   0.0
ep 2004000     13200s  mean    191551  max   430532  V    132973  |d|     371    902k mv/s  1024  99.9  2048  98.5  4096  94.5  8192  83.2  16k  33.1  32k   0.0
checkpoint -> runs/phase1.bin (ep 2005383)
ep 2006000     13217s  mean    193170  max   485676  V    133129  |d|     368    902k mv/s  1024  99.9  2048  98.7  4096  95.0  8192  83.6  16k  34.1  32k   0.1
ep 2008000     13234s  mean    194339  max   409584  V    133246  |d|     367    902k mv/s  1024 100.0  2048  98.5  4096  95.0  8192  83.7  16k  34.8  32k   0.0
ep 2010000     13251s  mean    185474  max   411208  V    133842  |d|     369    901k mv/s  1024  99.8  2048  98.7  4096  94.5  8192  82.3  16k  30.8  32k   0.0
ep 2012000     13268s  mean    190291  max   387284  V    133673  |d|     366    901k mv/s  1024  99.8  2048  98.5  4096  95.3  8192  83.2  16k  32.4  32k   0.0
ep 2014000     13285s  mean    191667  max   389316  V    133200  |d|     372    901k mv/s  1024 100.0  2048  98.7  4096  94.7  8192  82.2  16k  34.2  32k   0.0
ep 2016000     13303s  mean    192828  max   387732  V    133500  |d|     370    901k mv/s  1024  99.7  2048  98.5  4096  95.1  8192  84.5  16k  33.8  32k   0.0
ep 2018000     13320s  mean    192066  max   387012  V    133754  |d|     369    901k mv/s  1024  99.8  2048  98.7  4096  94.7  8192  83.5  16k  33.3  32k   0.0
ep 2020000     13337s  mean    193765  max   386472  V    133682  |d|     365    901k mv/s  1024 100.0  2048  98.8  4096  95.3  8192  83.3  16k  34.0  32k   0.0
ep 2022000     13355s  mean    194733  max   411232  V    133732  |d|     367    901k mv/s  1024  99.8  2048  98.3  4096  95.3  8192  84.5  16k  34.2  32k   0.0
ep 2024000     13372s  mean    192654  max   389588  V    133689  |d|     368    901k mv/s  1024  99.8  2048  98.5  4096  93.6  8192  82.5  16k  34.1  32k   0.0
ep 2026000     13389s  mean    192489  max   387276  V    133850  |d|     369    901k mv/s  1024  99.8  2048  99.1  4096  95.4  8192  84.0  16k  33.4  32k   0.0
ep 2028000     13406s  mean    190786  max   389236  V    133927  |d|     370    901k mv/s  1024  99.7  2048  98.8  4096  94.2  8192  83.4  16k  32.9  32k   0.0
ep 2030000     13423s  mean    192376  max   387016  V    133886  |d|     367    901k mv/s  1024  99.9  2048  99.0  4096  94.8  8192  83.5  16k  33.4  32k   0.0
ep 2032000     13441s  mean    193382  max   386812  V    133830  |d|     371    901k mv/s  1024  99.9  2048  98.8  4096  95.1  8192  82.5  16k  35.0  32k   0.0
ep 2034000     13458s  mean    189959  max   464072  V    133972  |d|     370    901k mv/s  1024  99.8  2048  98.6  4096  94.4  8192  82.9  16k  32.1  32k   0.1
ep 2036000     13475s  mean    191519  max   385484  V    133745  |d|     374    901k mv/s  1024  99.9  2048  98.5  4096  94.2  8192  82.8  16k  33.2  32k   0.0
ep 2038000     13492s  mean    193151  max   389228  V    134233  |d|     367    901k mv/s  1024  99.8  2048  98.7  4096  95.0  8192  84.2  16k  33.9  32k   0.0
ep 2040000     13509s  mean    194459  max   386788  V    133971  |d|     369    901k mv/s  1024  99.8  2048  98.8  4096  94.9  8192  84.0  16k  34.4  32k   0.0
ep 2042000     13526s  mean    191180  max   387300  V    134713  |d|     367    901k mv/s  1024  99.8  2048  98.4  4096  94.4  8192  83.0  16k  34.0  32k   0.0
ep 2044000     13543s  mean    194179  max   496172  V    134120  |d|     373    901k mv/s  1024  99.9  2048  98.8  4096  95.0  8192  83.0  16k  34.6  32k   0.1
ep 2046000     13560s  mean    190550  max   387340  V    134581  |d|     371    901k mv/s  1024  99.8  2048  98.9  4096  94.9  8192  83.2  16k  32.8  32k   0.0
ep 2048000     13577s  mean    192997  max   407160  V    134499  |d|     369    901k mv/s  1024  99.9  2048  98.3  4096  94.3  8192  83.0  16k  34.9  32k   0.0
ep 2050000     13594s  mean    189382  max   402540  V    134654  |d|     369    901k mv/s  1024  99.7  2048  98.5  4096  94.2  8192  82.8  16k  32.8  32k   0.0
ep 2052000     13611s  mean    188834  max   388236  V    135042  |d|     367    901k mv/s  1024  99.8  2048  98.4  4096  93.8  8192  82.0  16k  33.1  32k   0.0
ep 2054000     13629s  mean    193025  max   409644  V    134976  |d|     366    901k mv/s  1024  99.9  2048  98.8  4096  94.5  8192  83.8  16k  34.1  32k   0.0
ep 2056000     13646s  mean    192581  max   439724  V    134390  |d|     373    901k mv/s  1024  99.8  2048  98.2  4096  94.6  8192  82.6  16k  33.8  32k   0.0
ep 2058000     13663s  mean    193852  max   513496  V    134896  |d|     368    901k mv/s  1024  99.8  2048  98.4  4096  94.3  8192  83.2  16k  34.5  32k   0.1
ep 2060000     13680s  mean    194625  max   387268  V    134566  |d|     370    901k mv/s  1024 100.0  2048  98.3  4096  94.8  8192  83.5  16k  34.5  32k   0.0
ep 2062000     13697s  mean    194085  max   485600  V    135086  |d|     365    901k mv/s  1024  99.8  2048  98.5  4096  95.0  8192  83.8  16k  34.6  32k   0.1
ep 2064000     13715s  mean    193707  max   387216  V    134809  |d|     370    901k mv/s  1024 100.0  2048  99.0  4096  94.6  8192  83.3  16k  34.7  32k   0.0
ep 2066000     13732s  mean    193719  max   410828  V    134981  |d|     369    901k mv/s  1024  99.8  2048  98.5  4096  94.2  8192  83.0  16k  35.4  32k   0.0
ep 2068000     13749s  mean    192088  max   415856  V    135346  |d|     368    901k mv/s  1024  99.8  2048  98.8  4096  95.6  8192  83.1  16k  33.5  32k   0.0
ep 2070000     13766s  mean    191431  max   441304  V    135522  |d|     367    901k mv/s  1024  99.8  2048  98.5  4096  95.0  8192  83.3  16k  32.8  32k   0.0
ep 2072000     13783s  mean    193884  max   463368  V    135095  |d|     374    901k mv/s  1024  99.8  2048  98.9  4096  95.0  8192  83.2  16k  35.2  32k   0.1
ep 2074000     13801s  mean    192690  max   387492  V    135547  |d|     369    901k mv/s  1024  99.8  2048  98.6  4096  94.0  8192  83.5  16k  34.0  32k   0.0
ep 2076000     13818s  mean    191419  max   436204  V    135413  |d|     372    901k mv/s  1024 100.0  2048  98.5  4096  94.5  8192  83.1  16k  33.2  32k   0.0
ep 2078000     13835s  mean    194583  max   388520  V    135551  |d|     368    901k mv/s  1024  99.8  2048  98.5  4096  95.1  8192  83.5  16k  35.7  32k   0.0
ep 2080000     13852s  mean    195036  max   417932  V    135412  |d|     370    901k mv/s  1024  99.8  2048  98.4  4096  94.1  8192  83.7  16k  35.5  32k   0.0
ep 2082000     13869s  mean    195580  max   500432  V    135373  |d|     372    901k mv/s  1024  99.9  2048  98.7  4096  94.7  8192  83.7  16k  35.3  32k   0.1
ep 2084000     13887s  mean    192466  max   486064  V    135560  |d|     371    901k mv/s  1024 100.0  2048  98.8  4096  95.0  8192  82.4  16k  33.8  32k   0.1
ep 2086000     13903s  mean    190197  max   404816  V    135721  |d|     374    901k mv/s  1024  99.8  2048  98.6  4096  95.1  8192  83.1  16k  31.7  32k   0.0
ep 2088000     13921s  mean    195400  max   507980  V    135451  |d|     373    901k mv/s  1024 100.0  2048  99.0  4096  96.1  8192  84.0  16k  34.3  32k   0.1
ep 2090000     13938s  mean    194284  max   507968  V    135695  |d|     370    901k mv/s  1024  99.7  2048  98.4  4096  94.8  8192  84.8  16k  33.5  32k   0.1
ep 2092000     13955s  mean    194864  max   387236  V    135856  |d|     370    901k mv/s  1024 100.0  2048  98.8  4096  94.7  8192  83.0  16k  35.9  32k   0.0
ep 2094000     13973s  mean    196137  max   388992  V    135858  |d|     371    901k mv/s  1024  99.9  2048  99.2  4096  96.0  8192  84.5  16k  34.8  32k   0.0
ep 2096000     13990s  mean    192373  max   388584  V    136269  |d|     370    901k mv/s  1024  99.9  2048  98.5  4096  94.8  8192  82.5  16k  34.3  32k   0.0
ep 2098000     14007s  mean    190033  max   488896  V    136087  |d|     373    901k mv/s  1024  99.8  2048  98.7  4096  95.0  8192  83.2  16k  31.8  32k   0.1
ep 2100000     14024s  mean    196303  max   410800  V    135922  |d|     368    901k mv/s  1024 100.0  2048  98.6  4096  94.4  8192  84.2  16k  35.8  32k   0.0
ep 2102000     14041s  mean    193239  max   387628  V    136162  |d|     374    901k mv/s  1024  99.8  2048  98.3  4096  94.6  8192  82.9  16k  34.9  32k   0.0
ep 2104000     14058s  mean    196612  max   526252  V    136141  |d|     368    901k mv/s  1024  99.9  2048  99.1  4096  95.7  8192  84.2  16k  35.8  32k   0.1
ep 2106000     14076s  mean    193812  max   426796  V    136211  |d|     371    901k mv/s  1024  99.5  2048  98.5  4096  94.9  8192  83.7  16k  34.4  32k   0.0
ep 2108000     14093s  mean    194934  max   387404  V    136084  |d|     373    901k mv/s  1024  99.8  2048  98.8  4096  95.3  8192  83.8  16k  35.1  32k   0.0
ep 2110000     14110s  mean    196204  max   489152  V    136143  |d|     372    901k mv/s  1024  99.9  2048  98.5  4096  95.1  8192  84.8  16k  34.5  32k   0.1
ep 2112000     14127s  mean    193467  max   387332  V    136593  |d|     369    901k mv/s  1024  99.8  2048  98.0  4096  93.8  8192  83.5  16k  34.8  32k   0.0
ep 2114000     14144s  mean    196159  max   471900  V    136360  |d|     370    901k mv/s  1024  99.9  2048  98.7  4096  95.3  8192  83.6  16k  35.5  32k   0.1
ep 2116000     14162s  mean    196205  max   522772  V    136067  |d|     373    901k mv/s  1024  99.7  2048  99.1  4096  95.5  8192  84.3  16k  34.9  32k   0.1
ep 2118000     14179s  mean    197844  max   387452  V    136402  |d|     374    901k mv/s  1024  99.9  2048  98.8  4096  94.9  8192  84.4  16k  36.4  32k   0.0
ep 2120000     14197s  mean    196793  max   387124  V    136582  |d|     372    901k mv/s  1024  99.9  2048  98.6  4096  95.0  8192  84.5  16k  35.6  32k   0.0
ep 2122000     14214s  mean    195592  max   510028  V    136775  |d|     370    901k mv/s  1024  99.8  2048  98.7  4096  95.0  8192  84.2  16k  35.1  32k   0.1
ep 2124000     14231s  mean    194986  max   387388  V    136637  |d|     372    901k mv/s  1024  99.7  2048  98.0  4096  95.1  8192  83.4  16k  34.9  32k   0.0
ep 2126000     14248s  mean    195259  max   387568  V    137020  |d|     371    901k mv/s  1024  99.8  2048  98.5  4096  94.7  8192  84.5  16k  35.0  32k   0.0
ep 2128000     14265s  mean    195154  max   386616  V    137009  |d|     370    901k mv/s  1024  99.8  2048  98.8  4096  95.2  8192  84.9  16k  34.5  32k   0.0
ep 2130000     14282s  mean    194576  max   540552  V    137127  |d|     373    901k mv/s  1024 100.0  2048  98.7  4096  94.9  8192  84.7  16k  34.1  32k   0.1
ep 2132000     14300s  mean    197612  max   387404  V    136882  |d|     372    901k mv/s  1024  99.8  2048  98.8  4096  95.2  8192  84.2  16k  36.6  32k   0.0
ep 2134000     14317s  mean    194728  max   537008  V    136961  |d|     376    901k mv/s  1024  99.9  2048  98.8  4096  95.1  8192  84.0  16k  35.0  32k   0.1
ep 2136000     14334s  mean    194272  max   480564  V    137249  |d|     370    901k mv/s  1024  99.8  2048  98.5  4096  94.5  8192  82.5  16k  35.5  32k   0.1
ep 2138000     14352s  mean    197550  max   402816  V    137058  |d|     371    901k mv/s  1024  99.8  2048  99.0  4096  95.4  8192  85.6  16k  35.2  32k   0.0
ep 2140000     14369s  mean    196354  max   387248  V    137136  |d|     373    901k mv/s  1024  99.7  2048  98.5  4096  94.4  8192  83.0  16k  36.7  32k   0.0
ep 2142000     14386s  mean    196430  max   498248  V    137216  |d|     373    901k mv/s  1024  99.9  2048  98.5  4096  95.4  8192  84.1  16k  35.0  32k   0.1
ep 2144000     14403s  mean    193720  max   439620  V    137417  |d|     371    901k mv/s  1024  99.8  2048  99.0  4096  94.7  8192  82.8  16k  34.5  32k   0.0
checkpoint -> runs/phase1.bin (ep 2145101)
ep 2146000     14421s  mean    199779  max   436080  V    136884  |d|     375    901k mv/s  1024  99.8  2048  98.8  4096  94.3  8192  84.2  16k  37.0  32k   0.0
ep 2148000     14438s  mean    197246  max   387092  V    137239  |d|     373    901k mv/s  1024  99.8  2048  98.3  4096  94.5  8192  84.0  16k  36.0  32k   0.0
ep 2150000     14456s  mean    198004  max   429280  V    137491  |d|     372    901k mv/s  1024 100.0  2048  98.5  4096  95.2  8192  84.8  16k  37.0  32k   0.0
ep 2152000     14474s  mean    195338  max   403012  V    137552  |d|     374    901k mv/s  1024  99.8  2048  99.0  4096  95.8  8192  83.7  16k  33.9  32k   0.0
ep 2154000     14491s  mean    200820  max   419516  V    136897  |d|     376    901k mv/s  1024 100.0  2048  98.8  4096  94.9  8192  83.5  16k  38.0  32k   0.0
ep 2156000     14509s  mean    197725  max   479340  V    137621  |d|     373    901k mv/s  1024  99.8  2048  98.0  4096  94.4  8192  84.3  16k  36.3  32k   0.1
ep 2158000     14526s  mean    195080  max   395816  V    137608  |d|     375    901k mv/s  1024  99.8  2048  98.4  4096  93.8  8192  83.7  16k  35.2  32k   0.0
ep 2160000     14543s  mean    196896  max   408772  V    137601  |d|     373    901k mv/s  1024 100.0  2048  98.7  4096  95.0  8192  84.5  16k  34.9  32k   0.0
ep 2162000     14560s  mean    196859  max   411012  V    137696  |d|     374    901k mv/s  1024  99.8  2048  98.3  4096  94.6  8192  83.5  16k  36.1  32k   0.0
ep 2164000     14578s  mean    201362  max   412620  V    137845  |d|     370    901k mv/s  1024 100.0  2048  99.3  4096  96.2  8192  86.0  16k  36.8  32k   0.0
ep 2166000     14595s  mean    195155  max   402136  V    138094  |d|     371    901k mv/s  1024  99.8  2048  98.3  4096  94.1  8192  82.8  16k  35.5  32k   0.0
ep 2168000     14613s  mean    198814  max   478856  V    137854  |d|     374    901k mv/s  1024 100.0  2048  99.0  4096  95.5  8192  85.3  16k  36.9  32k   0.1
ep 2170000     14630s  mean    196596  max   493276  V    138086  |d|     374    901k mv/s  1024  99.9  2048  98.9  4096  95.4  8192  84.8  16k  35.0  32k   0.1
ep 2172000     14648s  mean    196386  max   409000  V    138192  |d|     373    901k mv/s  1024  99.9  2048  99.0  4096  94.7  8192  84.3  16k  35.1  32k   0.0
ep 2174000     14666s  mean    200555  max   512948  V    137793  |d|     373    901k mv/s  1024  99.9  2048  98.7  4096  95.5  8192  85.3  16k  36.7  32k   0.1
ep 2176000     14683s  mean    196777  max   557772  V    138328  |d|     376    901k mv/s  1024 100.0  2048  98.9  4096  95.4  8192  85.3  16k  35.2  32k   0.1
ep 2178000     14701s  mean    194602  max   393556  V    138287  |d|     376    901k mv/s  1024  99.9  2048  98.5  4096  94.3  8192  83.2  16k  35.1  32k   0.0
ep 2180000     14718s  mean    198217  max   474212  V    138241  |d|     376    901k mv/s  1024  99.9  2048  98.8  4096  95.7  8192  84.9  16k  36.2  32k   0.1
ep 2182000     14736s  mean    197769  max   557540  V    138000  |d|     376    901k mv/s  1024  99.5  2048  98.0  4096  94.2  8192  83.8  16k  35.6  32k   0.1
ep 2184000     14753s  mean    197510  max   481752  V    138360  |d|     374    901k mv/s  1024  99.8  2048  98.5  4096  94.7  8192  84.2  16k  36.5  32k   0.1
ep 2186000     14771s  mean    196572  max   487940  V    138282  |d|     379    901k mv/s  1024  99.8  2048  98.5  4096  94.9  8192  82.4  16k  35.6  32k   0.1
ep 2188000     14788s  mean    197989  max   387204  V    138636  |d|     374    901k mv/s  1024 100.0  2048  98.4  4096  95.0  8192  85.2  16k  36.2  32k   0.0
ep 2190000     14806s  mean    199721  max   492136  V    138471  |d|     374    901k mv/s  1024  99.8  2048  98.8  4096  95.5  8192  83.8  16k  36.8  32k   0.1
ep 2192000     14824s  mean    200197  max   420720  V    138373  |d|     375    901k mv/s  1024  99.9  2048  98.6  4096  95.3  8192  85.2  16k  37.5  32k   0.0
ep 2194000     14842s  mean    197857  max   468992  V    138478  |d|     379    901k mv/s  1024  99.8  2048  98.7  4096  94.9  8192  84.0  16k  36.6  32k   0.1
ep 2196000     14860s  mean    203627  max   489956  V    138326  |d|     376    901k mv/s  1024  99.8  2048  99.0  4096  96.0  8192  85.5  16k  38.6  32k   0.1
ep 2198000     14878s  mean    197252  max   426040  V    138684  |d|     377    901k mv/s  1024  99.8  2048  98.4  4096  94.4  8192  84.2  16k  36.2  32k   0.0
ep 2200000     14896s  mean    199545  max   512296  V    138769  |d|     376    901k mv/s  1024  99.8  2048  98.8  4096  95.3  8192  85.2  16k  36.7  32k   0.1
ep 2202000     14913s  mean    197022  max   387164  V    138910  |d|     375    901k mv/s  1024  99.9  2048  98.3  4096  94.7  8192  83.5  16k  35.9  32k   0.0
ep 2204000     14931s  mean    199816  max   537088  V    138640  |d|     377    901k mv/s  1024 100.0  2048  98.9  4096  94.6  8192  83.7  16k  37.5  32k   0.1
ep 2206000     14949s  mean    196316  max   515392  V    139254  |d|     374    901k mv/s  1024 100.0  2048  98.8  4096  95.2  8192  83.8  16k  36.0  32k   0.1
ep 2208000     14966s  mean    195434  max   387128  V    139242  |d|     377    901k mv/s  1024  99.8  2048  98.8  4096  95.3  8192  82.5  16k  35.3  32k   0.0
ep 2210000     14984s  mean    199910  max   387204  V    139102  |d|     373    901k mv/s  1024 100.0  2048  98.6  4096  94.8  8192  84.6  16k  36.9  32k   0.0
ep 2212000     15002s  mean    196548  max   522640  V    139506  |d|     374    901k mv/s  1024  99.9  2048  98.9  4096  94.8  8192  83.8  16k  35.9  32k   0.1
ep 2214000     15019s  mean    198350  max   387848  V    139214  |d|     377    901k mv/s  1024  99.7  2048  98.7  4096  95.0  8192  83.8  16k  36.8  32k   0.0
ep 2216000     15037s  mean    197325  max   470236  V    139382  |d|     377    901k mv/s  1024  99.8  2048  98.9  4096  94.8  8192  83.5  16k  36.4  32k   0.1
ep 2218000     15054s  mean    197390  max   388400  V    139488  |d|     374    901k mv/s  1024  99.8  2048  98.5  4096  94.5  8192  83.8  16k  36.4  32k   0.0
ep 2220000     15072s  mean    197938  max   503028  V    139379  |d|     375    901k mv/s  1024  99.9  2048  98.8  4096  95.2  8192  83.9  16k  36.8  32k   0.1
ep 2222000     15090s  mean    199197  max   484752  V    139568  |d|     375    901k mv/s  1024  99.8  2048  98.9  4096  95.7  8192  84.5  16k  36.5  32k   0.1
ep 2224000     15107s  mean    199560  max   387856  V    139367  |d|     373    901k mv/s  1024 100.0  2048  98.7  4096  94.7  8192  83.5  16k  37.1  32k   0.0
ep 2226000     15125s  mean    199772  max   500816  V    139561  |d|     374    901k mv/s  1024  99.8  2048  98.7  4096  94.8  8192  83.9  16k  37.7  32k   0.1
ep 2228000     15143s  mean    198120  max   458744  V    139850  |d|     375    901k mv/s  1024  99.8  2048  98.7  4096  95.4  8192  85.0  16k  36.0  32k   0.1
ep 2230000     15160s  mean    198070  max   406216  V    139414  |d|     379    901k mv/s  1024  99.9  2048  98.4  4096  94.4  8192  83.1  16k  37.3  32k   0.0
ep 2232000     15178s  mean    198912  max   503316  V    139627  |d|     379    901k mv/s  1024  99.8  2048  99.0  4096  95.5  8192  85.2  16k  36.5  32k   0.1
ep 2234000     15195s  mean    197273  max   524356  V    139896  |d|     377    901k mv/s  1024  99.9  2048  98.5  4096  94.5  8192  85.0  16k  35.8  32k   0.1
ep 2236000     15213s  mean    199663  max   416876  V    139833  |d|     377    901k mv/s  1024  99.8  2048  98.9  4096  95.5  8192  84.2  16k  37.5  32k   0.0
ep 2238000     15230s  mean    196468  max   387428  V    140069  |d|     378    901k mv/s  1024  99.8  2048  98.8  4096  94.5  8192  83.8  16k  36.2  32k   0.0
ep 2240000     15248s  mean    202485  max   387084  V    139734  |d|     376    901k mv/s  1024  99.8  2048  98.8  4096  96.0  8192  86.0  16k  37.5  32k   0.0
ep 2242000     15266s  mean    199132  max   387240  V    140199  |d|     375    901k mv/s  1024  99.8  2048  98.5  4096  95.4  8192  84.8  16k  37.2  32k   0.0
ep 2244000     15283s  mean    197938  max   525800  V    140075  |d|     380    901k mv/s  1024 100.0  2048  98.7  4096  95.0  8192  84.0  16k  36.6  32k   0.1
ep 2246000     15301s  mean    199834  max   386224  V    139917  |d|     378    901k mv/s  1024  99.6  2048  98.0  4096  94.0  8192  83.2  16k  38.4  32k   0.0
ep 2248000     15319s  mean    202854  max   388268  V    140328  |d|     372    901k mv/s  1024  99.9  2048  99.0  4096  96.2  8192  85.0  16k  38.4  32k   0.0
ep 2250000     15337s  mean    198415  max   428576  V    140335  |d|     377    901k mv/s  1024  99.9  2048  98.5  4096  94.9  8192  84.8  16k  36.1  32k   0.0
ep 2252000     15354s  mean    198902  max   477892  V    140501  |d|     375    901k mv/s  1024  99.8  2048  98.7  4096  95.4  8192  84.4  16k  37.8  32k   0.1
ep 2254000     15372s  mean    199456  max   485640  V    140168  |d|     377    901k mv/s  1024  99.7  2048  98.5  4096  95.0  8192  85.0  16k  36.5  32k   0.1
ep 2256000     15390s  mean    197159  max   439464  V    140482  |d|     381    901k mv/s  1024  99.9  2048  98.7  4096  95.2  8192  84.0  16k  36.4  32k   0.0
ep 2258000     15407s  mean    200314  max   401380  V    140555  |d|     378    901k mv/s  1024 100.0  2048  99.1  4096  95.8  8192  85.3  16k  37.5  32k   0.0
ep 2260000     15425s  mean    199427  max   468480  V    140396  |d|     377    901k mv/s  1024 100.0  2048  99.0  4096  94.3  8192  84.3  16k  37.2  32k   0.1
ep 2262000     15443s  mean    201633  max   402160  V    140413  |d|     377    901k mv/s  1024  99.8  2048  98.8  4096  95.3  8192  84.8  16k  37.8  32k   0.0
ep 2264000     15460s  mean    197686  max   438932  V    140639  |d|     378    901k mv/s  1024 100.0  2048  98.8  4096  95.3  8192  84.2  16k  36.3  32k   0.0
ep 2266000     15478s  mean    197347  max   486352  V    140964  |d|     378    901k mv/s  1024  99.8  2048  98.5  4096  95.2  8192  83.5  16k  37.0  32k   0.1
ep 2268000     15496s  mean    203196  max   409788  V    140355  |d|     379    901k mv/s  1024  99.8  2048  98.0  4096  94.5  8192  85.2  16k  39.5  32k   0.0
ep 2270000     15513s  mean    196436  max   417956  V    141010  |d|     377    901k mv/s  1024  99.9  2048  98.3  4096  94.5  8192  83.6  16k  35.8  32k   0.0
ep 2272000     15531s  mean    197430  max   475220  V    140852  |d|     377    901k mv/s  1024 100.0  2048  98.5  4096  95.2  8192  83.5  16k  36.0  32k   0.1
ep 2274000     15549s  mean    201342  max   387312  V    140638  |d|     375    901k mv/s  1024  99.9  2048  98.7  4096  95.2  8192  84.2  16k  37.9  32k   0.0
ep 2276000     15566s  mean    199711  max   389776  V    140842  |d|     379    901k mv/s  1024  99.9  2048  99.0  4096  95.4  8192  83.2  16k  37.7  32k   0.0
ep 2278000     15584s  mean    198918  max   402360  V    140933  |d|     379    901k mv/s  1024  99.9  2048  98.7  4096  95.1  8192  84.2  16k  36.9  32k   0.0
ep 2280000     15602s  mean    201787  max   421892  V    140888  |d|     379    901k mv/s  1024  99.8  2048  98.6  4096  95.0  8192  84.8  16k  38.0  32k   0.0
checkpoint -> runs/phase1.bin (ep 2281476)
ep 2282000     15620s  mean    202359  max   428860  V    141085  |d|     378    901k mv/s  1024  99.9  2048  98.9  4096  95.5  8192  85.0  16k  37.9  32k   0.0
ep 2284000     15637s  mean    199219  max   514864  V    141386  |d|     377    901k mv/s  1024  99.8  2048  98.8  4096  95.0  8192  85.0  16k  36.0  32k   0.1
ep 2286000     15655s  mean    200088  max   388048  V    141328  |d|     376    901k mv/s  1024  99.8  2048  98.7  4096  94.9  8192  84.7  16k  37.5  32k   0.0
ep 2288000     15673s  mean    198369  max   420976  V    141257  |d|     378    901k mv/s  1024  99.9  2048  98.7  4096  95.0  8192  83.5  16k  36.0  32k   0.0
ep 2290000     15691s  mean    203398  max   418940  V    141126  |d|     379    901k mv/s  1024  99.8  2048  98.9  4096  95.6  8192  85.3  16k  38.5  32k   0.0
ep 2292000     15709s  mean    201629  max   405900  V    141105  |d|     379    901k mv/s  1024  99.6  2048  98.5  4096  95.2  8192  85.2  16k  37.5  32k   0.0
ep 2294000     15727s  mean    200937  max   387092  V    141397  |d|     379    901k mv/s  1024  99.8  2048  98.7  4096  95.4  8192  85.0  16k  38.1  32k   0.0
ep 2296000     15745s  mean    200432  max   439712  V    141444  |d|     375    901k mv/s  1024  99.8  2048  98.8  4096  95.7  8192  84.3  16k  36.8  32k   0.0
ep 2298000     15763s  mean    203624  max   411308  V    141387  |d|     378    901k mv/s  1024  99.9  2048  98.9  4096  95.7  8192  84.9  16k  38.4  32k   0.0
ep 2300000     15780s  mean    197503  max   388072  V    141528  |d|     379    901k mv/s  1024  99.8  2048  98.5  4096  94.8  8192  83.2  16k  36.6  32k   0.0
ep 2302000     15798s  mean    199509  max   411312  V    141881  |d|     375    901k mv/s  1024  99.9  2048  98.8  4096  95.5  8192  84.7  16k  37.0  32k   0.0
ep 2304000     15816s  mean    203717  max   387580  V    141593  |d|     379    901k mv/s  1024  99.8  2048  98.3  4096  96.0  8192  86.0  16k  38.2  32k   0.0
ep 2306000     15833s  mean    195057  max   509012  V    141988  |d|     380    901k mv/s  1024  99.8  2048  98.5  4096  94.9  8192  83.0  16k  34.4  32k   0.1
ep 2308000     15851s  mean    200345  max   411012  V    141647  |d|     381    901k mv/s  1024  99.8  2048  98.8  4096  95.1  8192  84.8  16k  36.9  32k   0.0
ep 2310000     15869s  mean    205997  max   571464  V    141509  |d|     380    901k mv/s  1024 100.0  2048  99.0  4096  95.2  8192  85.2  16k  39.9  32k   0.1
ep 2312000     15887s  mean    200985  max   388804  V    142211  |d|     374    901k mv/s  1024  99.9  2048  99.0  4096  95.0  8192  84.3  16k  38.0  32k   0.0
ep 2314000     15905s  mean    201279  max   387140  V    142035  |d|     380    901k mv/s  1024  99.8  2048  98.7  4096  95.5  8192  85.2  16k  38.2  32k   0.0
ep 2316000     15922s  mean    200511  max   511788  V    142191  |d|     377    901k mv/s  1024  99.9  2048  98.5  4096  95.4  8192  86.5  16k  36.1  32k   0.1
ep 2318000     15940s  mean    201065  max   435980  V    141952  |d|     379    901k mv/s  1024  99.9  2048  99.2  4096  95.0  8192  83.7  16k  38.1  32k   0.0
ep 2320000     15958s  mean    202515  max   388032  V    142194  |d|     378    901k mv/s  1024 100.0  2048  99.0  4096  96.0  8192  85.3  16k  38.0  32k   0.0
ep 2322000     15975s  mean    201345  max   418956  V    142331  |d|     376    901k mv/s  1024 100.0  2048  99.0  4096  95.4  8192  83.5  16k  38.5  32k   0.0
ep 2324000     15993s  mean    202190  max   455504  V    142177  |d|     378    901k mv/s  1024 100.0  2048  99.0  4096  95.6  8192  86.1  16k  38.1  32k   0.0
ep 2326000     16011s  mean    200960  max   435196  V    142213  |d|     377    901k mv/s  1024  99.8  2048  98.5  4096  94.5  8192  83.8  16k  38.0  32k   0.0
ep 2328000     16029s  mean    200975  max   530464  V    142451  |d|     378    901k mv/s  1024  99.8  2048  98.8  4096  95.0  8192  85.5  16k  37.7  32k   0.1
ep 2330000     16047s  mean    203904  max   428688  V    142172  |d|     381    901k mv/s  1024  99.5  2048  98.2  4096  95.1  8192  85.3  16k  39.4  32k   0.0
ep 2332000     16064s  mean    200615  max   524396  V    142301  |d|     382    901k mv/s  1024 100.0  2048  99.1  4096  95.7  8192  83.7  16k  37.5  32k   0.1
ep 2334000     16082s  mean    201949  max   533028  V    142715  |d|     378    901k mv/s  1024  99.8  2048  98.5  4096  95.2  8192  84.3  16k  38.9  32k   0.1
ep 2336000     16100s  mean    202210  max   406312  V    142473  |d|     379    901k mv/s  1024 100.0  2048  98.2  4096  94.9  8192  84.2  16k  38.7  32k   0.0
ep 2338000     16118s  mean    202919  max   461268  V    142582  |d|     380    901k mv/s  1024  99.9  2048  98.8  4096  95.0  8192  84.9  16k  39.4  32k   0.0
ep 2340000     16135s  mean    204263  max   387720  V    142544  |d|     377    901k mv/s  1024  99.8  2048  98.3  4096  94.9  8192  85.8  16k  39.1  32k   0.0
ep 2342000     16153s  mean    201844  max   430756  V    142736  |d|     381    901k mv/s  1024  99.8  2048  98.8  4096  94.5  8192  84.3  16k  39.6  32k   0.0
ep 2344000     16171s  mean    200225  max   420332  V    142898  |d|     378    901k mv/s  1024  99.9  2048  98.2  4096  94.8  8192  83.9  16k  37.7  32k   0.0
ep 2346000     16189s  mean    203763  max   496392  V    142693  |d|     381    901k mv/s  1024  99.9  2048  98.5  4096  94.7  8192  85.0  16k  39.5  32k   0.1
ep 2348000     16207s  mean    201144  max   522000  V    142842  |d|     381    901k mv/s  1024  99.8  2048  98.9  4096  95.5  8192  84.9  16k  36.4  32k   0.1
ep 2350000     16225s  mean    204584  max   387892  V    142828  |d|     381    901k mv/s  1024  99.8  2048  98.8  4096  95.9  8192  86.1  16k  39.0  32k   0.0
ep 2352000     16243s  mean    202678  max   469588  V    143021  |d|     380    901k mv/s  1024  99.9  2048  98.7  4096  94.8  8192  85.0  16k  38.8  32k   0.1
ep 2354000     16260s  mean    207058  max   476404  V    142996  |d|     374    901k mv/s  1024  99.8  2048  98.7  4096  95.8  8192  85.9  16k  40.6  32k   0.1
ep 2356000     16278s  mean    206029  max   406576  V    142841  |d|     379    901k mv/s  1024  99.9  2048  98.8  4096  95.3  8192  85.8  16k  40.0  32k   0.0
ep 2358000     16296s  mean    203665  max   527144  V    143498  |d|     377    901k mv/s  1024  99.8  2048  98.8  4096  96.1  8192  86.0  16k  38.0  32k   0.1
ep 2360000     16314s  mean    203406  max   457776  V    143189  |d|     378    901k mv/s  1024  99.8  2048  98.7  4096  95.2  8192  85.5  16k  38.8  32k   0.1
ep 2362000     16332s  mean    203771  max   533488  V    143107  |d|     379    901k mv/s  1024  99.8  2048  98.8  4096  95.5  8192  85.8  16k  38.6  32k   0.1
ep 2364000     16350s  mean    201022  max   410704  V    143291  |d|     379    901k mv/s  1024  99.9  2048  98.8  4096  95.3  8192  84.6  16k  37.8  32k   0.0
ep 2366000     16368s  mean    202405  max   408212  V    143741  |d|     376    901k mv/s  1024  99.8  2048  99.0  4096  94.7  8192  84.3  16k  39.7  32k   0.0
ep 2368000     16385s  mean    199182  max   534056  V    143566  |d|     379    901k mv/s  1024 100.0  2048  98.6  4096  95.0  8192  83.0  16k  36.6  32k   0.1
ep 2370000     16402s  mean    200985  max   387612  V    143615  |d|     379    901k mv/s  1024  99.8  2048  98.4  4096  95.3  8192  84.3  16k  37.8  32k   0.0
ep 2372000     16421s  mean    204309  max   415732  V    143592  |d|     378    901k mv/s  1024  99.9  2048  98.6  4096  95.5  8192  84.7  16k  39.4  32k   0.0
ep 2374000     16438s  mean    204906  max   508492  V    143452  |d|     380    901k mv/s  1024  99.8  2048  99.3  4096  97.1  8192  85.5  16k  38.8  32k   0.1
ep 2376000     16457s  mean    207422  max   532108  V    143274  |d|     381    901k mv/s  1024  99.8  2048  99.1  4096  95.8  8192  85.8  16k  40.1  32k   0.1
ep 2378000     16475s  mean    205856  max   484332  V    143777  |d|     377    901k mv/s  1024 100.0  2048  99.2  4096  95.2  8192  85.7  16k  40.4  32k   0.1
ep 2380000     16493s  mean    204524  max   387176  V    143643  |d|     379    901k mv/s  1024  99.8  2048  98.5  4096  94.7  8192  84.6  16k  39.8  32k   0.0
ep 2382000     16511s  mean    202663  max   408108  V    143849  |d|     378    901k mv/s  1024  99.8  2048  99.0  4096  96.0  8192  85.3  16k  38.0  32k   0.0
ep 2384000     16529s  mean    203946  max   412396  V    144086  |d|     377    901k mv/s  1024  99.8  2048  98.9  4096  96.0  8192  85.4  16k  38.4  32k   0.0
ep 2386000     16547s  mean    206285  max   507656  V    143622  |d|     381    901k mv/s  1024  99.9  2048  98.4  4096  94.8  8192  85.5  16k  40.5  32k   0.1
ep 2388000     16565s  mean    206460  max   411320  V    143900  |d|     380    901k mv/s  1024 100.0  2048  99.2  4096  96.7  8192  86.2  16k  39.9  32k   0.0
ep 2390000     16583s  mean    202589  max   481712  V    143948  |d|     381    901k mv/s  1024  99.6  2048  98.4  4096  94.9  8192  83.5  16k  39.7  32k   0.1
ep 2392000     16601s  mean    205657  max   387240  V    144170  |d|     375    901k mv/s  1024  99.9  2048  98.6  4096  95.5  8192  85.8  16k  39.9  32k   0.0
ep 2394000     16619s  mean    202754  max   417196  V    144247  |d|     382    901k mv/s  1024 100.0  2048  98.8  4096  95.4  8192  85.2  16k  38.7  32k   0.0
ep 2396000     16637s  mean    202909  max   416704  V    143986  |d|     381    901k mv/s  1024  99.9  2048  99.0  4096  94.7  8192  83.5  16k  39.6  32k   0.0
ep 2398000     16655s  mean    204588  max   443084  V    144055  |d|     380    901k mv/s  1024  99.8  2048  98.7  4096  95.3  8192  84.4  16k  40.1  32k   0.0
ep 2400000     16672s  mean    204913  max   529608  V    144395  |d|     379    901k mv/s  1024  99.8  2048  98.9  4096  95.6  8192  85.2  16k  39.5  32k   0.1
ep 2402000     16690s  mean    206052  max   478220  V    144187  |d|     378    901k mv/s  1024  99.9  2048  98.2  4096  95.1  8192  85.0  16k  40.0  32k   0.1
ep 2404000     16708s  mean    202610  max   389252  V    144829  |d|     376    901k mv/s  1024 100.0  2048  98.6  4096  95.5  8192  84.8  16k  38.4  32k   0.0
ep 2406000     16726s  mean    207426  max   434616  V    144183  |d|     380    901k mv/s  1024  99.8  2048  98.5  4096  94.9  8192  85.0  16k  41.0  32k   0.0
ep 2408000     16744s  mean    204073  max   397732  V    144514  |d|     380    901k mv/s  1024  99.9  2048  98.9  4096  95.2  8192  85.4  16k  38.9  32k   0.0
ep 2410000     16762s  mean    212347  max   532584  V    144281  |d|     378    901k mv/s  1024  99.9  2048  99.0  4096  96.3  8192  87.6  16k  43.8  32k   0.1
ep 2412000     16781s  mean    206380  max   387228  V    144596  |d|     378    901k mv/s  1024  99.8  2048  98.9  4096  95.0  8192  85.5  16k  40.8  32k   0.0
ep 2414000     16799s  mean    206078  max   511676  V    144776  |d|     376    901k mv/s  1024  99.8  2048  98.7  4096  95.2  8192  86.0  16k  39.9  32k   0.1
checkpoint -> runs/phase1.bin (ep 2415908)
ep 2416000     16817s  mean    206217  max   477668  V    144486  |d|     381    901k mv/s  1024  99.8  2048  98.5  4096  95.3  8192  85.8  16k  39.9  32k   0.1
ep 2418000     16835s  mean    205225  max   467544  V    144701  |d|     378    901k mv/s  1024  99.8  2048  98.2  4096  95.0  8192  84.4  16k  40.8  32k   0.0
ep 2420000     16854s  mean    208739  max   387620  V    144600  |d|     380    901k mv/s  1024 100.0  2048  98.9  4096  95.6  8192  86.2  16k  41.4  32k   0.0
ep 2422000     16873s  mean    213372  max   419700  V    144378  |d|     377    901k mv/s  1024  99.8  2048  98.8  4096  95.7  8192  86.7  16k  43.3  32k   0.0
ep 2424000     16891s  mean    202711  max   491236  V    145136  |d|     379    901k mv/s  1024  99.8  2048  98.3  4096  95.0  8192  84.6  16k  38.5  32k   0.1
ep 2426000     16910s  mean    211482  max   529008  V    144774  |d|     377    901k mv/s  1024  99.8  2048  98.8  4096  95.8  8192  86.2  16k  43.2  32k   0.1
ep 2428000     16928s  mean    205650  max   387300  V    145154  |d|     378    901k mv/s  1024  99.9  2048  98.8  4096  95.2  8192  84.6  16k  40.9  32k   0.0
ep 2430000     16946s  mean    206286  max   410456  V    145341  |d|     374    901k mv/s  1024  99.8  2048  98.4  4096  95.2  8192  85.0  16k  40.7  32k   0.0
ep 2432000     16965s  mean    204715  max   411244  V    145168  |d|     379    901k mv/s  1024  99.9  2048  98.9  4096  96.0  8192  85.7  16k  39.2  32k   0.0
ep 2434000     16983s  mean    205766  max   397048  V    145303  |d|     380    901k mv/s  1024  99.8  2048  98.5  4096  95.4  8192  85.3  16k  40.2  32k   0.0
ep 2436000     17001s  mean    208457  max   492028  V    145199  |d|     378    901k mv/s  1024  99.8  2048  98.6  4096  95.0  8192  86.0  16k  41.0  32k   0.1
ep 2438000     17019s  mean    209311  max   388544  V    144880  |d|     380    901k mv/s  1024  99.8  2048  98.7  4096  95.2  8192  84.9  16k  42.1  32k   0.0
ep 2440000     17038s  mean    206372  max   439624  V    145414  |d|     381    901k mv/s  1024  99.9  2048  98.7  4096  94.8  8192  85.7  16k  40.5  32k   0.0
ep 2442000     17056s  mean    210032  max   508832  V    145323  |d|     379    901k mv/s  1024  99.9  2048  98.8  4096  96.2  8192  86.4  16k  42.2  32k   0.1
ep 2444000     17075s  mean    210374  max   402236  V    145623  |d|     376    901k mv/s  1024 100.0  2048  99.3  4096  96.7  8192  87.3  16k  42.0  32k   0.0
ep 2446000     17093s  mean    206616  max   388260  V    145533  |d|     377    901k mv/s  1024  99.8  2048  98.2  4096  94.8  8192  84.4  16k  41.6  32k   0.0
ep 2448000     17111s  mean    207379  max   388868  V    145727  |d|     378    901k mv/s  1024  99.9  2048  98.8  4096  95.7  8192  85.2  16k  41.8  32k   0.0
ep 2450000     17129s  mean    207438  max   533324  V    145779  |d|     378    901k mv/s  1024  99.8  2048  98.7  4096  96.2  8192  86.2  16k  40.2  32k   0.1
ep 2452000     17147s  mean    206331  max   475248  V    145759  |d|     381    901k mv/s  1024  99.9  2048  98.9  4096  95.4  8192  86.2  16k  40.0  32k   0.0
ep 2454000     17165s  mean    208417  max   387724  V    145783  |d|     380    901k mv/s  1024 100.0  2048  98.9  4096  95.5  8192  85.4  16k  41.5  32k   0.0
ep 2456000     17184s  mean    206741  max   530784  V    145809  |d|     380    901k mv/s  1024  99.8  2048  98.7  4096  95.2  8192  84.9  16k  41.5  32k   0.1
ep 2458000     17202s  mean    205238  max   533252  V    146080  |d|     380    901k mv/s  1024  99.8  2048  99.1  4096  96.0  8192  85.0  16k  38.8  32k   0.1
ep 2460000     17220s  mean    208465  max   460220  V    146099  |d|     377    901k mv/s  1024  99.8  2048  98.8  4096  95.9  8192  85.7  16k  40.9  32k   0.1
ep 2462000     17239s  mean    209542  max   494452  V    146083  |d|     379    901k mv/s  1024  99.9  2048  99.2  4096  96.7  8192  87.1  16k  41.5  32k   0.0
ep 2464000     17257s  mean    211733  max   410500  V    145818  |d|     379    901k mv/s  1024  99.9  2048  98.9  4096  96.0  8192  86.8  16k  43.1  32k   0.0
ep 2466000     17276s  mean    211008  max   515180  V    145902  |d|     378    901k mv/s  1024  99.9  2048  99.2  4096  96.2  8192  86.7  16k  42.9  32k   0.1
ep 2468000     17294s  mean    207430  max   418924  V    145981  |d|     381    901k mv/s  1024  99.8  2048  98.3  4096  95.4  8192  85.1  16k  41.0  32k   0.0
ep 2470000     17313s  mean    210204  max   488884  V    146130  |d|     377    901k mv/s  1024  99.8  2048  98.7  4096  95.2  8192  85.5  16k  42.6  32k   0.1
ep 2472000     17331s  mean    210509  max   407436  V    145870  |d|     381    901k mv/s  1024  99.8  2048  98.7  4096  95.5  8192  85.4  16k  41.6  32k   0.0
ep 2474000     17350s  mean    209941  max   524372  V    146220  |d|     377    901k mv/s  1024  99.9  2048  98.5  4096  95.7  8192  85.5  16k  42.3  32k   0.1
ep 2476000     17368s  mean    207230  max   483244  V    146396  |d|     379    901k mv/s  1024 100.0  2048  98.9  4096  94.9  8192  85.2  16k  41.0  32k   0.1
ep 2478000     17386s  mean    209546  max   408452  V    146442  |d|     379    901k mv/s  1024  99.9  2048  99.2  4096  96.3  8192  87.1  16k  41.0  32k   0.0
ep 2480000     17405s  mean    209145  max   437464  V    146490  |d|     380    901k mv/s  1024  99.9  2048  98.9  4096  96.2  8192  86.2  16k  41.3  32k   0.0
ep 2482000     17423s  mean    210762  max   438020  V    146492  |d|     377    901k mv/s  1024  99.8  2048  98.9  4096  95.3  8192  85.3  16k  42.8  32k   0.0
ep 2484000     17442s  mean    209445  max   387104  V    146562  |d|     379    901k mv/s  1024  99.8  2048  99.0  4096  95.0  8192  83.2  16k  43.2  32k   0.0
ep 2486000     17460s  mean    209978  max   512944  V    146570  |d|     378    901k mv/s  1024  99.8  2048  98.8  4096  95.2  8192  85.9  16k  41.8  32k   0.1
ep 2488000     17478s  mean    209986  max   512224  V    146590  |d|     382    901k mv/s  1024 100.0  2048  98.9  4096  95.2  8192  85.7  16k  42.5  32k   0.1
ep 2490000     17497s  mean    208538  max   491872  V    146606  |d|     379    901k mv/s  1024  99.7  2048  98.8  4096  94.4  8192  83.5  16k  43.0  32k   0.1
ep 2492000     17515s  mean    213676  max   479076  V    146124  |d|     382    901k mv/s  1024 100.0  2048  99.0  4096  95.1  8192  86.0  16k  43.1  32k   0.1
ep 2494000     17534s  mean    211911  max   416984  V    146639  |d|     378    901k mv/s  1024 100.0  2048  99.1  4096  96.3  8192  86.7  16k  42.2  32k   0.0
ep 2496000     17553s  mean    213242  max   557852  V    146822  |d|     377    901k mv/s  1024 100.0  2048  98.8  4096  95.6  8192  86.8  16k  43.5  32k   0.1
ep 2498000     17571s  mean    212119  max   508976  V    146872  |d|     379    901k mv/s  1024  99.8  2048  99.0  4096  96.1  8192  86.3  16k  43.0  32k   0.1
ep 2500000     17590s  mean    210536  max   387248  V    147156  |d|     377    901k mv/s  1024  99.9  2048  98.8  4096  95.9  8192  86.2  16k  41.8  32k   0.0
ep 2502000     17608s  mean    207614  max   402392  V    147276  |d|     378    901k mv/s  1024  99.6  2048  98.7  4096  95.1  8192  84.8  16k  41.2  32k   0.0
ep 2504000     17626s  mean    207757  max   387356  V    147342  |d|     379    901k mv/s  1024  99.9  2048  98.8  4096  95.3  8192  85.1  16k  41.2  32k   0.0
ep 2506000     17645s  mean    210775  max   413848  V    147172  |d|     380    901k mv/s  1024 100.0  2048  99.0  4096  95.5  8192  86.2  16k  42.4  32k   0.0
ep 2508000     17663s  mean    211828  max   387272  V    147095  |d|     380    901k mv/s  1024  99.8  2048  99.2  4096  95.7  8192  85.3  16k  42.6  32k   0.0
ep 2510000     17682s  mean    209186  max   470452  V    147594  |d|     380    901k mv/s  1024  99.8  2048  99.2  4096  95.7  8192  86.7  16k  41.7  32k   0.1
ep 2512000     17701s  mean    213581  max   387848  V    147428  |d|     378    901k mv/s  1024 100.0  2048  98.8  4096  96.1  8192  86.4  16k  43.8  32k   0.0
ep 2514000     17719s  mean    211429  max   529420  V    147841  |d|     376    901k mv/s  1024  99.7  2048  99.1  4096  96.1  8192  87.2  16k  42.8  32k   0.1
ep 2516000     17737s  mean    206391  max   509860  V    147876  |d|     379    901k mv/s  1024  99.8  2048  98.8  4096  96.0  8192  84.7  16k  40.2  32k   0.1
ep 2518000     17756s  mean    207260  max   474404  V    147625  |d|     380    901k mv/s  1024  99.8  2048  99.0  4096  95.5  8192  85.0  16k  40.8  32k   0.1
ep 2520000     17774s  mean    211596  max   389344  V    147570  |d|     380    901k mv/s  1024  99.9  2048  98.7  4096  96.2  8192  85.2  16k  43.2  32k   0.0
ep 2522000     17793s  mean    213441  max   520316  V    147656  |d|     378    901k mv/s  1024  99.8  2048  98.8  4096  96.0  8192  86.8  16k  43.2  32k   0.1
ep 2524000     17811s  mean    206606  max   533088  V    148025  |d|     380    901k mv/s  1024  99.9  2048  98.8  4096  95.2  8192  84.8  16k  41.5  32k   0.1
ep 2526000     17830s  mean    211887  max   488076  V    147715  |d|     379    901k mv/s  1024  99.8  2048  99.0  4096  96.2  8192  86.2  16k  42.9  32k   0.1
ep 2528000     17848s  mean    212281  max   387188  V    147816  |d|     380    901k mv/s  1024  99.8  2048  98.9  4096  96.1  8192  86.0  16k  42.6  32k   0.0
ep 2530000     17867s  mean    213072  max   528264  V    147713  |d|     381    901k mv/s  1024  99.8  2048  98.9  4096  96.4  8192  85.5  16k  43.9  32k   0.1
ep 2532000     17885s  mean    208298  max   388736  V    148138  |d|     379    901k mv/s  1024  99.9  2048  99.0  4096  95.8  8192  85.8  16k  40.7  32k   0.0
ep 2534000     17904s  mean    210219  max   468712  V    148117  |d|     377    901k mv/s  1024  99.8  2048  98.8  4096  95.5  8192  85.6  16k  42.1  32k   0.1
ep 2536000     17923s  mean    213137  max   508832  V    147998  |d|     380    901k mv/s  1024  99.9  2048  98.8  4096  95.7  8192  87.2  16k  43.1  32k   0.1
ep 2538000     17942s  mean    216682  max   387432  V    147967  |d|     378    901k mv/s  1024  99.9  2048  98.9  4096  96.4  8192  87.4  16k  46.0  32k   0.0
ep 2540000     17960s  mean    213227  max   572724  V    148192  |d|     379    901k mv/s  1024  99.8  2048  98.4  4096  96.2  8192  87.2  16k  42.5  32k   0.1
ep 2542000     17979s  mean    210464  max   513288  V    148367  |d|     379    901k mv/s  1024  99.9  2048  99.0  4096  95.8  8192  85.8  16k  42.5  32k   0.1
ep 2544000     17997s  mean    208950  max   389008  V    148587  |d|     381    901k mv/s  1024  99.8  2048  98.8  4096  95.5  8192  85.3  16k  42.1  32k   0.0
saving final checkpoint -> runs/phase1.bin
done: 2544527 episodes, 16221813712 moves, 18005.8 s
loading runs/phase2_start.bin ...
resumed 1 stage(s)
patterns=8  weights/stage=134217728  stages=1  memory=1.50 GiB  threads=14  alpha=0.100  TC=on
ep 2000           19s  mean    212410  max   508924  V    151482  |d|     381    893k mv/s  1024  99.8  2048  98.8  4096  96.0  8192  85.5  16k  43.3  32k   0.1
ep 4000           38s  mean    214608  max   487480  V    151043  |d|     383    897k mv/s  1024  99.8  2048  98.7  4096  96.0  8192  85.7  16k  44.5  32k   0.1
ep 6000           57s  mean    214567  max   416788  V    151493  |d|     380    897k mv/s  1024  99.8  2048  98.7  4096  95.9  8192  87.0  16k  44.1  32k   0.0
ep 8000           75s  mean    215320  max   509136  V    151330  |d|     382    897k mv/s  1024  99.8  2048  99.1  4096  96.0  8192  85.7  16k  44.5  32k   0.2
ep 10000          94s  mean    215031  max   410700  V    151429  |d|     382    899k mv/s  1024  99.8  2048  98.9  4096  96.2  8192  87.3  16k  44.4  32k   0.0
ep 12000         113s  mean    213367  max   387380  V    151843  |d|     379    899k mv/s  1024 100.0  2048  98.9  4096  95.8  8192  86.2  16k  43.6  32k   0.0
ep 14000         132s  mean    214575  max   504092  V    151451  |d|     381    899k mv/s  1024  99.8  2048  98.8  4096  95.8  8192  86.9  16k  43.1  32k   0.1
ep 16000         151s  mean    217389  max   476324  V    151610  |d|     380    899k mv/s  1024  99.8  2048  99.1  4096  96.0  8192  87.0  16k  46.0  32k   0.1
ep 18000         170s  mean    213037  max   512388  V    151730  |d|     382    899k mv/s  1024  99.8  2048  99.2  4096  95.8  8192  85.2  16k  44.0  32k   0.1
ep 20000         188s  mean    214857  max   410464  V    151678  |d|     380    899k mv/s  1024 100.0  2048  99.0  4096  95.8  8192  86.0  16k  44.4  32k   0.0
ep 22000         207s  mean    214018  max   405716  V    151895  |d|     383    899k mv/s  1024  99.8  2048  98.8  4096  96.3  8192  86.5  16k  43.2  32k   0.0
ep 24000         227s  mean    221339  max   484280  V    151530  |d|     382    899k mv/s  1024  99.8  2048  99.2  4096  96.9  8192  88.2  16k  47.8  32k   0.1
ep 26000         245s  mean    211990  max   462172  V    151953  |d|     384    898k mv/s  1024  99.6  2048  98.8  4096  96.0  8192  86.1  16k  42.5  32k   0.0
ep 28000         264s  mean    215967  max   478256  V    151897  |d|     383    899k mv/s  1024  99.9  2048  98.6  4096  96.0  8192  86.5  16k  45.5  32k   0.1
ep 30000         283s  mean    214619  max   387236  V    151935  |d|     384    899k mv/s  1024  99.7  2048  98.8  4096  95.8  8192  85.5  16k  44.6  32k   0.0
ep 32000         302s  mean    214993  max   432248  V    152139  |d|     382    899k mv/s  1024 100.0  2048  99.0  4096  95.8  8192  85.9  16k  44.5  32k   0.0
ep 34000         321s  mean    211872  max   408712  V    152190  |d|     384    899k mv/s  1024  99.8  2048  98.8  4096  95.8  8192  85.2  16k  43.4  32k   0.0
ep 36000         340s  mean    212707  max   513476  V    152328  |d|     383    898k mv/s  1024  99.9  2048  99.2  4096  96.1  8192  86.0  16k  42.8  32k   0.1
ep 38000         359s  mean    215347  max   468580  V    152216  |d|     384    898k mv/s  1024  99.8  2048  98.7  4096  96.4  8192  86.1  16k  44.9  32k   0.1
ep 40000         378s  mean    216162  max   408652  V    152430  |d|     381    898k mv/s  1024  99.8  2048  98.9  4096  96.2  8192  86.3  16k  44.5  32k   0.0
ep 42000         397s  mean    216269  max   493868  V    152285  |d|     381    898k mv/s  1024  99.8  2048  99.0  4096  96.2  8192  87.0  16k  44.6  32k   0.1
ep 44000         416s  mean    217842  max   529292  V    152112  |d|     382    898k mv/s  1024  99.8  2048  99.0  4096  96.8  8192  87.5  16k  44.6  32k   0.1
ep 46000         435s  mean    217724  max   389436  V    152414  |d|     380    899k mv/s  1024  99.8  2048  98.8  4096  96.4  8192  86.2  16k  45.5  32k   0.0
ep 48000         453s  mean    214778  max   418020  V    152604  |d|     380    900k mv/s  1024  99.8  2048  98.7  4096  95.8  8192  85.7  16k  43.5  32k   0.0
ep 50000         472s  mean    214550  max   408772  V    152658  |d|     383    899k mv/s  1024 100.0  2048  99.4  4096  96.2  8192  86.1  16k  44.2  32k   0.0
ep 52000         491s  mean    216835  max   440528  V    152420  |d|     382    899k mv/s  1024  99.5  2048  98.5  4096  95.7  8192  86.8  16k  44.5  32k   0.0
ep 54000         510s  mean    218737  max   505592  V    152427  |d|     383    899k mv/s  1024  99.8  2048  98.8  4096  96.2  8192  87.1  16k  46.4  32k   0.1
ep 56000         529s  mean    216435  max   466352  V    152771  |d|     381    899k mv/s  1024  99.7  2048  98.7  4096  95.5  8192  86.1  16k  45.6  32k   0.1
ep 58000         548s  mean    217787  max   407392  V    152567  |d|     382    899k mv/s  1024  99.8  2048  99.0  4096  96.2  8192  87.0  16k  45.6  32k   0.0
ep 60000         567s  mean    215676  max   472336  V    152669  |d|     381    899k mv/s  1024 100.0  2048  99.2  4096  95.5  8192  85.3  16k  44.6  32k   0.1
ep 62000         587s  mean    217562  max   410840  V    153016  |d|     379    899k mv/s  1024  99.8  2048  99.1  4096  96.2  8192  87.2  16k  45.5  32k   0.0
ep 64000         606s  mean    217893  max   419564  V    153023  |d|     381    899k mv/s  1024  99.8  2048  98.5  4096  96.3  8192  87.2  16k  45.6  32k   0.0
ep 66000         625s  mean    214984  max   407264  V    153269  |d|     380    899k mv/s  1024  99.7  2048  99.0  4096  96.2  8192  86.5  16k  43.9  32k   0.0
ep 68000         643s  mean    215334  max   405340  V    153026  |d|     383    899k mv/s  1024  99.7  2048  98.9  4096  95.7  8192  85.6  16k  44.6  32k   0.0
ep 70000         662s  mean    213043  max   387052  V    153382  |d|     383    899k mv/s  1024  99.9  2048  98.8  4096  96.0  8192  86.1  16k  43.2  32k   0.0
ep 72000         681s  mean    215846  max   523576  V    153213  |d|     382    899k mv/s  1024  99.9  2048  98.8  4096  95.5  8192  87.1  16k  44.7  32k   0.1
ep 74000         700s  mean    213211  max   396540  V    153501  |d|     382    899k mv/s  1024  99.8  2048  99.0  4096  95.0  8192  85.5  16k  43.6  32k   0.0
ep 76000         719s  mean    216809  max   474328  V    153490  |d|     384    899k mv/s  1024 100.0  2048  99.2  4096  96.3  8192  86.6  16k  45.5  32k   0.1
ep 78000         739s  mean    221447  max   474336  V    152888  |d|     380    899k mv/s  1024  99.8  2048  99.0  4096  96.5  8192  87.3  16k  46.5  32k   0.1
ep 80000         757s  mean    213322  max   387176  V    153540  |d|     385    899k mv/s  1024  99.8  2048  99.2  4096  95.2  8192  85.5  16k  44.1  32k   0.0
ep 82000         777s  mean    213329  max   521952  V    153631  |d|     385    898k mv/s  1024 100.0  2048  99.0  4096  96.2  8192  85.8  16k  43.5  32k   0.1
ep 84000         798s  mean    220646  max   529120  V    153220  |d|     383    895k mv/s  1024  99.9  2048  98.9  4096  95.7  8192  86.7  16k  47.9  32k   0.1
ep 86000         819s  mean    216570  max   474612  V    154168  |d|     378    893k mv/s  1024  99.9  2048  99.0  4096  96.5  8192  87.2  16k  45.4  32k   0.1
ep 88000         840s  mean    217381  max   400092  V    153708  |d|     382    891k mv/s  1024  99.6  2048  99.1  4096  96.3  8192  87.6  16k  44.2  32k   0.0
ep 90000         862s  mean    219874  max   388028  V    153372  |d|     383    889k mv/s  1024 100.0  2048  98.8  4096  95.7  8192  87.0  16k  46.7  32k   0.0
ep 92000         883s  mean    216236  max   509792  V    153790  |d|     383    888k mv/s  1024  99.8  2048  98.7  4096  95.5  8192  86.2  16k  45.0  32k   0.1
ep 94000         904s  mean    218040  max   547400  V    153759  |d|     382    886k mv/s  1024  99.8  2048  99.0  4096  95.8  8192  86.8  16k  45.8  32k   0.1
ep 96000         924s  mean    212489  max   528656  V    154183  |d|     384    884k mv/s  1024  99.9  2048  99.1  4096  95.5  8192  85.8  16k  43.4  32k   0.1
ep 98000         945s  mean    212954  max   557376  V    154190  |d|     385    883k mv/s  1024  99.8  2048  99.0  4096  95.7  8192  86.1  16k  43.5  32k   0.1
ep 100000        966s  mean    213743  max   463548  V    153990  |d|     385    881k mv/s  1024  99.8  2048  98.8  4096  95.4  8192  86.0  16k  43.4  32k   0.0
ep 102000        988s  mean    219572  max   475916  V    153899  |d|     384    879k mv/s  1024 100.0  2048  99.3  4096  96.2  8192  87.3  16k  47.6  32k   0.1
ep 104000       1011s  mean    217529  max   388600  V    154086  |d|     382    876k mv/s  1024  99.8  2048  98.3  4096  95.4  8192  86.5  16k  45.5  32k   0.0
ep 106000       1032s  mean    216702  max   529108  V    154128  |d|     385    874k mv/s  1024  99.8  2048  99.0  4096  95.5  8192  86.3  16k  45.2  32k   0.1
ep 108000       1054s  mean    216775  max   563604  V    154253  |d|     383    873k mv/s  1024  99.8  2048  98.8  4096  96.1  8192  85.8  16k  45.1  32k   0.1
ep 110000       1076s  mean    218623  max   472024  V    154045  |d|     382    870k mv/s  1024 100.0  2048  99.0  4096  95.9  8192  86.8  16k  45.7  32k   0.0
ep 112000       1097s  mean    218652  max   388080  V    154270  |d|     383    869k mv/s  1024  99.9  2048  98.8  4096  96.0  8192  86.9  16k  46.6  32k   0.0
ep 114000       1118s  mean    217225  max   410844  V    154610  |d|     380    869k mv/s  1024  99.8  2048  98.8  4096  96.2  8192  86.8  16k  46.1  32k   0.0
ep 116000       1138s  mean    216619  max   387200  V    154252  |d|     387    869k mv/s  1024  99.7  2048  98.9  4096  95.7  8192  85.4  16k  46.1  32k   0.0
ep 118000       1157s  mean    216088  max   532888  V    154515  |d|     382    869k mv/s  1024  99.8  2048  98.9  4096  95.2  8192  86.2  16k  44.4  32k   0.1
ep 120000       1176s  mean    214066  max   406296  V    154697  |d|     386    869k mv/s  1024  99.8  2048  99.0  4096  95.8  8192  85.8  16k  44.5  32k   0.0
ep 122000       1195s  mean    219432  max   410308  V    154425  |d|     384    870k mv/s  1024 100.0  2048  98.9  4096  96.2  8192  87.3  16k  46.4  32k   0.0
checkpoint -> runs/phase2.bin (ep 122505)
ep 124000       1214s  mean    216194  max   460484  V    154714  |d|     383    870k mv/s  1024  99.9  2048  98.8  4096  95.2  8192  85.5  16k  46.0  32k   0.1
ep 126000       1233s  mean    219098  max   402396  V    154423  |d|     385    871k mv/s  1024  99.9  2048  98.7  4096  95.8  8192  85.5  16k  46.6  32k   0.0
ep 128000       1252s  mean    217564  max   403152  V    154628  |d|     384    871k mv/s  1024  99.8  2048  98.5  4096  95.5  8192  86.2  16k  46.5  32k   0.0
ep 130000       1271s  mean    217530  max   405384  V    154780  |d|     384    872k mv/s  1024  99.8  2048  99.2  4096  96.5  8192  87.6  16k  45.2  32k   0.0
ep 132000       1290s  mean    215807  max   533960  V    154914  |d|     386    872k mv/s  1024  99.8  2048  98.8  4096  95.4  8192  86.6  16k  44.4  32k   0.1
ep 134000       1309s  mean    216870  max   564936  V    154935  |d|     384    872k mv/s  1024  99.7  2048  98.7  4096  95.7  8192  85.9  16k  45.6  32k   0.1
ep 136000       1329s  mean    218692  max   527144  V    154889  |d|     385    872k mv/s  1024  99.9  2048  99.2  4096  96.5  8192  87.0  16k  45.5  32k   0.1
ep 138000       1348s  mean    216434  max   403476  V    155045  |d|     386    873k mv/s  1024  99.8  2048  99.2  4096  96.3  8192  86.8  16k  45.0  32k   0.0
ep 140000       1366s  mean    216076  max   409716  V    155208  |d|     385    874k mv/s  1024 100.0  2048  99.2  4096  96.5  8192  86.5  16k  45.0  32k   0.0
ep 142000       1385s  mean    213755  max   485028  V    155389  |d|     385    874k mv/s  1024 100.0  2048  99.5  4096  96.0  8192  85.9  16k  44.0  32k   0.1
ep 144000       1404s  mean    216130  max   387772  V    155134  |d|     387    874k mv/s  1024  99.9  2048  99.1  4096  96.3  8192  87.0  16k  45.1  32k   0.0
ep 146000       1423s  mean    216967  max   410968  V    155111  |d|     387    875k mv/s  1024  99.8  2048  99.0  4096  95.8  8192  87.0  16k  45.1  32k   0.0
ep 148000       1441s  mean    219526  max   532956  V    154877  |d|     386    875k mv/s  1024  99.8  2048  99.3  4096  96.3  8192  86.2  16k  46.0  32k   0.1
ep 150000       1461s  mean    215181  max   523660  V    155401  |d|     386    876k mv/s  1024  99.9  2048  98.8  4096  95.2  8192  85.5  16k  45.1  32k   0.1
ep 152000       1479s  mean    217579  max   534632  V    155522  |d|     385    876k mv/s  1024  99.8  2048  98.9  4096  96.0  8192  87.5  16k  44.7  32k   0.1
ep 154000       1498s  mean    222034  max   499792  V    155096  |d|     384    877k mv/s  1024  99.8  2048  98.9  4096  96.2  8192  86.9  16k  48.0  32k   0.1
ep 156000       1516s  mean    217811  max   533408  V    155447  |d|     386    878k mv/s  1024  99.8  2048  98.8  4096  95.9  8192  86.9  16k  45.9  32k   0.1
ep 158000       1535s  mean    220117  max   469024  V    155518  |d|     384    878k mv/s  1024  99.9  2048  99.2  4096  96.2  8192  87.1  16k  47.2  32k   0.1
ep 160000       1554s  mean    218781  max   413244  V    155598  |d|     386    879k mv/s  1024  99.7  2048  98.8  4096  96.8  8192  87.0  16k  46.7  32k   0.0
ep 162000       1572s  mean    211068  max   522300  V    155877  |d|     388    879k mv/s  1024  99.7  2048  98.8  4096  95.1  8192  85.1  16k  43.0  32k   0.1
ep 164000       1591s  mean    220166  max   389680  V    155479  |d|     387    879k mv/s  1024  99.8  2048  99.0  4096  96.5  8192  87.0  16k  47.4  32k   0.0
ep 166000       1610s  mean    218477  max   387696  V    155919  |d|     384    880k mv/s  1024  99.8  2048  99.0  4096  96.4  8192  87.0  16k  46.5  32k   0.0
ep 168000       1629s  mean    223416  max   532884  V    155506  |d|     386    881k mv/s  1024  99.9  2048  99.1  4096  96.3  8192  87.8  16k  48.5  32k   0.1
ep 170000       1648s  mean    218740  max   409348  V    155890  |d|     386    881k mv/s  1024  99.8  2048  98.9  4096  96.8  8192  86.8  16k  46.5  32k   0.0
ep 172000       1667s  mean    219413  max   524368  V    156001  |d|     383    881k mv/s  1024  99.8  2048  99.1  4096  96.7  8192  87.5  16k  46.0  32k   0.1
ep 174000       1685s  mean    217624  max   386764  V    155971  |d|     387    882k mv/s  1024  99.5  2048  98.7  4096  96.1  8192  86.8  16k  46.0  32k   0.0
ep 176000       1703s  mean    214588  max   441332  V    156490  |d|     384    882k mv/s  1024  99.5  2048  98.3  4096  95.0  8192  85.1  16k  45.3  32k   0.0
ep 178000       1723s  mean    215879  max   391692  V    156159  |d|     387    882k mv/s  1024  99.8  2048  99.0  4096  95.3  8192  86.2  16k  44.7  32k   0.0
ep 180000       1741s  mean    218137  max   387404  V    156181  |d|     388    883k mv/s  1024  99.8  2048  99.0  4096  95.8  8192  86.2  16k  46.6  32k   0.0
ep 182000       1759s  mean    221556  max   387084  V    155895  |d|     389    884k mv/s  1024  99.9  2048  99.0  4096  96.6  8192  87.3  16k  47.6  32k   0.0
ep 184000       1778s  mean    220715  max   409588  V    155814  |d|     387    884k mv/s  1024  99.7  2048  98.7  4096  96.0  8192  87.5  16k  46.4  32k   0.0
ep 186000       1797s  mean    216944  max   400680  V    156465  |d|     385    884k mv/s  1024  99.7  2048  98.8  4096  95.8  8192  86.8  16k  44.4  32k   0.0
ep 188000       1816s  mean    218374  max   387712  V    156280  |d|     387    885k mv/s  1024  99.9  2048  99.0  4096  95.5  8192  86.8  16k  45.7  32k   0.0
ep 190000       1835s  mean    218023  max   387296  V    156381  |d|     386    885k mv/s  1024  99.9  2048  99.4  4096  96.8  8192  86.7  16k  44.9  32k   0.0
ep 192000       1855s  mean    218168  max   411200  V    156140  |d|     391    884k mv/s  1024  99.8  2048  98.8  4096  96.0  8192  86.3  16k  45.5  32k   0.0
ep 194000       1874s  mean    218335  max   531280  V    156588  |d|     384    885k mv/s  1024  99.9  2048  98.8  4096  96.0  8192  86.0  16k  46.1  32k   0.1
ep 196000       1893s  mean    222240  max   408156  V    156428  |d|     386    885k mv/s  1024  99.9  2048  99.3  4096  96.2  8192  87.9  16k  47.5  32k   0.0
ep 198000       1911s  mean    215005  max   438788  V    156903  |d|     388    885k mv/s  1024 100.0  2048  99.0  4096  95.7  8192  86.0  16k  44.5  32k   0.0
ep 200000       1930s  mean    218921  max   510084  V    156670  |d|     386    886k mv/s  1024  99.8  2048  98.5  4096  95.8  8192  87.2  16k  45.9  32k   0.1
ep 202000       1949s  mean    219714  max   523268  V    156965  |d|     384    886k mv/s  1024  99.8  2048  99.0  4096  97.0  8192  88.1  16k  45.7  32k   0.1
ep 204000       1968s  mean    215929  max   388528  V    156636  |d|     393    886k mv/s  1024 100.0  2048  99.3  4096  96.0  8192  85.8  16k  45.0  32k   0.0
ep 206000       1988s  mean    218361  max   507896  V    156798  |d|     386    886k mv/s  1024  99.9  2048  99.0  4096  95.5  8192  86.5  16k  45.6  32k   0.1
ep 208000       2007s  mean    217667  max   575528  V    156625  |d|     392    886k mv/s  1024  99.7  2048  99.2  4096  96.5  8192  87.2  16k  44.5  32k   0.1
ep 210000       2026s  mean    216799  max   506728  V    157230  |d|     390    886k mv/s  1024  99.8  2048  99.0  4096  96.0  8192  86.2  16k  46.0  32k   0.1
ep 212000       2044s  mean    219148  max   488760  V    157078  |d|     386    887k mv/s  1024 100.0  2048  98.6  4096  95.9  8192  86.9  16k  45.7  32k   0.1
ep 214000       2063s  mean    216267  max   507840  V    157230  |d|     389    887k mv/s  1024  99.8  2048  99.1  4096  95.8  8192  86.8  16k  44.4  32k   0.1
ep 216000       2082s  mean    216666  max   514688  V    157171  |d|     389    887k mv/s  1024 100.0  2048  99.0  4096  96.1  8192  86.6  16k  44.5  32k   0.1
ep 218000       2100s  mean    216851  max   409844  V    157282  |d|     388    887k mv/s  1024  99.8  2048  98.8  4096  95.5  8192  86.0  16k  46.0  32k   0.0
ep 220000       2118s  mean    217342  max   387648  V    157189  |d|     388    888k mv/s  1024  99.8  2048  98.8  4096  95.3  8192  87.4  16k  44.0  32k   0.0
ep 222000       2138s  mean    219573  max   386744  V    157175  |d|     390    888k mv/s  1024  99.8  2048  99.1  4096  96.7  8192  87.5  16k  46.4  32k   0.0
ep 224000       2156s  mean    222150  max   410288  V    157266  |d|     386    889k mv/s  1024  99.8  2048  99.5  4096  97.3  8192  88.6  16k  47.4  32k   0.0
ep 226000       2174s  mean    221121  max   498624  V    157200  |d|     388    889k mv/s  1024 100.0  2048  99.3  4096  96.5  8192  87.3  16k  47.2  32k   0.1
ep 228000       2192s  mean    218004  max   520380  V    157467  |d|     389    890k mv/s  1024  99.8  2048  99.1  4096  96.7  8192  86.2  16k  46.0  32k   0.1
ep 230000       2210s  mean    215375  max   402376  V    157980  |d|     387    890k mv/s  1024  99.8  2048  99.2  4096  96.3  8192  86.6  16k  45.0  32k   0.0
ep 232000       2229s  mean    216193  max   509720  V    157750  |d|     388    890k mv/s  1024  99.7  2048  99.0  4096  95.8  8192  86.0  16k  44.8  32k   0.1
ep 234000       2247s  mean    218341  max   478784  V    157456  |d|     392    891k mv/s  1024  99.7  2048  98.5  4096  95.9  8192  86.7  16k  46.5  32k   0.1
ep 236000       2266s  mean    216998  max   572916  V    157793  |d|     388    891k mv/s  1024  99.8  2048  99.4  4096  96.3  8192  86.9  16k  45.2  32k   0.1
ep 238000       2284s  mean    213522  max   416136  V    158062  |d|     391    891k mv/s  1024  99.9  2048  99.0  4096  96.7  8192  86.4  16k  43.0  32k   0.0
ep 240000       2302s  mean    218397  max   387160  V    157834  |d|     388    892k mv/s  1024  99.8  2048  99.2  4096  95.9  8192  86.8  16k  46.2  32k   0.0
ep 242000       2321s  mean    223422  max   387604  V    157310  |d|     391    892k mv/s  1024  99.8  2048  99.0  4096  96.0  8192  87.8  16k  48.9  32k   0.0
ep 244000       2339s  mean    214676  max   387260  V    158216  |d|     390    892k mv/s  1024  99.8  2048  99.1  4096  96.0  8192  85.7  16k  45.2  32k   0.0
ep 246000       2358s  mean    215744  max   527552  V    158517  |d|     387    893k mv/s  1024  99.7  2048  98.9  4096  96.5  8192  87.0  16k  44.4  32k   0.1
ep 248000       2376s  mean    220681  max   387256  V    157929  |d|     386    893k mv/s  1024  99.7  2048  98.9  4096  96.4  8192  88.3  16k  46.5  32k   0.0
ep 250000       2395s  mean    222910  max   532952  V    157554  |d|     391    893k mv/s  1024  99.9  2048  98.9  4096  96.5  8192  87.6  16k  47.6  32k   0.1
checkpoint -> runs/phase2.bin (ep 250696)
ep 252000       2413s  mean    219042  max   392384  V    158079  |d|     390    893k mv/s  1024  99.8  2048  99.2  4096  96.2  8192  87.2  16k  46.9  32k   0.0
ep 254000       2432s  mean    220952  max   391772  V    157883  |d|     388    894k mv/s  1024  99.5  2048  98.8  4096  95.5  8192  87.2  16k  47.3  32k   0.0
ep 256000       2450s  mean    220760  max   415704  V    157842  |d|     390    894k mv/s  1024  99.8  2048  98.8  4096  96.5  8192  86.9  16k  46.5  32k   0.0
ep 258000       2469s  mean    213113  max   468860  V    158371  |d|     393    894k mv/s  1024  99.7  2048  98.2  4096  95.6  8192  85.7  16k  43.7  32k   0.1
ep 260000       2488s  mean    218669  max   468924  V    157920  |d|     394    895k mv/s  1024  99.7  2048  99.3  4096  96.1  8192  87.2  16k  44.9  32k   0.1
ep 262000       2507s  mean    214434  max   468108  V    158821  |d|     387    894k mv/s  1024  99.8  2048  99.2  4096  95.6  8192  86.5  16k  44.2  32k   0.1
ep 264000       2526s  mean    218332  max   551608  V    158422  |d|     391    895k mv/s  1024  99.8  2048  99.0  4096  96.3  8192  87.2  16k  46.0  32k   0.1
ep 266000       2544s  mean    219793  max   457432  V    158215  |d|     390    895k mv/s  1024  99.8  2048  98.8  4096  95.8  8192  86.3  16k  47.2  32k   0.0
ep 268000       2563s  mean    222533  max   529084  V    157930  |d|     390    895k mv/s  1024  99.8  2048  98.7  4096  96.1  8192  87.4  16k  47.7  32k   0.1
ep 270000       2582s  mean    218391  max   387272  V    158458  |d|     391    895k mv/s  1024 100.0  2048  99.2  4096  96.5  8192  87.0  16k  45.9  32k   0.0
ep 272000       2601s  mean    221368  max   489040  V    158509  |d|     387    895k mv/s  1024  99.7  2048  98.4  4096  96.2  8192  87.5  16k  48.1  32k   0.1
ep 274000       2621s  mean    221599  max   427180  V    158290  |d|     389    895k mv/s  1024 100.0  2048  99.2  4096  96.2  8192  88.0  16k  46.7  32k   0.0
ep 276000       2640s  mean    216360  max   394448  V    158587  |d|     395    895k mv/s  1024  99.7  2048  98.9  4096  96.0  8192  85.2  16k  45.8  32k   0.0
ep 278000       2658s  mean    217917  max   424348  V    158828  |d|     390    895k mv/s  1024  99.8  2048  98.8  4096  96.1  8192  87.5  16k  45.5  32k   0.0
ep 280000       2677s  mean    220402  max   418608  V    158662  |d|     390    896k mv/s  1024  99.8  2048  99.2  4096  96.2  8192  86.8  16k  47.2  32k   0.0
ep 282000       2697s  mean    220045  max   407316  V    158723  |d|     389    896k mv/s  1024  99.8  2048  98.8  4096  96.0  8192  86.6  16k  47.1  32k   0.0
ep 284000       2716s  mean    217958  max   486472  V    158596  |d|     393    896k mv/s  1024  99.8  2048  98.9  4096  96.2  8192  85.7  16k  45.5  32k   0.1
ep 286000       2735s  mean    219908  max   530416  V    158642  |d|     392    896k mv/s  1024  99.8  2048  99.2  4096  96.1  8192  86.9  16k  46.8  32k   0.1
ep 288000       2753s  mean    216925  max   531400  V    159158  |d|     393    896k mv/s  1024  99.8  2048  99.2  4096  96.5  8192  87.2  16k  45.0  32k   0.1
ep 290000       2772s  mean    222555  max   520244  V    158560  |d|     394    896k mv/s  1024  99.7  2048  99.0  4096  96.1  8192  87.3  16k  49.2  32k   0.1
ep 292000       2791s  mean    221234  max   507440  V    158862  |d|     390    896k mv/s  1024  99.9  2048  99.0  4096  96.3  8192  87.9  16k  46.5  32k   0.1
ep 294000       2810s  mean    218689  max   405440  V    158942  |d|     393    896k mv/s  1024  99.8  2048  99.0  4096  96.8  8192  87.5  16k  45.3  32k   0.0
ep 296000       2829s  mean    217340  max   486876  V    159464  |d|     391    897k mv/s  1024  99.8  2048  99.2  4096  96.0  8192  86.6  16k  45.5  32k   0.1
ep 298000       2847s  mean    220263  max   513820  V    158957  |d|     392    897k mv/s  1024  99.8  2048  98.7  4096  96.0  8192  87.5  16k  46.8  32k   0.1
ep 300000       2866s  mean    219041  max   501008  V    159264  |d|     390    897k mv/s  1024  99.8  2048  98.7  4096  95.6  8192  86.7  16k  46.0  32k   0.1
ep 302000       2885s  mean    220572  max   388248  V    159193  |d|     391    897k mv/s  1024  99.9  2048  98.8  4096  96.2  8192  87.3  16k  46.8  32k   0.0
ep 304000       2904s  mean    220892  max   467612  V    158948  |d|     392    897k mv/s  1024  99.8  2048  98.4  4096  95.4  8192  86.7  16k  47.7  32k   0.1
ep 306000       2923s  mean    217737  max   388752  V    159186  |d|     393    897k mv/s  1024  99.7  2048  98.6  4096  95.4  8192  86.7  16k  45.1  32k   0.0
ep 308000       2942s  mean    220799  max   485044  V    159121  |d|     392    897k mv/s  1024  99.8  2048  99.0  4096  96.2  8192  87.0  16k  46.6  32k   0.1
ep 310000       2961s  mean    218193  max   410888  V    159631  |d|     390    897k mv/s  1024  99.7  2048  98.8  4096  96.2  8192  86.9  16k  46.6  32k   0.0
ep 312000       2980s  mean    219079  max   410028  V    159581  |d|     391    898k mv/s  1024  99.9  2048  99.0  4096  96.6  8192  86.8  16k  45.9  32k   0.0
ep 314000       2999s  mean    219524  max   387240  V    159512  |d|     390    898k mv/s  1024  99.7  2048  98.7  4096  95.7  8192  86.9  16k  47.1  32k   0.0
ep 316000       3017s  mean    219931  max   413944  V    159346  |d|     392    898k mv/s  1024  99.9  2048  98.9  4096  96.0  8192  87.2  16k  46.5  32k   0.0
ep 318000       3036s  mean    220226  max   533056  V    159553  |d|     390    898k mv/s  1024  99.7  2048  99.0  4096  95.7  8192  88.0  16k  46.9  32k   0.1
ep 320000       3055s  mean    218433  max   411252  V    159480  |d|     394    898k mv/s  1024 100.0  2048  99.0  4096  96.3  8192  86.8  16k  46.5  32k   0.0
ep 322000       3074s  mean    221912  max   470916  V    159493  |d|     389    898k mv/s  1024  99.8  2048  98.8  4096  96.3  8192  86.7  16k  47.5  32k   0.1
ep 324000       3093s  mean    216433  max   526028  V    159975  |d|     391    898k mv/s  1024  99.7  2048  98.5  4096  95.1  8192  86.2  16k  45.3  32k   0.1
ep 326000       3112s  mean    219175  max   479848  V    159908  |d|     392    898k mv/s  1024  99.8  2048  99.0  4096  96.0  8192  87.2  16k  46.1  32k   0.1
ep 328000       3131s  mean    219542  max   387436  V    159656  |d|     393    898k mv/s  1024  99.9  2048  99.1  4096  96.0  8192  86.7  16k  46.7  32k   0.0
ep 330000       3151s  mean    221546  max   405172  V    159708  |d|     393    898k mv/s  1024 100.0  2048  99.1  4096  96.0  8192  87.6  16k  47.0  32k   0.0
ep 332000       3170s  mean    222090  max   533640  V    159724  |d|     392    898k mv/s  1024  99.7  2048  98.8  4096  96.0  8192  87.8  16k  47.5  32k   0.1
ep 334000       3189s  mean    219136  max   483480  V    160102  |d|     392    898k mv/s  1024  99.8  2048  98.5  4096  95.8  8192  87.0  16k  46.1  32k   0.1
ep 336000       3208s  mean    222318  max   530072  V    159883  |d|     392    899k mv/s  1024  99.7  2048  98.5  4096  96.7  8192  87.8  16k  47.7  32k   0.1
ep 338000       3226s  mean    218082  max   402676  V    160147  |d|     391    899k mv/s  1024  99.7  2048  98.9  4096  95.4  8192  86.2  16k  45.9  32k   0.0
ep 340000       3245s  mean    219395  max   387180  V    160475  |d|     390    899k mv/s  1024  99.8  2048  99.2  4096  96.0  8192  87.4  16k  47.2  32k   0.0
ep 342000       3264s  mean    221296  max   522644  V    160283  |d|     391    899k mv/s  1024  99.9  2048  99.2  4096  97.2  8192  88.8  16k  46.4  32k   0.1
ep 344000       3282s  mean    221323  max   386960  V    159932  |d|     393    899k mv/s  1024  99.9  2048  99.0  4096  96.0  8192  87.0  16k  47.5  32k   0.0
ep 346000       3301s  mean    218792  max   386292  V    160168  |d|     393    899k mv/s  1024  99.8  2048  99.1  4096  96.1  8192  85.9  16k  46.1  32k   0.0
ep 348000       3320s  mean    222374  max   480228  V    160081  |d|     392    899k mv/s  1024  99.8  2048  99.1  4096  96.0  8192  87.6  16k  47.8  32k   0.1
ep 350000       3339s  mean    218635  max   412196  V    160417  |d|     391    899k mv/s  1024 100.0  2048  99.0  4096  95.4  8192  86.8  16k  46.3  32k   0.0
ep 352000       3358s  mean    222414  max   387196  V    160335  |d|     388    900k mv/s  1024  99.7  2048  98.5  4096  96.2  8192  87.5  16k  47.9  32k   0.0
ep 354000       3377s  mean    218451  max   498060  V    160222  |d|     394    900k mv/s  1024  99.8  2048  98.9  4096  95.0  8192  85.8  16k  47.0  32k   0.1
ep 356000       3396s  mean    223178  max   511660  V    160501  |d|     391    900k mv/s  1024  99.8  2048  99.0  4096  96.2  8192  89.3  16k  47.8  32k   0.1
ep 358000       3416s  mean    220712  max   401808  V    160614  |d|     393    900k mv/s  1024  99.7  2048  99.0  4096  96.6  8192  87.2  16k  46.7  32k   0.0
ep 360000       3435s  mean    219561  max   526028  V    160580  |d|     395    900k mv/s  1024  99.8  2048  99.1  4096  96.8  8192  87.0  16k  45.2  32k   0.1
ep 362000       3454s  mean    220442  max   527284  V    160846  |d|     390    900k mv/s  1024  99.8  2048  99.2  4096  96.5  8192  87.9  16k  46.8  32k   0.1
ep 364000       3473s  mean    218371  max   436852  V    160963  |d|     391    900k mv/s  1024  99.7  2048  98.5  4096  96.0  8192  87.8  16k  45.2  32k   0.0
ep 366000       3493s  mean    218758  max   484860  V    160884  |d|     392    900k mv/s  1024  99.8  2048  98.9  4096  96.1  8192  86.8  16k  46.6  32k   0.1
ep 368000       3511s  mean    216225  max   502120  V    160891  |d|     395    900k mv/s  1024  99.8  2048  99.2  4096  95.3  8192  86.0  16k  45.2  32k   0.1
ep 370000       3531s  mean    219929  max   391488  V    161283  |d|     389    900k mv/s  1024  99.7  2048  99.5  4096  96.5  8192  87.8  16k  47.2  32k   0.0
ep 372000       3550s  mean    224495  max   411580  V    160557  |d|     394    900k mv/s  1024  99.8  2048  99.2  4096  96.5  8192  87.5  16k  49.2  32k   0.0
ep 374000       3570s  mean    220676  max   488320  V    160674  |d|     394    900k mv/s  1024  99.8  2048  98.7  4096  96.5  8192  86.6  16k  46.5  32k   0.1
ep 376000       3588s  mean    224360  max   487992  V    160635  |d|     395    900k mv/s  1024  99.9  2048  99.1  4096  96.5  8192  87.9  16k  48.9  32k   0.1
checkpoint -> runs/phase2.bin (ep 377463)
ep 378000       3608s  mean    223459  max   489136  V    160791  |d|     393    900k mv/s  1024 100.0  2048  99.0  4096  96.7  8192  88.0  16k  47.5  32k   0.1
ep 380000       3627s  mean    221375  max   531120  V    161164  |d|     392    900k mv/s  1024  99.7  2048  98.6  4096  96.5  8192  88.5  16k  46.9  32k   0.1
ep 382000       3646s  mean    223179  max   504304  V    161011  |d|     395    900k mv/s  1024  99.9  2048  99.0  4096  96.8  8192  88.7  16k  48.5  32k   0.1
ep 384000       3665s  mean    219598  max   467964  V    161216  |d|     392    900k mv/s  1024  99.8  2048  99.0  4096  96.2  8192  87.4  16k  46.1  32k   0.1
ep 386000       3685s  mean    219857  max   387196  V    161422  |d|     391    900k mv/s  1024  99.8  2048  98.8  4096  96.0  8192  87.5  16k  46.2  32k   0.0
ep 388000       3704s  mean    219339  max   387484  V    161405  |d|     392    900k mv/s  1024  99.9  2048  99.0  4096  95.8  8192  86.8  16k  46.5  32k   0.0
ep 390000       3723s  mean    218840  max   492832  V    161241  |d|     392    900k mv/s  1024  99.9  2048  98.6  4096  95.5  8192  86.0  16k  46.9  32k   0.1
ep 392000       3743s  mean    219108  max   389588  V    161466  |d|     392    900k mv/s  1024  99.7  2048  98.9  4096  96.5  8192  87.0  16k  46.0  32k   0.0
ep 394000       3762s  mean    223776  max   505640  V    161360  |d|     389    900k mv/s  1024  99.8  2048  98.8  4096  96.5  8192  88.4  16k  48.1  32k   0.1
ep 396000       3781s  mean    222296  max   489968  V    161101  |d|     392    900k mv/s  1024  99.7  2048  98.8  4096  95.6  8192  87.7  16k  47.4  32k   0.1
ep 398000       3800s  mean    217891  max   409076  V    161949  |d|     388    900k mv/s  1024  99.5  2048  98.5  4096  96.2  8192  87.2  16k  45.5  32k   0.0
ep 400000       3819s  mean    221035  max   479000  V    161580  |d|     389    900k mv/s  1024  99.7  2048  98.8  4096  96.0  8192  87.7  16k  46.5  32k   0.1
ep 402000       3838s  mean    224622  max   514164  V    161213  |d|     390    900k mv/s  1024  99.7  2048  98.6  4096  95.8  8192  87.3  16k  48.4  32k   0.1
ep 404000       3858s  mean    223125  max   410500  V    161482  |d|     392    900k mv/s  1024  99.9  2048  99.2  4096  96.0  8192  87.5  16k  48.4  32k   0.0
ep 406000       3877s  mean    219054  max   484168  V    161893  |d|     392    900k mv/s  1024  99.8  2048  98.8  4096  95.9  8192  87.5  16k  46.2  32k   0.1
ep 408000       3896s  mean    220225  max   419132  V    161932  |d|     392    900k mv/s  1024  99.9  2048  98.8  4096  95.8  8192  87.5  16k  47.0  32k   0.0
ep 410000       3915s  mean    222107  max   462744  V    161835  |d|     392    900k mv/s  1024  99.8  2048  99.0  4096  96.6  8192  87.7  16k  47.9  32k   0.1
ep 412000       3934s  mean    219174  max   387412  V    162402  |d|     390    900k mv/s  1024  99.8  2048  99.0  4096  96.3  8192  88.7  16k  46.0  32k   0.0
ep 414000       3954s  mean    222435  max   387428  V    161542  |d|     394    900k mv/s  1024  99.9  2048  99.0  4096  96.6  8192  86.9  16k  47.2  32k   0.0
ep 416000       3973s  mean    221829  max   514144  V    161843  |d|     391    900k mv/s  1024  99.7  2048  98.5  4096  95.4  8192  85.8  16k  48.5  32k   0.1
ep 418000       3992s  mean    220290  max   387320  V    161995  |d|     391    900k mv/s  1024  99.7  2048  99.0  4096  96.2  8192  86.7  16k  46.9  32k   0.0
ep 420000       4012s  mean    220092  max   387316  V    161649  |d|     394    900k mv/s  1024  99.8  2048  98.5  4096  96.0  8192  86.4  16k  46.7  32k   0.0
ep 422000       4031s  mean    220559  max   531012  V    162223  |d|     392    900k mv/s  1024  99.9  2048  99.2  4096  96.2  8192  87.2  16k  47.0  32k   0.1
ep 424000       4050s  mean    222727  max   479872  V    161826  |d|     395    900k mv/s  1024  99.8  2048  99.1  4096  95.9  8192  88.0  16k  47.7  32k   0.1
ep 426000       4069s  mean    217993  max   409384  V    162067  |d|     395    900k mv/s  1024  99.5  2048  98.5  4096  95.5  8192  86.6  16k  45.9  32k   0.0
ep 428000       4089s  mean    224791  max   387480  V    161880  |d|     390    900k mv/s  1024  99.7  2048  98.8  4096  96.0  8192  87.2  16k  49.5  32k   0.0
ep 430000       4109s  mean    221039  max   503408  V    162130  |d|     395    900k mv/s  1024  99.8  2048  99.1  4096  96.0  8192  87.2  16k  46.9  32k   0.1
ep 432000       4128s  mean    220338  max   468988  V    162145  |d|     395    900k mv/s  1024  99.8  2048  99.1  4096  96.8  8192  87.8  16k  46.0  32k   0.1
ep 434000       4148s  mean    221641  max   506832  V    162468  |d|     393    900k mv/s  1024  99.8  2048  99.1  4096  95.8  8192  87.4  16k  47.4  32k   0.1
ep 436000       4167s  mean    223815  max   533604  V    162178  |d|     394    900k mv/s  1024  99.7  2048  99.0  4096  96.8  8192  87.2  16k  48.6  32k   0.1
ep 438000       4186s  mean    218083  max   520704  V    162628  |d|     391    900k mv/s  1024  99.8  2048  98.8  4096  96.2  8192  86.8  16k  45.5  32k   0.1
ep 440000       4206s  mean    221781  max   418396  V    162552  |d|     391    900k mv/s  1024  99.8  2048  98.8  4096  95.7  8192  86.8  16k  48.1  32k   0.0
ep 442000       4225s  mean    220214  max   387312  V    162426  |d|     394    900k mv/s  1024  99.7  2048  99.0  4096  95.7  8192  86.6  16k  46.8  32k   0.0
ep 444000       4245s  mean    221971  max   386832  V    162473  |d|     393    900k mv/s  1024  99.8  2048  99.1  4096  96.2  8192  87.1  16k  47.4  32k   0.0
ep 446000       4264s  mean    223458  max   387248  V    162348  |d|     391    900k mv/s  1024  99.7  2048  98.8  4096  96.4  8192  86.9  16k  48.6  32k   0.0
ep 448000       4284s  mean    220700  max   387448  V    162843  |d|     392    900k mv/s  1024  99.8  2048  99.0  4096  96.0  8192  86.9  16k  47.2  32k   0.0
ep 450000       4303s  mean    222771  max   402444  V    162760  |d|     392    900k mv/s  1024  99.8  2048  99.0  4096  96.2  8192  87.8  16k  47.7  32k   0.0
ep 452000       4322s  mean    219052  max   392012  V    162870  |d|     393    900k mv/s  1024  99.8  2048  98.8  4096  96.0  8192  86.0  16k  46.2  32k   0.0
ep 454000       4341s  mean    222453  max   513260  V    162854  |d|     390    900k mv/s  1024  99.7  2048  98.3  4096  95.5  8192  88.0  16k  48.3  32k   0.1
ep 456000       4361s  mean    227428  max   410752  V    162253  |d|     393    900k mv/s  1024  99.8  2048  98.8  4096  95.5  8192  88.4  16k  50.0  32k   0.0
ep 458000       4381s  mean    225897  max   387308  V    162623  |d|     390    900k mv/s  1024  99.8  2048  99.2  4096  96.2  8192  87.8  16k  49.1  32k   0.0
ep 460000       4400s  mean    222014  max   406020  V    163099  |d|     389    900k mv/s  1024  99.8  2048  98.9  4096  95.8  8192  86.6  16k  48.5  32k   0.0
ep 462000       4420s  mean    226767  max   527772  V    162383  |d|     394    900k mv/s  1024  99.8  2048  99.0  4096  96.2  8192  88.0  16k  49.9  32k   0.1
ep 464000       4440s  mean    225517  max   496240  V    162914  |d|     390    900k mv/s  1024  99.8  2048  98.8  4096  96.3  8192  88.3  16k  49.5  32k   0.1
ep 466000       4460s  mean    224544  max   386996  V    163042  |d|     392    900k mv/s  1024  99.8  2048  99.0  4096  96.4  8192  87.8  16k  48.8  32k   0.0
ep 468000       4479s  mean    222612  max   470000  V    162947  |d|     394    900k mv/s  1024  99.8  2048  98.7  4096  95.7  8192  87.2  16k  48.0  32k   0.1
ep 470000       4498s  mean    224185  max   418336  V    163130  |d|     391    900k mv/s  1024  99.8  2048  99.0  4096  96.5  8192  88.1  16k  48.1  32k   0.0
ep 472000       4517s  mean    218540  max   509264  V    163863  |d|     392    900k mv/s  1024  99.8  2048  99.0  4096  96.3  8192  88.0  16k  45.8  32k   0.1
ep 474000       4536s  mean    222817  max   584076  V    163342  |d|     393    900k mv/s  1024  99.8  2048  98.8  4096  96.7  8192  88.2  16k  47.6  32k   0.1
ep 476000       4555s  mean    221780  max   508672  V    163143  |d|     395    900k mv/s  1024  99.8  2048  99.2  4096  96.5  8192  87.2  16k  47.3  32k   0.1
ep 478000       4574s  mean    216024  max   386844  V    163891  |d|     393    900k mv/s  1024  99.8  2048  98.8  4096  95.8  8192  86.3  16k  44.9  32k   0.0
ep 480000       4594s  mean    225400  max   493844  V    163103  |d|     392    900k mv/s  1024  99.9  2048  99.0  4096  96.0  8192  88.7  16k  48.5  32k   0.1
ep 482000       4613s  mean    226778  max   411144  V    163413  |d|     389    900k mv/s  1024  99.7  2048  99.2  4096  97.0  8192  88.5  16k  49.6  32k   0.0
ep 484000       4632s  mean    221916  max   387140  V    163518  |d|     394    900k mv/s  1024  99.8  2048  99.1  4096  96.3  8192  87.3  16k  47.4  32k   0.0
ep 486000       4652s  mean    224117  max   553576  V    163621  |d|     392    900k mv/s  1024  99.8  2048  99.2  4096  96.2  8192  87.0  16k  49.9  32k   0.1
ep 488000       4671s  mean    220687  max   508764  V    163494  |d|     392    900k mv/s  1024  99.7  2048  98.5  4096  95.3  8192  86.2  16k  46.6  32k   0.1
ep 490000       4690s  mean    221075  max   419468  V    163729  |d|     395    901k mv/s  1024 100.0  2048  99.1  4096  96.4  8192  87.9  16k  46.6  32k   0.0
ep 492000       4710s  mean    223590  max   529424  V    163552  |d|     393    901k mv/s  1024  99.9  2048  98.7  4096  96.1  8192  88.0  16k  48.2  32k   0.1
ep 494000       4729s  mean    222603  max   442492  V    163654  |d|     391    901k mv/s  1024  99.9  2048  98.8  4096  95.6  8192  87.6  16k  47.6  32k   0.0
ep 496000       4748s  mean    224406  max   456304  V    164006  |d|     391    901k mv/s  1024  99.9  2048  99.2  4096  97.2  8192  89.0  16k  48.2  32k   0.1
ep 498000       4767s  mean    222330  max   524116  V    163928  |d|     390    901k mv/s  1024 100.0  2048  99.2  4096  96.5  8192  87.9  16k  47.1  32k   0.1
ep 500000       4786s  mean    217722  max   552628  V    164225  |d|     389    901k mv/s  1024  99.9  2048  99.2  4096  96.3  8192  86.8  16k  44.8  32k   0.1
checkpoint -> runs/phase2.bin (ep 501869)
ep 502000       4806s  mean    223618  max   468420  V    164057  |d|     392    901k mv/s  1024  99.8  2048  99.0  4096  96.1  8192  87.0  16k  49.6  32k   0.1
ep 504000       4826s  mean    224740  max   475488  V    163962  |d|     391    901k mv/s  1024  99.9  2048  99.3  4096  96.5  8192  87.9  16k  48.8  32k   0.1
ep 506000       4846s  mean    224451  max   387160  V    163618  |d|     393    901k mv/s  1024  99.8  2048  98.7  4096  95.8  8192  87.2  16k  48.9  32k   0.0
ep 508000       4866s  mean    223231  max   387536  V    163916  |d|     394    900k mv/s  1024  99.8  2048  99.2  4096  95.7  8192  87.2  16k  48.1  32k   0.0
ep 510000       4886s  mean    224096  max   406968  V    163815  |d|     394    900k mv/s  1024  99.8  2048  99.0  4096  96.4  8192  88.2  16k  48.3  32k   0.0
ep 512000       4906s  mean    226173  max   403240  V    164177  |d|     391    900k mv/s  1024  99.7  2048  99.0  4096  96.5  8192  88.5  16k  50.0  32k   0.0
ep 514000       4927s  mean    223667  max   488496  V    164318  |d|     392    900k mv/s  1024  99.8  2048  99.0  4096  95.8  8192  87.7  16k  48.8  32k   0.1
ep 516000       4947s  mean    226313  max   528528  V    164165  |d|     392    900k mv/s  1024  99.8  2048  99.1  4096  96.7  8192  88.7  16k  50.2  32k   0.1
ep 518000       4967s  mean    222870  max   387024  V    164377  |d|     391    900k mv/s  1024  99.8  2048  98.5  4096  95.5  8192  87.9  16k  47.8  32k   0.0
ep 520000       4988s  mean    225251  max   388480  V    164018  |d|     393    900k mv/s  1024  99.7  2048  98.2  4096  95.0  8192  86.8  16k  49.7  32k   0.0
ep 522000       5009s  mean    224784  max   437156  V    164279  |d|     391    899k mv/s  1024 100.0  2048  99.0  4096  96.5  8192  88.0  16k  48.2  32k   0.0
ep 524000       5032s  mean    224002  max   387156  V    164462  |d|     392    899k mv/s  1024  99.8  2048  99.0  4096  96.6  8192  87.2  16k  49.9  32k   0.0
ep 526000       5052s  mean    224230  max   387780  V    164393  |d|     391    899k mv/s  1024  99.7  2048  99.1  4096  96.1  8192  88.0  16k  48.6  32k   0.0
ep 528000       5072s  mean    223541  max   388020  V    164574  |d|     393    899k mv/s  1024  99.7  2048  98.6  4096  95.5  8192  87.8  16k  48.1  32k   0.0
ep 530000       5093s  mean    225917  max   418636  V    164186  |d|     394    898k mv/s  1024  99.9  2048  99.0  4096  96.3  8192  87.3  16k  49.5  32k   0.0
ep 532000       5116s  mean    225338  max   387284  V    164488  |d|     389    898k mv/s  1024  99.8  2048  98.9  4096  95.2  8192  87.5  16k  50.0  32k   0.0
ep 534000       5139s  mean    223420  max   387344  V    164455  |d|     395    897k mv/s  1024  99.8  2048  98.8  4096  95.6  8192  86.8  16k  48.2  32k   0.0
ep 536000       5162s  mean    221233  max   386848  V    164980  |d|     393    897k mv/s  1024  99.8  2048  99.0  4096  96.7  8192  87.8  16k  47.0  32k   0.0
ep 538000       5188s  mean    221685  max   488720  V    164738  |d|     394    895k mv/s  1024  99.7  2048  98.8  4096  95.7  8192  86.5  16k  47.4  32k   0.1
ep 540000       5215s  mean    228614  max   433432  V    164208  |d|     392    894k mv/s  1024  99.7  2048  99.0  4096  96.0  8192  87.4  16k  50.7  32k   0.0
ep 542000       5240s  mean    222976  max   387320  V    164977  |d|     392    893k mv/s  1024 100.0  2048  99.3  4096  96.2  8192  87.5  16k  48.0  32k   0.0
ep 544000       5261s  mean    222308  max   469184  V    165104  |d|     393    893k mv/s  1024  99.8  2048  99.0  4096  96.7  8192  87.8  16k  47.4  32k   0.1
ep 546000       5280s  mean    221330  max   407564  V    164979  |d|     394    893k mv/s  1024  99.7  2048  99.0  4096  96.1  8192  86.7  16k  47.0  32k   0.0
ep 548000       5300s  mean    221260  max   387264  V    165023  |d|     394    893k mv/s  1024  99.8  2048  99.0  4096  96.5  8192  86.3  16k  47.6  32k   0.0
ep 550000       5321s  mean    226844  max   410400  V    164926  |d|     391    893k mv/s  1024  99.7  2048  99.0  4096  96.0  8192  87.3  16k  51.0  32k   0.0
ep 552000       5341s  mean    224161  max   507700  V    165275  |d|     393    893k mv/s  1024  99.8  2048  99.0  4096  96.5  8192  88.3  16k  48.3  32k   0.1
ep 554000       5362s  mean    228664  max   508972  V    164774  |d|     390    893k mv/s  1024 100.0  2048  99.0  4096  96.3  8192  87.8  16k  51.1  32k   0.1
ep 556000       5382s  mean    224717  max   485388  V    165007  |d|     392    893k mv/s  1024 100.0  2048  98.9  4096  95.9  8192  86.2  16k  49.9  32k   0.1
ep 558000       5402s  mean    222591  max   411056  V    165264  |d|     392    893k mv/s  1024  99.7  2048  99.1  4096  96.3  8192  87.6  16k  47.8  32k   0.0
ep 560000       5422s  mean    222269  max   410296  V    165351  |d|     390    893k mv/s  1024  99.8  2048  99.0  4096  96.0  8192  86.8  16k  47.6  32k   0.0
ep 562000       5442s  mean    225740  max   485820  V    165403  |d|     389    893k mv/s  1024  99.7  2048  98.7  4096  96.2  8192  88.3  16k  49.6  32k   0.1
ep 564000       5462s  mean    223715  max   534556  V    165615  |d|     391    892k mv/s  1024  99.7  2048  98.7  4096  96.0  8192  88.2  16k  48.0  32k   0.1
ep 566000       5481s  mean    224112  max   387348  V    165294  |d|     391    892k mv/s  1024  99.8  2048  98.9  4096  95.6  8192  85.8  16k  49.4  32k   0.0
ep 568000       5501s  mean    225972  max   387236  V    165267  |d|     393    892k mv/s  1024  99.9  2048  98.7  4096  96.0  8192  88.0  16k  49.8  32k   0.0
ep 570000       5522s  mean    226934  max   387180  V    165077  |d|     392    892k mv/s  1024  99.8  2048  99.0  4096  96.5  8192  87.9  16k  49.5  32k   0.0
ep 572000       5541s  mean    223273  max   487904  V    165596  |d|     392    892k mv/s  1024  99.8  2048  99.0  4096  96.7  8192  87.5  16k  48.6  32k   0.1
ep 574000       5562s  mean    221186  max   530936  V    165896  |d|     392    892k mv/s  1024  99.8  2048  99.0  4096  96.7  8192  88.3  16k  46.2  32k   0.1
ep 576000       5582s  mean    223382  max   476832  V    165814  |d|     389    892k mv/s  1024  99.7  2048  98.8  4096  96.1  8192  87.8  16k  48.9  32k   0.1
ep 578000       5602s  mean    226220  max   412104  V    165728  |d|     392    892k mv/s  1024  99.9  2048  98.8  4096  96.2  8192  89.4  16k  49.5  32k   0.0
ep 580000       5623s  mean    230192  max   387156  V    165522  |d|     392    892k mv/s  1024 100.0  2048  99.3  4096  96.8  8192  89.1  16k  51.3  32k   0.0
ep 582000       5644s  mean    225016  max   406772  V    165830  |d|     391    892k mv/s  1024  99.9  2048  98.8  4096  96.3  8192  87.5  16k  48.9  32k   0.0
ep 584000       5664s  mean    231388  max   387472  V    165480  |d|     391    892k mv/s  1024 100.0  2048  99.0  4096  96.7  8192  88.5  16k  52.3  32k   0.0
ep 586000       5684s  mean    223927  max   444616  V    166189  |d|     392    892k mv/s  1024  99.8  2048  98.8  4096  96.2  8192  88.8  16k  48.6  32k   0.0
ep 588000       5704s  mean    221587  max   553260  V    166150  |d|     391    892k mv/s  1024  99.8  2048  98.8  4096  96.0  8192  87.5  16k  46.5  32k   0.1
ep 590000       5724s  mean    226807  max   487776  V    166003  |d|     391    892k mv/s  1024 100.0  2048  99.3  4096  96.7  8192  88.0  16k  49.8  32k   0.1
ep 592000       5745s  mean    229362  max   386916  V    165730  |d|     393    892k mv/s  1024 100.0  2048  99.3  4096  96.4  8192  88.8  16k  50.6  32k   0.0
ep 594000       5765s  mean    225760  max   509088  V    166134  |d|     393    892k mv/s  1024  99.8  2048  98.8  4096  96.8  8192  88.5  16k  48.9  32k   0.1
ep 596000       5786s  mean    227070  max   387860  V    166052  |d|     393    892k mv/s  1024  99.9  2048  98.8  4096  96.2  8192  88.7  16k  49.9  32k   0.0
ep 598000       5806s  mean    224407  max   386916  V    166445  |d|     392    891k mv/s  1024  99.8  2048  99.2  4096  96.4  8192  87.9  16k  49.0  32k   0.0
ep 600000       5826s  mean    225457  max   387060  V    166442  |d|     389    891k mv/s  1024  99.8  2048  99.0  4096  96.5  8192  88.3  16k  49.4  32k   0.0
ep 602000       5847s  mean    223715  max   489120  V    166060  |d|     394    891k mv/s  1024  99.7  2048  98.8  4096  95.3  8192  87.3  16k  48.5  32k   0.1
ep 604000       5867s  mean    221581  max   523456  V    166591  |d|     391    891k mv/s  1024  99.8  2048  98.8  4096  95.8  8192  86.7  16k  47.9  32k   0.1
ep 606000       5887s  mean    225107  max   575328  V    166396  |d|     393    891k mv/s  1024  99.6  2048  98.8  4096  96.2  8192  87.4  16k  49.1  32k   0.1
ep 608000       5908s  mean    225615  max   512856  V    166142  |d|     395    891k mv/s  1024  99.8  2048  99.2  4096  96.2  8192  87.7  16k  49.4  32k   0.1
ep 610000       5928s  mean    223992  max   421696  V    166544  |d|     397    891k mv/s  1024 100.0  2048  98.9  4096  96.2  8192  86.8  16k  49.2  32k   0.0
ep 612000       5949s  mean    230354  max   533080  V    165963  |d|     392    891k mv/s  1024  99.7  2048  98.8  4096  96.2  8192  88.2  16k  51.2  32k   0.1
ep 614000       5969s  mean    226962  max   531888  V    166404  |d|     393    891k mv/s  1024  99.8  2048  98.8  4096  95.8  8192  88.2  16k  50.0  32k   0.1
ep 616000       5990s  mean    225651  max   513244  V    166422  |d|     393    891k mv/s  1024  99.8  2048  99.0  4096  96.3  8192  88.3  16k  49.1  32k   0.1
checkpoint -> runs/phase2.bin (ep 617554)
ep 618000       6010s  mean    229187  max   387188  V    166135  |d|     392    891k mv/s  1024  99.8  2048  99.1  4096  96.0  8192  87.4  16k  50.9  32k   0.0
ep 620000       6031s  mean    226566  max   387360  V    166893  |d|     392    891k mv/s  1024  99.8  2048  99.0  4096  96.7  8192  87.8  16k  50.8  32k   0.0
ep 622000       6051s  mean    225015  max   528424  V    166703  |d|     394    891k mv/s  1024  99.8  2048  99.0  4096  96.8  8192  88.0  16k  48.7  32k   0.1
ep 624000       6071s  mean    225227  max   408796  V    166744  |d|     392    890k mv/s  1024  99.7  2048  98.7  4096  96.3  8192  87.0  16k  48.5  32k   0.0
ep 626000       6092s  mean    228061  max   477316  V    166690  |d|     392    890k mv/s  1024  99.8  2048  99.0  4096  96.2  8192  87.7  16k  51.0  32k   0.1
ep 628000       6113s  mean    232462  max   410928  V    166485  |d|     392    890k mv/s  1024  99.9  2048  98.8  4096  96.5  8192  89.0  16k  53.1  32k   0.0
ep 630000       6135s  mean    230602  max   504092  V    166216  |d|     395    890k mv/s  1024  99.9  2048  99.1  4096  96.1  8192  88.2  16k  51.2  32k   0.1
ep 632000       6156s  mean    228593  max   389436  V    166671  |d|     393    890k mv/s  1024  99.9  2048  99.2  4096  96.4  8192  88.8  16k  50.1  32k   0.0
ep 634000       6176s  mean    228439  max   387148  V    167086  |d|     389    890k mv/s  1024  99.9  2048  99.2  4096  96.5  8192  88.6  16k  50.9  32k   0.0
ep 636000       6197s  mean    230371  max   386820  V    166762  |d|     389    890k mv/s  1024  99.8  2048  98.8  4096  96.4  8192  88.5  16k  51.4  32k   0.0
ep 638000       6217s  mean    227518  max   513496  V    167026  |d|     391    890k mv/s  1024  99.8  2048  99.0  4096  96.3  8192  88.6  16k  50.6  32k   0.1
ep 640000       6238s  mean    228339  max   419788  V    166918  |d|     390    890k mv/s  1024  99.8  2048  99.0  4096  95.8  8192  88.0  16k  50.5  32k   0.0
ep 642000       6258s  mean    222993  max   478176  V    167407  |d|     392    890k mv/s  1024  99.8  2048  99.3  4096  96.5  8192  87.7  16k  47.8  32k   0.1
ep 644000       6278s  mean    223453  max   387128  V    167297  |d|     392    890k mv/s  1024  99.8  2048  98.8  4096  96.7  8192  87.8  16k  47.6  32k   0.0
ep 646000       6298s  mean    223095  max   388032  V    167291  |d|     394    890k mv/s  1024  99.6  2048  99.0  4096  96.8  8192  87.3  16k  47.7  32k   0.0
ep 648000       6318s  mean    222795  max   531224  V    167495  |d|     394    889k mv/s  1024  99.9  2048  98.8  4096  95.8  8192  87.4  16k  48.0  32k   0.1
ep 650000       6339s  mean    226687  max   387632  V    167012  |d|     396    889k mv/s  1024  99.7  2048  98.8  4096  95.6  8192  88.0  16k  49.4  32k   0.0
ep 652000       6360s  mean    227380  max   557676  V    167602  |d|     389    889k mv/s  1024  99.8  2048  99.0  4096  96.9  8192  88.7  16k  49.9  32k   0.1
ep 654000       6380s  mean    227912  max   487460  V    167368  |d|     393    889k mv/s  1024  99.8  2048  98.9  4096  95.8  8192  88.5  16k  49.7  32k   0.1
ep 656000       6401s  mean    225644  max   469596  V    167563  |d|     391    889k mv/s  1024 100.0  2048  98.8  4096  95.8  8192  88.0  16k  48.6  32k   0.1
ep 658000       6421s  mean    225990  max   387020  V    167606  |d|     393    889k mv/s  1024  99.8  2048  99.0  4096  96.3  8192  88.2  16k  49.4  32k   0.0
ep 660000       6442s  mean    227245  max   395856  V    167496  |d|     391    889k mv/s  1024  99.9  2048  98.9  4096  96.2  8192  88.0  16k  50.4  32k   0.0
ep 662000       6462s  mean    228285  max   387388  V    167186  |d|     395    889k mv/s  1024  99.8  2048  98.9  4096  96.3  8192  88.5  16k  50.2  32k   0.0
ep 664000       6483s  mean    229806  max   401548  V    167344  |d|     394    889k mv/s  1024  99.8  2048  99.0  4096  96.2  8192  87.5  16k  52.0  32k   0.0
ep 666000       6503s  mean    225236  max   467868  V    167859  |d|     394    889k mv/s  1024  99.9  2048  99.0  4096  96.7  8192  88.2  16k  48.8  32k   0.1
ep 668000       6524s  mean    227231  max   388964  V    168022  |d|     391    889k mv/s  1024  99.8  2048  99.1  4096  96.7  8192  88.3  16k  50.2  32k   0.0
ep 670000       6544s  mean    226384  max   387148  V    167692  |d|     394    889k mv/s  1024  99.7  2048  98.5  4096  95.8  8192  87.0  16k  50.1  32k   0.0
ep 672000       6565s  mean    229643  max   386988  V    167581  |d|     395    889k mv/s  1024 100.0  2048  98.8  4096  96.5  8192  88.9  16k  51.4  32k   0.0
ep 674000       6586s  mean    227660  max   387032  V    167781  |d|     392    889k mv/s  1024  99.8  2048  98.9  4096  96.0  8192  87.5  16k  50.9  32k   0.0
ep 676000       6606s  mean    225469  max   389616  V    167799  |d|     394    889k mv/s  1024  99.7  2048  98.8  4096  96.2  8192  87.7  16k  49.2  32k   0.0
ep 678000       6626s  mean    228188  max   473096  V    167718  |d|     394    889k mv/s  1024 100.0  2048  99.2  4096  96.3  8192  87.2  16k  50.2  32k   0.1
ep 680000       6646s  mean    227409  max   483380  V    168015  |d|     394    889k mv/s  1024  99.8  2048  98.8  4096  96.6  8192  88.0  16k  50.2  32k   0.1
ep 682000       6666s  mean    228325  max   400212  V    167907  |d|     394    889k mv/s  1024  99.5  2048  98.7  4096  96.5  8192  88.0  16k  50.0  32k   0.0
ep 684000       6687s  mean    231684  max   489984  V    167949  |d|     392    889k mv/s  1024  99.8  2048  99.0  4096  96.7  8192  89.3  16k  51.9  32k   0.1
ep 686000       6707s  mean    227028  max   467232  V    168073  |d|     396    888k mv/s  1024 100.0  2048  99.2  4096  96.5  8192  88.3  16k  49.8  32k   0.1
ep 688000       6728s  mean    225753  max   387028  V    168197  |d|     393    888k mv/s  1024  99.8  2048  98.8  4096  96.2  8192  87.9  16k  48.2  32k   0.0
ep 690000       6748s  mean    228807  max   525008  V    168141  |d|     393    888k mv/s  1024  99.7  2048  98.8  4096  95.2  8192  87.7  16k  51.1  32k   0.1
ep 692000       6769s  mean    228442  max   386972  V    168053  |d|     394    888k mv/s  1024  99.8  2048  99.0  4096  96.7  8192  87.9  16k  50.5  32k   0.0
ep 694000       6789s  mean    226467  max   469412  V    168233  |d|     393    888k mv/s  1024  99.8  2048  98.7  4096  96.0  8192  86.8  16k  50.5  32k   0.1
ep 696000       6809s  mean    227036  max   472860  V    168034  |d|     394    888k mv/s  1024  99.8  2048  99.2  4096  96.0  8192  87.5  16k  49.8  32k   0.1
ep 698000       6830s  mean    227084  max   387528  V    168310  |d|     393    888k mv/s  1024  99.5  2048  98.7  4096  96.2  8192  88.5  16k  49.4  32k   0.0
ep 700000       6850s  mean    225899  max   504896  V    168042  |d|     397    888k mv/s  1024  99.8  2048  98.8  4096  96.0  8192  87.8  16k  49.3  32k   0.1
ep 702000       6870s  mean    226855  max   386852  V    168583  |d|     393    888k mv/s  1024  99.9  2048  99.2  4096  96.2  8192  87.4  16k  50.3  32k   0.0
ep 704000       6890s  mean    227995  max   387272  V    168650  |d|     392    888k mv/s  1024  99.8  2048  98.7  4096  96.4  8192  89.0  16k  50.9  32k   0.0
ep 706000       6911s  mean    230660  max   387460  V    168124  |d|     395    888k mv/s  1024  99.9  2048  98.7  4096  96.7  8192  88.5  16k  52.0  32k   0.0
ep 708000       6931s  mean    228614  max   401948  V    168330  |d|     394    888k mv/s  1024  99.8  2048  99.1  4096  95.9  8192  88.8  16k  50.2  32k   0.0
ep 710000       6952s  mean    231637  max   387260  V    168162  |d|     394    888k mv/s  1024  99.8  2048  99.2  4096  96.5  8192  88.6  16k  51.8  32k   0.0
ep 712000       6973s  mean    231883  max   414044  V    168296  |d|     395    888k mv/s  1024  99.9  2048  98.8  4096  97.0  8192  88.5  16k  51.8  32k   0.0
ep 714000       6993s  mean    226935  max   468788  V    168581  |d|     394    888k mv/s  1024  99.7  2048  99.0  4096  96.2  8192  87.5  16k  49.3  32k   0.1
ep 716000       7014s  mean    227661  max   387260  V    168580  |d|     396    888k mv/s  1024  99.8  2048  98.8  4096  96.0  8192  87.3  16k  50.8  32k   0.0
ep 718000       7034s  mean    231747  max   411108  V    168412  |d|     392    888k mv/s  1024  99.5  2048  98.8  4096  96.3  8192  88.4  16k  52.0  32k   0.0
ep 720000       7055s  mean    226092  max   514104  V    169011  |d|     392    888k mv/s  1024  99.8  2048  98.5  4096  96.3  8192  87.4  16k  49.5  32k   0.1
ep 722000       7075s  mean    226477  max   488208  V    169104  |d|     392    888k mv/s  1024  99.7  2048  98.8  4096  96.2  8192  88.5  16k  49.2  32k   0.1
ep 724000       7096s  mean    230690  max   387648  V    168889  |d|     390    888k mv/s  1024  99.7  2048  98.8  4096  96.5  8192  88.8  16k  51.8  32k   0.0
ep 726000       7116s  mean    229168  max   387324  V    168830  |d|     392    888k mv/s  1024  99.8  2048  98.9  4096  96.2  8192  89.0  16k  50.0  32k   0.0
ep 728000       7137s  mean    227828  max   387248  V    169166  |d|     392    888k mv/s  1024  99.8  2048  99.3  4096  96.3  8192  87.7  16k  50.5  32k   0.0
ep 730000       7157s  mean    229834  max   536240  V    169100  |d|     394    888k mv/s  1024  99.8  2048  99.2  4096  96.7  8192  89.0  16k  51.2  32k   0.1
ep 732000       7178s  mean    227964  max   388464  V    168885  |d|     398    888k mv/s  1024 100.0  2048  98.8  4096  95.5  8192  87.9  16k  50.6  32k   0.0
ep 734000       7198s  mean    229829  max   386872  V    169496  |d|     391    888k mv/s  1024  99.8  2048  99.0  4096  96.2  8192  89.2  16k  51.5  32k   0.0
checkpoint -> runs/phase2.bin (ep 734890)
ep 736000       7219s  mean    225911  max   386300  V    169640  |d|     394    887k mv/s  1024  99.8  2048  98.8  4096  96.6  8192  88.5  16k  49.2  32k   0.0
ep 738000       7240s  mean    225739  max   548792  V    169339  |d|     395    887k mv/s  1024  99.7  2048  98.3  4096  95.7  8192  87.8  16k  49.3  32k   0.1
ep 740000       7262s  mean    226777  max   402616  V    169425  |d|     394    887k mv/s  1024  99.8  2048  99.2  4096  96.2  8192  87.3  16k  49.4  32k   0.0
ep 742000       7283s  mean    227751  max   387108  V    169215  |d|     396    887k mv/s  1024  99.7  2048  99.0  4096  96.4  8192  87.7  16k  50.5  32k   0.0
ep 744000       7304s  mean    225140  max   430232  V    169539  |d|     394    887k mv/s  1024  99.6  2048  98.3  4096  95.2  8192  88.0  16k  49.3  32k   0.0
ep 746000       7324s  mean    224358  max   387432  V    169982  |d|     394    887k mv/s  1024  99.8  2048  99.0  4096  96.2  8192  88.3  16k  48.5  32k   0.0
ep 748000       7345s  mean    228773  max   500732  V    169365  |d|     396    887k mv/s  1024  99.9  2048  99.1  4096  97.2  8192  89.0  16k  49.5  32k   0.1
ep 750000       7365s  mean    228172  max   477100  V    169674  |d|     395    887k mv/s  1024  99.7  2048  98.8  4096  96.3  8192  88.7  16k  50.6  32k   0.1
ep 752000       7386s  mean    230133  max   406812  V    169515  |d|     392    887k mv/s  1024  99.8  2048  98.8  4096  96.5  8192  89.3  16k  50.5  32k   0.0
ep 754000       7407s  mean    228853  max   400628  V    169426  |d|     394    887k mv/s  1024  99.8  2048  98.6  4096  96.1  8192  88.1  16k  50.7  32k   0.0
ep 756000       7427s  mean    230394  max   514944  V    169543  |d|     394    887k mv/s  1024  99.8  2048  99.0  4096  96.1  8192  89.2  16k  51.1  32k   0.1
ep 758000       7448s  mean    232578  max   392688  V    169607  |d|     391    887k mv/s  1024  99.8  2048  99.2  4096  96.5  8192  89.1  16k  52.4  32k   0.0
ep 760000       7468s  mean    228686  max   532612  V    169520  |d|     397    887k mv/s  1024  99.5  2048  98.8  4096  95.4  8192  88.2  16k  50.8  32k   0.1
ep 762000       7489s  mean    227721  max   387308  V    170042  |d|     393    887k mv/s  1024  99.8  2048  98.8  4096  96.0  8192  88.8  16k  51.4  32k   0.0
ep 764000       7510s  mean    228464  max   387184  V    169599  |d|     394    886k mv/s  1024  99.8  2048  99.0  4096  95.8  8192  87.4  16k  51.0  32k   0.0
ep 766000       7531s  mean    232606  max   387564  V    169552  |d|     394    886k mv/s  1024  99.8  2048  99.4  4096  96.7  8192  88.8  16k  52.5  32k   0.0
ep 768000       7552s  mean    229792  max   387312  V    169847  |d|     395    886k mv/s  1024 100.0  2048  99.2  4096  96.7  8192  89.2  16k  51.0  32k   0.0
ep 770000       7573s  mean    231421  max   387332  V    169922  |d|     392    886k mv/s  1024  99.9  2048  98.7  4096  96.0  8192  88.4  16k  52.5  32k   0.0
ep 772000       7593s  mean    225815  max   386824  V    170096  |d|     393    886k mv/s  1024  99.9  2048  98.5  4096  95.9  8192  87.6  16k  49.2  32k   0.0
ep 774000       7613s  mean    228620  max   458380  V    169929  |d|     396    886k mv/s  1024  99.7  2048  98.9  4096  95.8  8192  88.8  16k  50.2  32k   0.1
ep 776000       7633s  mean    228567  max   387084  V    170187  |d|     395    886k mv/s  1024  99.8  2048  99.2  4096  96.8  8192  89.0  16k  51.1  32k   0.0
ep 778000       7653s  mean    232788  max   502800  V    169925  |d|     395    886k mv/s  1024  99.5  2048  98.9  4096  96.6  8192  89.7  16k  52.2  32k   0.1
ep 780000       7673s  mean    235358  max   407536  V    169532  |d|     393    886k mv/s  1024  99.9  2048  99.2  4096  96.3  8192  88.5  16k  52.9  32k   0.0
ep 782000       7693s  mean    229433  max   388228  V    170413  |d|     390    886k mv/s  1024  99.7  2048  98.9  4096  96.0  8192  88.1  16k  51.4  32k   0.0
ep 784000       7713s  mean    231956  max   501744  V    169923  |d|     397    886k mv/s  1024  99.8  2048  98.8  4096  96.5  8192  89.2  16k  52.6  32k   0.1
ep 786000       7733s  mean    225860  max   523912  V    170379  |d|     397    887k mv/s  1024  99.7  2048  98.9  4096  96.3  8192  86.9  16k  50.0  32k   0.1
ep 788000       7752s  mean    229389  max   396292  V    170483  |d|     394    887k mv/s  1024  99.6  2048  99.0  4096  96.2  8192  89.0  16k  51.1  32k   0.0
ep 790000       7771s  mean    225011  max   387408  V    170725  |d|     395    887k mv/s  1024  99.8  2048  98.8  4096  95.8  8192  87.5  16k  49.0  32k   0.0
ep 792000       7791s  mean    230688  max   438208  V    170135  |d|     394    887k mv/s  1024  99.9  2048  98.9  4096  96.5  8192  87.8  16k  51.9  32k   0.0
ep 794000       7810s  mean    227409  max   469408  V    170673  |d|     392    887k mv/s  1024  99.6  2048  98.7  4096  95.7  8192  88.0  16k  49.9  32k   0.1
ep 796000       7830s  mean    228821  max   386920  V    170682  |d|     393    887k mv/s  1024  99.8  2048  99.2  4096  96.3  8192  89.2  16k  51.3  32k   0.0
ep 798000       7849s  mean    231711  max   505820  V    170170  |d|     396    887k mv/s  1024  99.6  2048  99.0  4096  96.5  8192  89.0  16k  51.6  32k   0.1
ep 800000       7869s  mean    231524  max   506456  V    170546  |d|     391    887k mv/s  1024  99.8  2048  99.2  4096  96.2  8192  88.2  16k  52.0  32k   0.1
ep 802000       7889s  mean    224814  max   386912  V    170858  |d|     393    887k mv/s  1024  99.7  2048  98.8  4096  95.5  8192  87.3  16k  48.8  32k   0.0
ep 804000       7908s  mean    229113  max   524872  V    170622  |d|     393    887k mv/s  1024  99.8  2048  99.0  4096  96.0  8192  87.2  16k  50.6  32k   0.1
ep 806000       7927s  mean    229270  max   521368  V    170753  |d|     393    887k mv/s  1024  99.9  2048  99.0  4096  96.2  8192  88.6  16k  50.1  32k   0.1
ep 808000       7947s  mean    227883  max   512216  V    170932  |d|     394    887k mv/s  1024  99.6  2048  99.0  4096  96.3  8192  87.7  16k  50.7  32k   0.1
ep 810000       7967s  mean    229984  max   512876  V    170654  |d|     394    887k mv/s  1024  99.8  2048  99.0  4096  96.0  8192  88.1  16k  51.8  32k   0.1
ep 812000       7987s  mean    233087  max   388112  V    170441  |d|     396    888k mv/s  1024  99.8  2048  99.2  4096  96.2  8192  88.0  16k  52.6  32k   0.0
ep 814000       8007s  mean    230664  max   504500  V    170793  |d|     393    888k mv/s  1024  99.8  2048  99.2  4096  96.8  8192  89.3  16k  50.4  32k   0.1
ep 816000       8025s  mean    229849  max   402260  V    171095  |d|     393    888k mv/s  1024  99.7  2048  99.0  4096  96.6  8192  88.7  16k  51.8  32k   0.0
ep 818000       8045s  mean    232952  max   547832  V    170518  |d|     396    888k mv/s  1024  99.8  2048  99.0  4096  96.8  8192  89.3  16k  52.5  32k   0.1
ep 820000       8064s  mean    231445  max   533100  V    170757  |d|     397    888k mv/s  1024  99.8  2048  99.0  4096  96.8  8192  88.9  16k  51.7  32k   0.1
ep 822000       8083s  mean    229310  max   387220  V    170927  |d|     396    888k mv/s  1024  99.7  2048  98.8  4096  96.0  8192  87.1  16k  51.4  32k   0.0
ep 824000       8102s  mean    229959  max   387200  V    171080  |d|     393    888k mv/s  1024  99.5  2048  98.8  4096  95.8  8192  88.0  16k  51.1  32k   0.0
ep 826000       8121s  mean    232231  max   488924  V    170876  |d|     396    888k mv/s  1024 100.0  2048  99.1  4096  96.0  8192  88.6  16k  52.4  32k   0.1
ep 828000       8141s  mean    229669  max   387524  V    171500  |d|     393    888k mv/s  1024  99.5  2048  98.7  4096  96.5  8192  88.8  16k  51.1  32k   0.0
ep 830000       8161s  mean    232300  max   387364  V    170978  |d|     394    889k mv/s  1024  99.9  2048  99.3  4096  96.5  8192  88.5  16k  52.3  32k   0.0
ep 832000       8181s  mean    230160  max   404736  V    171206  |d|     395    889k mv/s  1024  99.7  2048  99.1  4096  96.3  8192  87.8  16k  52.0  32k   0.0
ep 834000       8200s  mean    229056  max   500312  V    171394  |d|     394    889k mv/s  1024  99.8  2048  98.9  4096  96.0  8192  88.5  16k  50.6  32k   0.1
ep 836000       8219s  mean    228703  max   500760  V    171211  |d|     397    889k mv/s  1024  99.5  2048  98.9  4096  96.2  8192  88.3  16k  50.1  32k   0.1
ep 838000       8239s  mean    227660  max   487824  V    171555  |d|     396    889k mv/s  1024  99.8  2048  99.1  4096  96.8  8192  88.2  16k  50.2  32k   0.1
ep 840000       8258s  mean    231531  max   479060  V    171423  |d|     392    889k mv/s  1024  99.8  2048  99.0  4096  96.3  8192  89.0  16k  51.7  32k   0.1
ep 842000       8278s  mean    229999  max   470036  V    171443  |d|     397    889k mv/s  1024  99.5  2048  98.6  4096  96.2  8192  88.3  16k  51.9  32k   0.0
ep 844000       8298s  mean    229841  max   530340  V    171502  |d|     391    889k mv/s  1024  99.5  2048  98.7  4096  95.7  8192  88.0  16k  51.0  32k   0.1
ep 846000       8317s  mean    226101  max   584548  V    171643  |d|     399    889k mv/s  1024  99.5  2048  98.7  4096  96.0  8192  87.9  16k  49.5  32k   0.1
ep 848000       8336s  mean    229797  max   532844  V    171768  |d|     393    889k mv/s  1024  99.8  2048  99.0  4096  96.7  8192  88.3  16k  50.8  32k   0.1
ep 850000       8355s  mean    229162  max   460348  V    171610  |d|     395    889k mv/s  1024  99.6  2048  98.8  4096  96.0  8192  88.2  16k  51.0  32k   0.1
ep 852000       8375s  mean    232162  max   455904  V    171558  |d|     396    889k mv/s  1024  99.7  2048  98.7  4096  96.2  8192  89.6  16k  52.0  32k   0.1
ep 854000       8394s  mean    225977  max   386520  V    172162  |d|     393    890k mv/s  1024  99.5  2048  98.6  4096  96.2  8192  87.7  16k  50.1  32k   0.0
checkpoint -> runs/phase2.bin (ep 855417)
ep 856000       8414s  mean    233139  max   418228  V    171611  |d|     395    890k mv/s  1024  99.8  2048  99.1  4096  96.8  8192  88.8  16k  53.1  32k   0.0
ep 858000       8435s  mean    232011  max   489496  V    171547  |d|     394    890k mv/s  1024  99.8  2048  98.6  4096  96.0  8192  88.0  16k  52.4  32k   0.1
ep 860000       8454s  mean    229990  max   487980  V    171795  |d|     396    890k mv/s  1024  99.5  2048  98.9  4096  96.6  8192  88.2  16k  51.1  32k   0.1
ep 862000       8474s  mean    229594  max   467216  V    171840  |d|     397    890k mv/s  1024  99.6  2048  99.0  4096  96.5  8192  88.4  16k  50.5  32k   0.1
ep 864000       8493s  mean    226615  max   425176  V    172220  |d|     395    890k mv/s  1024  99.6  2048  98.6  4096  96.0  8192  88.2  16k  49.5  32k   0.0
ep 866000       8512s  mean    231501  max   443272  V    171906  |d|     397    890k mv/s  1024  99.7  2048  98.5  4096  96.1  8192  89.0  16k  51.7  32k   0.0
ep 868000       8532s  mean    230121  max   388364  V    172018  |d|     395    890k mv/s  1024  99.8  2048  98.8  4096  95.7  8192  88.9  16k  51.5  32k   0.0
ep 870000       8551s  mean    231452  max   386996  V    171765  |d|     396    890k mv/s  1024  99.7  2048  98.8  4096  96.3  8192  88.8  16k  51.3  32k   0.0
ep 872000       8571s  mean    232838  max   511312  V    172048  |d|     393    890k mv/s  1024  99.6  2048  98.7  4096  96.5  8192  88.1  16k  53.1  32k   0.1
ep 874000       8591s  mean    235816  max   400428  V    171695  |d|     397    890k mv/s  1024  99.8  2048  99.2  4096  96.5  8192  87.8  16k  54.9  32k   0.0
ep 876000       8611s  mean    227387  max   409044  V    172498  |d|     392    890k mv/s  1024  99.8  2048  98.9  4096  95.8  8192  87.5  16k  50.4  32k   0.0
ep 878000       8631s  mean    227915  max   484876  V    172587  |d|     396    890k mv/s  1024  99.8  2048  99.0  4096  96.7  8192  88.5  16k  50.2  32k   0.1
ep 880000       8650s  mean    227155  max   387416  V    172574  |d|     397    890k mv/s  1024  99.7  2048  99.0  4096  96.5  8192  88.4  16k  50.4  32k   0.0
ep 882000       8670s  mean    229440  max   469904  V    172524  |d|     395    890k mv/s  1024  99.8  2048  98.7  4096  95.6  8192  87.5  16k  51.5  32k   0.1
ep 884000       8690s  mean    231996  max   514504  V    171904  |d|     399    890k mv/s  1024  99.7  2048  98.5  4096  96.3  8192  88.2  16k  52.6  32k   0.1
ep 886000       8710s  mean    234385  max   386980  V    171792  |d|     396    890k mv/s  1024  99.5  2048  98.8  4096  96.2  8192  89.0  16k  52.5  32k   0.0
ep 888000       8730s  mean    231104  max   386876  V    172547  |d|     392    890k mv/s  1024  99.5  2048  98.6  4096  96.0  8192  88.2  16k  52.0  32k   0.0
ep 890000       8750s  mean    226511  max   406452  V    172806  |d|     396    890k mv/s  1024  99.7  2048  98.8  4096  95.8  8192  87.2  16k  49.8  32k   0.0
ep 892000       8770s  mean    232111  max   499044  V    172194  |d|     397    891k mv/s  1024  99.7  2048  98.7  4096  95.6  8192  88.3  16k  52.3  32k   0.1
ep 894000       8790s  mean    234911  max   529196  V    172421  |d|     395    891k mv/s  1024  99.7  2048  99.0  4096  96.8  8192  89.2  16k  53.9  32k   0.1
ep 896000       8810s  mean    230599  max   409864  V    172617  |d|     397    891k mv/s  1024  99.8  2048  98.7  4096  95.7  8192  88.2  16k  52.1  32k   0.0
ep 898000       8830s  mean    230458  max   511376  V    172667  |d|     395    891k mv/s  1024  99.7  2048  99.3  4096  96.2  8192  87.6  16k  51.8  32k   0.1
ep 900000       8850s  mean    231081  max   387596  V    172656  |d|     396    891k mv/s  1024  99.8  2048  99.2  4096  96.4  8192  88.3  16k  51.3  32k   0.0
ep 902000       8870s  mean    230316  max   411176  V    172858  |d|     395    891k mv/s  1024  99.5  2048  98.7  4096  96.3  8192  88.8  16k  51.5  32k   0.0
ep 904000       8890s  mean    229710  max   533580  V    172848  |d|     397    891k mv/s  1024  99.7  2048  98.7  4096  95.5  8192  87.6  16k  52.0  32k   0.1
ep 906000       8910s  mean    232749  max   387400  V    172441  |d|     399    891k mv/s  1024  99.9  2048  99.1  4096  96.7  8192  89.0  16k  52.0  32k   0.0
ep 908000       8931s  mean    234944  max   534148  V    172507  |d|     397    891k mv/s  1024  99.5  2048  98.5  4096  96.4  8192  90.2  16k  52.6  32k   0.1
ep 910000       8951s  mean    229067  max   418844  V    172846  |d|     396    891k mv/s  1024  99.7  2048  98.6  4096  95.8  8192  87.7  16k  51.1  32k   0.0
ep 912000       8971s  mean    232361  max   387384  V    173044  |d|     394    891k mv/s  1024  99.8  2048  99.0  4096  96.6  8192  89.2  16k  52.5  32k   0.0
ep 914000       8991s  mean    231634  max   387252  V    172879  |d|     399    891k mv/s  1024  99.8  2048  99.1  4096  96.4  8192  88.5  16k  52.5  32k   0.0
ep 916000       9011s  mean    229076  max   490612  V    173215  |d|     397    891k mv/s  1024  99.8  2048  98.7  4096  96.2  8192  88.0  16k  50.8  32k   0.1
ep 918000       9031s  mean    229349  max   387096  V    173199  |d|     396    891k mv/s  1024  99.8  2048  98.8  4096  95.5  8192  87.8  16k  51.5  32k   0.0
ep 920000       9050s  mean    229641  max   401488  V    173029  |d|     397    891k mv/s  1024  99.7  2048  98.8  4096  96.2  8192  88.3  16k  50.5  32k   0.0
ep 922000       9071s  mean    232252  max   389376  V    172770  |d|     400    891k mv/s  1024  99.8  2048  98.7  4096  96.2  8192  87.9  16k  52.9  32k   0.0
ep 924000       9090s  mean    229774  max   410676  V    173036  |d|     397    891k mv/s  1024  99.6  2048  99.0  4096  95.8  8192  87.3  16k  51.9  32k   0.0
ep 926000       9110s  mean    231937  max   390292  V    173486  |d|     393    891k mv/s  1024  99.7  2048  99.0  4096  96.2  8192  88.8  16k  52.6  32k   0.0
ep 928000       9131s  mean    231914  max   531404  V    173182  |d|     396    891k mv/s  1024  99.5  2048  98.5  4096  95.3  8192  88.5  16k  52.5  32k   0.1
ep 930000       9151s  mean    231982  max   490484  V    173302  |d|     393    891k mv/s  1024  99.6  2048  98.8  4096  96.4  8192  89.3  16k  51.3  32k   0.1
ep 932000       9171s  mean    232998  max   388140  V    173508  |d|     393    891k mv/s  1024  99.7  2048  98.8  4096  96.3  8192  88.8  16k  53.0  32k   0.0
ep 934000       9191s  mean    233919  max   401916  V    173287  |d|     395    891k mv/s  1024  99.8  2048  99.2  4096  96.5  8192  88.8  16k  53.0  32k   0.0
ep 936000       9211s  mean    233767  max   500000  V    173057  |d|     396    891k mv/s  1024  99.8  2048  99.1  4096  96.1  8192  88.0  16k  53.0  32k   0.1
ep 938000       9231s  mean    230305  max   387364  V    173765  |d|     395    891k mv/s  1024  99.7  2048  99.0  4096  96.2  8192  89.0  16k  51.0  32k   0.0
ep 940000       9251s  mean    228827  max   386904  V    173725  |d|     394    891k mv/s  1024  99.7  2048  98.9  4096  95.0  8192  87.2  16k  51.8  32k   0.0
ep 942000       9271s  mean    227827  max   504656  V    173931  |d|     396    891k mv/s  1024  99.8  2048  99.0  4096  95.3  8192  87.6  16k  50.4  32k   0.1
ep 944000       9291s  mean    231072  max   464492  V    173620  |d|     396    891k mv/s  1024  99.7  2048  99.0  4096  96.0  8192  88.7  16k  51.2  32k   0.1
ep 946000       9311s  mean    230653  max   576024  V    173521  |d|     400    891k mv/s  1024  99.5  2048  98.4  4096  95.5  8192  87.8  16k  51.8  32k   0.1
ep 948000       9331s  mean    231898  max   528224  V    173325  |d|     401    891k mv/s  1024  99.7  2048  99.0  4096  95.8  8192  87.2  16k  52.5  32k   0.1
ep 950000       9350s  mean    228929  max   524012  V    173973  |d|     398    891k mv/s  1024  99.8  2048  99.0  4096  95.9  8192  88.0  16k  51.2  32k   0.1
ep 952000       9370s  mean    231329  max   387064  V    173506  |d|     403    891k mv/s  1024  99.5  2048  98.5  4096  95.8  8192  88.2  16k  52.6  32k   0.0
ep 954000       9390s  mean    227492  max   493420  V    174238  |d|     397    891k mv/s  1024  99.5  2048  98.6  4096  95.6  8192  87.5  16k  50.9  32k   0.1
ep 956000       9410s  mean    233148  max   514780  V    173872  |d|     396    891k mv/s  1024  99.3  2048  98.3  4096  96.0  8192  89.4  16k  53.2  32k   0.1
ep 958000       9430s  mean    233192  max   402512  V    173858  |d|     393    891k mv/s  1024  99.8  2048  99.1  4096  96.5  8192  89.1  16k  52.1  32k   0.0
ep 960000       9451s  mean    232102  max   469804  V    173785  |d|     398    891k mv/s  1024  99.7  2048  99.0  4096  97.0  8192  88.6  16k  51.8  32k   0.1
ep 962000       9471s  mean    233786  max   387348  V    173716  |d|     397    892k mv/s  1024  99.6  2048  98.5  4096  96.3  8192  89.5  16k  52.7  32k   0.0
ep 964000       9491s  mean    230743  max   548248  V    173959  |d|     398    892k mv/s  1024  99.8  2048  99.2  4096  96.3  8192  88.0  16k  51.5  32k   0.1
ep 966000       9511s  mean    229372  max   478636  V    174274  |d|     395    892k mv/s  1024  99.7  2048  98.5  4096  95.7  8192  88.7  16k  51.1  32k   0.1
ep 968000       9531s  mean    231866  max   513080  V    173993  |d|     398    892k mv/s  1024  99.7  2048  99.0  4096  96.1  8192  88.7  16k  52.2  32k   0.1
ep 970000       9551s  mean    230402  max   410676  V    174375  |d|     397    892k mv/s  1024  99.8  2048  98.8  4096  95.9  8192  88.8  16k  52.0  32k   0.0
ep 972000       9571s  mean    233504  max   536376  V    173710  |d|     401    892k mv/s  1024  99.7  2048  98.6  4096  96.3  8192  88.4  16k  52.8  32k   0.1
ep 974000       9591s  mean    227875  max   485860  V    174434  |d|     400    892k mv/s  1024  99.6  2048  98.6  4096  96.5  8192  88.2  16k  50.5  32k   0.1
saving final checkpoint -> runs/phase2.bin
done: 975099 episodes, 8561510093 moves, 9605.8 s
loading runs/final_best.bin ...
resumed 1 stage(s)
patterns=8  weights/stage=134217728  stages=1  memory=1.50 GiB  threads=14  alpha=0.050  TC=on
ep 2000           21s  mean    231279  max   490848  V    172059  |d|     390    876k mv/s  1024  99.6  2048  98.2  4096  96.0  8192  89.6  16k  52.0  32k   0.1
ep 4000           41s  mean    229914  max   511580  V    171523  |d|     398    878k mv/s  1024  99.6  2048  98.9  4096  96.5  8192  88.4  16k  50.9  32k   0.1
ep 6000           62s  mean    231695  max   578520  V    171555  |d|     398    873k mv/s  1024  99.8  2048  99.0  4096  96.5  8192  87.8  16k  51.5  32k   0.1
ep 8000           82s  mean    227169  max   555056  V    172093  |d|     394    875k mv/s  1024  99.8  2048  99.0  4096  95.8  8192  88.0  16k  49.4  32k   0.1
ep 10000         103s  mean    229516  max   533156  V    171984  |d|     393    878k mv/s  1024  99.7  2048  98.8  4096  96.0  8192  87.3  16k  52.0  32k   0.1
ep 12000         123s  mean    232308  max   474564  V    171732  |d|     393    882k mv/s  1024  99.7  2048  99.0  4096  96.7  8192  88.3  16k  52.2  32k   0.1
ep 14000         143s  mean    229581  max   386884  V    172006  |d|     396    884k mv/s  1024  99.7  2048  98.8  4096  96.3  8192  88.7  16k  51.2  32k   0.0
ep 16000         163s  mean    228954  max   387024  V    172143  |d|     394    887k mv/s  1024  99.7  2048  98.9  4096  96.3  8192  88.5  16k  50.9  32k   0.0
ep 18000         183s  mean    230922  max   522012  V    172018  |d|     394    888k mv/s  1024  99.7  2048  99.1  4096  96.3  8192  88.0  16k  52.2  32k   0.1
ep 20000         203s  mean    233236  max   498524  V    171728  |d|     393    890k mv/s  1024  99.5  2048  98.2  4096  95.5  8192  88.9  16k  53.0  32k   0.1
ep 22000         223s  mean    226907  max   489564  V    172486  |d|     390    891k mv/s  1024  99.7  2048  99.0  4096  96.5  8192  87.4  16k  50.1  32k   0.1
ep 24000         242s  mean    228322  max   387532  V    172006  |d|     395    892k mv/s  1024  99.6  2048  98.8  4096  96.2  8192  87.7  16k  50.5  32k   0.0
ep 26000         262s  mean    229350  max   564108  V    171946  |d|     394    893k mv/s  1024  99.8  2048  99.1  4096  96.3  8192  87.8  16k  51.4  32k   0.1
ep 28000         282s  mean    227394  max   508892  V    171962  |d|     395    894k mv/s  1024  99.7  2048  98.5  4096  95.6  8192  87.3  16k  50.2  32k   0.1
ep 30000         302s  mean    231827  max   535448  V    171948  |d|     397    895k mv/s  1024  99.7  2048  99.2  4096  96.8  8192  88.0  16k  52.5  32k   0.1
ep 32000         322s  mean    230353  max   486628  V    172341  |d|     392    895k mv/s  1024  99.8  2048  99.2  4096  97.4  8192  88.5  16k  50.6  32k   0.1
ep 34000         342s  mean    231051  max   472064  V    172212  |d|     394    896k mv/s  1024 100.0  2048  99.2  4096  96.0  8192  89.3  16k  51.6  32k   0.0
ep 36000         362s  mean    235671  max   516520  V    171611  |d|     396    896k mv/s  1024  99.7  2048  98.8  4096  96.4  8192  89.3  16k  53.6  32k   0.1
ep 38000         382s  mean    232334  max   508280  V    171770  |d|     396    896k mv/s  1024  99.8  2048  98.8  4096  95.8  8192  87.5  16k  52.8  32k   0.1
ep 40000         402s  mean    224765  max   387440  V    172562  |d|     397    897k mv/s  1024  99.5  2048  98.8  4096  96.5  8192  87.9  16k  48.6  32k   0.0
ep 42000         422s  mean    230882  max   553544  V    172316  |d|     393    897k mv/s  1024  99.8  2048  99.3  4096  96.9  8192  87.8  16k  51.6  32k   0.1
ep 44000         442s  mean    228962  max   504376  V    172221  |d|     397    897k mv/s  1024  99.7  2048  98.8  4096  96.0  8192  87.7  16k  51.2  32k   0.1
ep 46000         462s  mean    232223  max   535620  V    171901  |d|     394    898k mv/s  1024  99.5  2048  98.5  4096  96.2  8192  87.8  16k  52.0  32k   0.1
ep 48000         482s  mean    230899  max   387260  V    172418  |d|     392    898k mv/s  1024  99.5  2048  99.0  4096  96.1  8192  88.9  16k  51.7  32k   0.0
ep 50000         502s  mean    229797  max   526344  V    172409  |d|     393    898k mv/s  1024  99.7  2048  99.0  4096  96.0  8192  87.5  16k  52.0  32k   0.1
ep 52000         522s  mean    232049  max   524000  V    172271  |d|     394    898k mv/s  1024  99.8  2048  99.3  4096  96.7  8192  88.9  16k  51.8  32k   0.1
ep 54000         542s  mean    232462  max   388356  V    172305  |d|     390    899k mv/s  1024  99.4  2048  98.8  4096  96.2  8192  89.2  16k  52.2  32k   0.0
ep 56000         562s  mean    231162  max   387548  V    172270  |d|     393    899k mv/s  1024  99.9  2048  99.2  4096  96.8  8192  89.0  16k  50.9  32k   0.0
ep 58000         582s  mean    230374  max   402364  V    172306  |d|     394    899k mv/s  1024  99.5  2048  98.5  4096  96.4  8192  88.8  16k  51.1  32k   0.0
ep 60000         602s  mean    227749  max   386564  V    172694  |d|     394    899k mv/s  1024  99.5  2048  98.7  4096  95.8  8192  87.5  16k  50.4  32k   0.0
ep 62000         622s  mean    231652  max   533388  V    172386  |d|     395    899k mv/s  1024  99.8  2048  99.0  4096  95.9  8192  88.0  16k  52.7  32k   0.1
ep 64000         642s  mean    233572  max   524396  V    172109  |d|     394    899k mv/s  1024  99.7  2048  98.8  4096  96.5  8192  88.8  16k  52.6  32k   0.1
ep 66000         662s  mean    234501  max   388552  V    171987  |d|     397    900k mv/s  1024  99.8  2048  98.8  4096  96.3  8192  89.7  16k  53.2  32k   0.0
ep 68000         682s  mean    230799  max   439228  V    172274  |d|     396    900k mv/s  1024  99.6  2048  98.6  4096  96.2  8192  88.0  16k  51.5  32k   0.0
ep 70000         702s  mean    230479  max   468964  V    172550  |d|     394    901k mv/s  1024  99.7  2048  98.8  4096  96.3  8192  88.9  16k  51.0  32k   0.1
ep 72000         722s  mean    229073  max   526496  V    172709  |d|     392    900k mv/s  1024  99.8  2048  98.9  4096  95.8  8192  88.7  16k  49.9  32k   0.1
ep 74000         742s  mean    232728  max   389244  V    172471  |d|     395    901k mv/s  1024  99.8  2048  99.2  4096  96.9  8192  90.2  16k  51.8  32k   0.0
ep 76000         762s  mean    231572  max   386692  V    172170  |d|     398    901k mv/s  1024  99.8  2048  98.9  4096  96.8  8192  88.9  16k  50.6  32k   0.0
ep 78000         782s  mean    232428  max   492928  V    172769  |d|     394    901k mv/s  1024  99.9  2048  99.3  4096  97.0  8192  89.5  16k  52.0  32k   0.1
ep 80000         802s  mean    231190  max   511276  V    172612  |d|     396    901k mv/s  1024  99.7  2048  99.0  4096  96.7  8192  88.3  16k  51.7  32k   0.1
ep 82000         823s  mean    234653  max   437196  V    172421  |d|     392    900k mv/s  1024  99.5  2048  98.7  4096  96.5  8192  89.6  16k  52.6  32k   0.0
ep 84000         843s  mean    230920  max   513520  V    172710  |d|     391    900k mv/s  1024  99.8  2048  99.0  4096  96.6  8192  88.2  16k  52.0  32k   0.1
ep 86000         863s  mean    232527  max   489312  V    172584  |d|     392    900k mv/s  1024  99.8  2048  99.0  4096  96.3  8192  89.3  16k  51.8  32k   0.1
ep 88000         884s  mean    233235  max   443156  V    172360  |d|     394    900k mv/s  1024  99.7  2048  99.0  4096  96.0  8192  87.7  16k  53.0  32k   0.0
checkpoint -> runs/model.bin (ep 89671)
ep 90000         903s  mean    229780  max   512924  V    172664  |d|     395    901k mv/s  1024  99.8  2048  98.8  4096  96.0  8192  88.6  16k  51.0  32k   0.1
ep 92000         923s  mean    230485  max   492760  V    172849  |d|     394    900k mv/s  1024  99.8  2048  98.7  4096  96.1  8192  88.8  16k  51.5  32k   0.1
ep 94000         943s  mean    231674  max   534052  V    172725  |d|     393    901k mv/s  1024  99.7  2048  99.0  4096  96.5  8192  89.0  16k  52.9  32k   0.1
ep 96000         964s  mean    231976  max   461816  V    172735  |d|     391    900k mv/s  1024  99.6  2048  99.0  4096  96.2  8192  89.2  16k  51.3  32k   0.1
ep 98000         985s  mean    234906  max   470688  V    172672  |d|     394    900k mv/s  1024  99.8  2048  99.0  4096  96.8  8192  89.5  16k  53.9  32k   0.1
ep 100000       1005s  mean    226355  max   387192  V    172974  |d|     397    900k mv/s  1024  99.7  2048  99.0  4096  95.7  8192  87.7  16k  49.4  32k   0.0
ep 102000       1024s  mean    226758  max   509500  V    173153  |d|     394    900k mv/s  1024  99.5  2048  98.7  4096  96.1  8192  88.0  16k  49.6  32k   0.1
ep 104000       1044s  mean    226700  max   406180  V    172943  |d|     398    900k mv/s  1024  99.8  2048  99.0  4096  95.7  8192  87.6  16k  49.5  32k   0.0
ep 106000       1064s  mean    232038  max   388424  V    172565  |d|     394    900k mv/s  1024  99.7  2048  99.0  4096  96.3  8192  88.7  16k  51.5  32k   0.0
ep 108000       1084s  mean    230347  max   504696  V    173281  |d|     390    900k mv/s  1024  99.7  2048  98.8  4096  96.5  8192  88.8  16k  50.9  32k   0.1
ep 110000       1105s  mean    226491  max   387400  V    173216  |d|     396    899k mv/s  1024  99.5  2048  98.6  4096  96.2  8192  88.2  16k  49.5  32k   0.0
ep 112000       1125s  mean    232936  max   410836  V    172858  |d|     392    899k mv/s  1024  99.8  2048  98.9  4096  96.5  8192  89.0  16k  51.9  32k   0.0
ep 114000       1144s  mean    226855  max   530752  V    173080  |d|     397    899k mv/s  1024  99.8  2048  98.8  4096  96.0  8192  87.2  16k  49.9  32k   0.1
ep 116000       1164s  mean    232515  max   487960  V    172871  |d|     394    900k mv/s  1024  99.7  2048  98.8  4096  96.8  8192  88.3  16k  52.6  32k   0.1
ep 118000       1184s  mean    232064  max   534476  V    172988  |d|     393    900k mv/s  1024  99.8  2048  99.1  4096  97.2  8192  88.7  16k  52.6  32k   0.1
ep 120000       1204s  mean    232219  max   387160  V    173082  |d|     393    900k mv/s  1024  99.8  2048  99.3  4096  96.9  8192  89.0  16k  51.8  32k   0.0
ep 122000       1225s  mean    232370  max   409608  V    173189  |d|     392    900k mv/s  1024  99.8  2048  99.2  4096  96.7  8192  88.8  16k  53.0  32k   0.0
ep 124000       1246s  mean    233526  max   468780  V    172720  |d|     395    899k mv/s  1024  99.7  2048  98.8  4096  96.2  8192  89.1  16k  53.2  32k   0.1
ep 126000       1265s  mean    231454  max   560864  V    172994  |d|     393    900k mv/s  1024  99.7  2048  98.8  4096  96.0  8192  88.4  16k  53.0  32k   0.1
ep 128000       1285s  mean    229644  max   556368  V    173135  |d|     394    900k mv/s  1024  99.8  2048  98.8  4096  96.0  8192  87.8  16k  51.5  32k   0.1
ep 130000       1305s  mean    229774  max   390176  V    173341  |d|     393    900k mv/s  1024  99.7  2048  99.2  4096  96.8  8192  88.2  16k  51.5  32k   0.0
ep 132000       1324s  mean    231029  max   490928  V    173107  |d|     394    901k mv/s  1024  99.7  2048  99.0  4096  96.2  8192  89.0  16k  51.5  32k   0.1
ep 134000       1344s  mean    230060  max   531512  V    173141  |d|     396    901k mv/s  1024  99.7  2048  98.8  4096  95.8  8192  88.0  16k  51.3  32k   0.1
ep 136000       1365s  mean    230347  max   554092  V    173497  |d|     390    900k mv/s  1024  99.8  2048  99.0  4096  96.3  8192  89.0  16k  51.0  32k   0.1
ep 138000       1385s  mean    234413  max   410744  V    173098  |d|     393    900k mv/s  1024  99.7  2048  99.0  4096  96.8  8192  89.5  16k  52.8  32k   0.0
ep 140000       1405s  mean    230743  max   386924  V    173539  |d|     391    900k mv/s  1024  99.6  2048  99.0  4096  96.5  8192  88.3  16k  51.9  32k   0.0
ep 142000       1425s  mean    230050  max   531860  V    173367  |d|     394    901k mv/s  1024  99.3  2048  98.8  4096  96.8  8192  88.8  16k  50.6  32k   0.1
ep 144000       1445s  mean    234366  max   502316  V    173261  |d|     389    901k mv/s  1024  99.7  2048  98.9  4096  96.2  8192  88.7  16k  52.6  32k   0.1
ep 146000       1465s  mean    229928  max   387000  V    173304  |d|     394    901k mv/s  1024  99.3  2048  98.8  4096  95.8  8192  88.8  16k  50.8  32k   0.0
ep 148000       1485s  mean    230233  max   387244  V    173593  |d|     390    901k mv/s  1024  99.8  2048  98.8  4096  96.1  8192  88.5  16k  51.3  32k   0.0
ep 150000       1505s  mean    231198  max   405828  V    173308  |d|     394    900k mv/s  1024  99.5  2048  98.8  4096  96.2  8192  88.7  16k  51.9  32k   0.0
ep 152000       1526s  mean    234877  max   399852  V    173042  |d|     394    900k mv/s  1024  99.7  2048  98.9  4096  96.2  8192  89.2  16k  53.5  32k   0.0
ep 154000       1546s  mean    230242  max   529696  V    173585  |d|     392    900k mv/s  1024  99.9  2048  99.1  4096  96.7  8192  88.0  16k  51.5  32k   0.1
ep 156000       1566s  mean    233266  max   387420  V    173251  |d|     396    900k mv/s  1024  99.9  2048  99.2  4096  97.0  8192  88.3  16k  52.9  32k   0.0
ep 158000       1586s  mean    231434  max   479460  V    173341  |d|     396    901k mv/s  1024  99.8  2048  99.0  4096  96.5  8192  88.8  16k  52.1  32k   0.1
ep 160000       1606s  mean    232196  max   578920  V    173576  |d|     391    901k mv/s  1024  99.8  2048  99.0  4096  96.9  8192  89.0  16k  51.3  32k   0.1
ep 162000       1627s  mean    234492  max   499732  V    173216  |d|     394    900k mv/s  1024  99.7  2048  99.0  4096  96.2  8192  88.7  16k  54.5  32k   0.1
ep 164000       1647s  mean    232543  max   525180  V    173306  |d|     395    900k mv/s  1024  99.7  2048  98.8  4096  96.8  8192  89.0  16k  52.3  32k   0.1
ep 166000       1667s  mean    232353  max   387040  V    173604  |d|     393    900k mv/s  1024  99.9  2048  99.0  4096  96.5  8192  89.2  16k  52.6  32k   0.0
ep 168000       1687s  mean    229836  max   533444  V    173433  |d|     394    901k mv/s  1024  99.8  2048  98.8  4096  96.0  8192  88.0  16k  51.5  32k   0.1
ep 170000       1706s  mean    230183  max   388100  V    173594  |d|     394    901k mv/s  1024  99.6  2048  98.9  4096  96.2  8192  88.2  16k  51.5  32k   0.0
ep 172000       1726s  mean    235004  max   530848  V    173360  |d|     394    901k mv/s  1024  99.7  2048  99.0  4096  96.7  8192  89.0  16k  53.6  32k   0.1
ep 174000       1747s  mean    231953  max   527576  V    173381  |d|     397    901k mv/s  1024  99.8  2048  99.0  4096  96.3  8192  88.1  16k  52.2  32k   0.2
ep 176000       1768s  mean    235056  max   533240  V    173643  |d|     392    901k mv/s  1024  99.8  2048  99.3  4096  97.0  8192  89.4  16k  54.3  32k   0.1
ep 178000       1788s  mean    234396  max   387184  V    173215  |d|     395    901k mv/s  1024  99.7  2048  99.0  4096  96.0  8192  88.0  16k  53.4  32k   0.0
checkpoint -> runs/model.bin (ep 179345)
ep 180000       1808s  mean    233426  max   530748  V    173476  |d|     396    901k mv/s  1024  99.7  2048  99.2  4096  96.3  8192  89.5  16k  52.5  32k   0.1
ep 182000       1828s  mean    234160  max   410468  V    173171  |d|     395    901k mv/s  1024  99.4  2048  98.5  4096  96.0  8192  88.3  16k  53.2  32k   0.0
ep 184000       1847s  mean    231098  max   489744  V    173658  |d|     395    901k mv/s  1024  99.5  2048  98.9  4096  95.9  8192  88.7  16k  52.6  32k   0.1
ep 186000       1867s  mean    229759  max   502672  V    173893  |d|     396    901k mv/s  1024  99.8  2048  99.1  4096  96.2  8192  87.9  16k  51.6  32k   0.1
ep 188000       1887s  mean    229630  max   387224  V    173966  |d|     394    901k mv/s  1024  99.8  2048  98.8  4096  96.2  8192  88.7  16k  51.1  32k   0.0
ep 190000       1907s  mean    228512  max   531516  V    173765  |d|     396    901k mv/s  1024  99.8  2048  98.6  4096  95.1  8192  87.3  16k  50.5  32k   0.1
ep 192000       1927s  mean    233154  max   387004  V    173611  |d|     394    902k mv/s  1024  99.7  2048  98.9  4096  96.5  8192  89.0  16k  52.9  32k   0.0
ep 194000       1947s  mean    230878  max   411180  V    173700  |d|     395    902k mv/s  1024  99.8  2048  99.2  4096  96.7  8192  88.4  16k  51.7  32k   0.0
ep 196000       1967s  mean    234867  max   411012  V    173706  |d|     394    902k mv/s  1024  99.7  2048  98.8  4096  96.8  8192  89.5  16k  53.9  32k   0.0
ep 198000       1987s  mean    232905  max   397908  V    173543  |d|     397    902k mv/s  1024  99.5  2048  98.8  4096  96.1  8192  89.8  16k  52.3  32k   0.0
ep 200000       2007s  mean    235109  max   425968  V    173624  |d|     394    902k mv/s  1024  99.8  2048  98.8  4096  96.0  8192  88.9  16k  53.7  32k   0.0
ep 202000       2028s  mean    230730  max   484920  V    173619  |d|     396    902k mv/s  1024  99.6  2048  98.9  4096  95.7  8192  86.9  16k  52.5  32k   0.1
ep 204000       2048s  mean    233674  max   386448  V    174001  |d|     392    901k mv/s  1024  99.5  2048  99.0  4096  96.6  8192  89.0  16k  52.9  32k   0.0
ep 206000       2068s  mean    232193  max   387288  V    173770  |d|     396    902k mv/s  1024  99.4  2048  99.0  4096  96.5  8192  89.1  16k  52.3  32k   0.0
ep 208000       2088s  mean    235378  max   387796  V    173761  |d|     394    902k mv/s  1024  99.7  2048  98.9  4096  96.7  8192  89.8  16k  53.5  32k   0.0
ep 210000       2108s  mean    227870  max   478248  V    174284  |d|     392    902k mv/s  1024  99.8  2048  99.0  4096  96.2  8192  88.1  16k  50.1  32k   0.1
ep 212000       2128s  mean    234954  max   386516  V    173700  |d|     393    902k mv/s  1024  99.7  2048  99.1  4096  96.2  8192  89.5  16k  53.5  32k   0.0
ep 214000       2149s  mean    234027  max   497100  V    173839  |d|     395    902k mv/s  1024  99.7  2048  98.8  4096  96.5  8192  89.5  16k  52.5  32k   0.1
ep 216000       2169s  mean    229271  max   506688  V    174089  |d|     396    902k mv/s  1024  99.6  2048  98.7  4096  95.7  8192  88.0  16k  50.8  32k   0.1
ep 218000       2189s  mean    231314  max   392588  V    174336  |d|     391    902k mv/s  1024  99.6  2048  99.1  4096  96.0  8192  89.2  16k  51.6  32k   0.0
ep 220000       2209s  mean    233803  max   533072  V    173939  |d|     393    902k mv/s  1024  99.9  2048  98.8  4096  96.0  8192  88.5  16k  52.5  32k   0.1
ep 222000       2229s  mean    232837  max   425184  V    173768  |d|     397    902k mv/s  1024  99.6  2048  98.9  4096  96.5  8192  88.8  16k  52.4  32k   0.0
ep 224000       2249s  mean    233006  max   387088  V    173924  |d|     394    902k mv/s  1024  99.8  2048  99.2  4096  96.5  8192  88.8  16k  52.8  32k   0.0
ep 226000       2270s  mean    235149  max   389312  V    174039  |d|     393    902k mv/s  1024  99.6  2048  99.0  4096  96.1  8192  89.2  16k  53.5  32k   0.0
ep 228000       2291s  mean    229625  max   387248  V    174455  |d|     392    901k mv/s  1024  99.7  2048  98.8  4096  96.0  8192  88.0  16k  51.7  32k   0.0
ep 230000       2310s  mean    230691  max   387340  V    174074  |d|     394    901k mv/s  1024  99.7  2048  98.8  4096  96.0  8192  88.8  16k  50.8  32k   0.0
ep 232000       2330s  mean    231653  max   443564  V    174163  |d|     394    901k mv/s  1024  99.5  2048  99.0  4096  96.8  8192  88.8  16k  51.8  32k   0.0
ep 234000       2350s  mean    231712  max   420852  V    174124  |d|     396    902k mv/s  1024  99.5  2048  98.5  4096  95.8  8192  88.5  16k  52.7  32k   0.0
ep 236000       2370s  mean    233180  max   484004  V    174277  |d|     394    902k mv/s  1024  99.9  2048  99.2  4096  96.8  8192  89.0  16k  52.6  32k   0.1
ep 238000       2391s  mean    236744  max   490928  V    173904  |d|     392    902k mv/s  1024  99.8  2048  99.0  4096  96.6  8192  89.2  16k  53.8  32k   0.1
ep 240000       2413s  mean    234655  max   532452  V    174136  |d|     394    901k mv/s  1024  99.8  2048  99.3  4096  97.0  8192  89.3  16k  53.1  32k   0.1
ep 242000       2433s  mean    234758  max   387356  V    174318  |d|     392    901k mv/s  1024  99.8  2048  99.1  4096  96.8  8192  90.4  16k  53.5  32k   0.0
ep 244000       2454s  mean    232055  max   478480  V    174168  |d|     396    901k mv/s  1024  99.8  2048  98.8  4096  96.2  8192  88.4  16k  53.0  32k   0.0
ep 246000       2474s  mean    232408  max   488892  V    174313  |d|     395    901k mv/s  1024  99.9  2048  99.0  4096  96.4  8192  87.5  16k  53.0  32k   0.1
ep 248000       2495s  mean    229817  max   507468  V    174575  |d|     395    901k mv/s  1024  99.8  2048  99.0  4096  96.8  8192  88.5  16k  51.9  32k   0.1
ep 250000       2515s  mean    229177  max   473804  V    174557  |d|     394    901k mv/s  1024  99.5  2048  98.8  4096  96.3  8192  88.0  16k  51.0  32k   0.1
ep 252000       2538s  mean    230974  max   386936  V    174265  |d|     394    900k mv/s  1024  99.6  2048  98.7  4096  95.9  8192  88.1  16k  51.6  32k   0.0
ep 254000       2559s  mean    234158  max   503104  V    174213  |d|     395    899k mv/s  1024  99.6  2048  99.0  4096  96.0  8192  90.1  16k  52.7  32k   0.1
ep 256000       2580s  mean    232982  max   387388  V    174378  |d|     394    899k mv/s  1024  99.5  2048  98.8  4096  95.8  8192  88.8  16k  54.0  32k   0.0
ep 258000       2603s  mean    232582  max   387292  V    174214  |d|     395    898k mv/s  1024  99.7  2048  99.0  4096  96.5  8192  88.6  16k  52.2  32k   0.0
ep 260000       2628s  mean    234086  max   535284  V    174426  |d|     393    897k mv/s  1024  99.6  2048  99.0  4096  95.9  8192  88.8  16k  53.7  32k   0.1
ep 262000       2649s  mean    233002  max   503436  V    174620  |d|     394    896k mv/s  1024  99.6  2048  99.0  4096  96.2  8192  89.0  16k  52.6  32k   0.1
ep 264000       2670s  mean    234508  max   533208  V    174589  |d|     394    896k mv/s  1024  99.9  2048  99.3  4096  97.0  8192  89.2  16k  53.7  32k   0.1
ep 266000       2690s  mean    233572  max   386948  V    174120  |d|     396    896k mv/s  1024  99.3  2048  98.4  4096  95.8  8192  89.0  16k  53.0  32k   0.0
checkpoint -> runs/model.bin (ep 267208)
ep 268000       2711s  mean    236950  max   389424  V    174044  |d|     398    896k mv/s  1024  99.8  2048  99.1  4096  96.8  8192  89.2  16k  55.0  32k   0.0
ep 270000       2731s  mean    233819  max   411068  V    174612  |d|     392    896k mv/s  1024  99.5  2048  99.2  4096  96.2  8192  88.7  16k  53.9  32k   0.0
ep 272000       2751s  mean    232129  max   386904  V    174442  |d|     395    896k mv/s  1024  99.7  2048  99.0  4096  96.2  8192  88.0  16k  52.4  32k   0.0
ep 274000       2771s  mean    231241  max   426916  V    174673  |d|     395    896k mv/s  1024  99.8  2048  99.1  4096  96.1  8192  89.6  16k  51.5  32k   0.0
ep 276000       2791s  mean    230252  max   488388  V    174612  |d|     396    896k mv/s  1024  99.7  2048  98.9  4096  96.3  8192  89.0  16k  51.4  32k   0.1
ep 278000       2813s  mean    234260  max   387124  V    174265  |d|     397    896k mv/s  1024  99.8  2048  98.8  4096  96.2  8192  89.7  16k  52.6  32k   0.0
ep 280000       2833s  mean    231708  max   579556  V    174192  |d|     396    896k mv/s  1024  99.5  2048  98.2  4096  95.9  8192  87.2  16k  52.0  32k   0.1
ep 282000       2853s  mean    230100  max   387304  V    174893  |d|     392    896k mv/s  1024  99.8  2048  98.8  4096  96.0  8192  87.6  16k  51.7  32k   0.0
ep 284000       2873s  mean    229516  max   470752  V    174907  |d|     394    896k mv/s  1024  99.5  2048  98.9  4096  95.9  8192  88.2  16k  51.0  32k   0.1
ep 286000       2893s  mean    232096  max   478616  V    174632  |d|     393    896k mv/s  1024  99.6  2048  98.5  4096  95.6  8192  87.5  16k  53.0  32k   0.0
ep 288000       2912s  mean    229724  max   513140  V    174913  |d|     394    896k mv/s  1024  99.7  2048  98.8  4096  95.5  8192  87.4  16k  52.0  32k   0.1
ep 290000       2933s  mean    232533  max   387560  V    174870  |d|     394    896k mv/s  1024  99.5  2048  98.8  4096  96.6  8192  88.6  16k  52.3  32k   0.0
ep 292000       2954s  mean    235128  max   513628  V    174437  |d|     393    896k mv/s  1024  99.8  2048  98.9  4096  95.7  8192  87.2  16k  54.5  32k   0.1
ep 294000       2974s  mean    230790  max   524528  V    175024  |d|     393    896k mv/s  1024  99.7  2048  99.0  4096  96.0  8192  88.6  16k  51.5  32k   0.1
ep 296000       2994s  mean    234775  max   386960  V    174920  |d|     391    896k mv/s  1024  99.5  2048  98.5  4096  95.8  8192  88.8  16k  54.0  32k   0.0
ep 298000       3014s  mean    232795  max   387112  V    175008  |d|     393    896k mv/s  1024  99.8  2048  98.9  4096  97.0  8192  89.0  16k  52.9  32k   0.0
ep 300000       3034s  mean    231797  max   386824  V    174709  |d|     396    896k mv/s  1024  99.6  2048  98.9  4096  96.1  8192  88.1  16k  52.5  32k   0.0
ep 302000       3054s  mean    231170  max   469332  V    174665  |d|     398    896k mv/s  1024  99.7  2048  98.8  4096  95.5  8192  88.1  16k  52.4  32k   0.1
ep 304000       3075s  mean    232383  max   481576  V    174721  |d|     396    896k mv/s  1024  99.5  2048  98.9  4096  96.7  8192  88.1  16k  52.7  32k   0.1
ep 306000       3095s  mean    230252  max   437952  V    175230  |d|     391    896k mv/s  1024  99.7  2048  98.3  4096  95.5  8192  87.0  16k  52.6  32k   0.0
ep 308000       3115s  mean    231124  max   386984  V    174737  |d|     396    896k mv/s  1024  99.7  2048  98.7  4096  95.8  8192  87.9  16k  51.8  32k   0.0
ep 310000       3135s  mean    231491  max   387272  V    175000  |d|     395    896k mv/s  1024  99.7  2048  99.0  4096  96.5  8192  89.2  16k  51.8  32k   0.0
ep 312000       3155s  mean    233907  max   548060  V    174573  |d|     399    896k mv/s  1024  99.8  2048  99.2  4096  96.2  8192  88.0  16k  53.2  32k   0.2
ep 314000       3176s  mean    233634  max   410844  V    174934  |d|     393    896k mv/s  1024  99.8  2048  99.3  4096  97.1  8192  88.5  16k  52.8  32k   0.0
ep 316000       3196s  mean    232341  max   387180  V    174909  |d|     394    896k mv/s  1024  99.8  2048  99.0  4096  96.8  8192  87.8  16k  52.8  32k   0.0
ep 318000       3216s  mean    231197  max   386652  V    175298  |d|     393    896k mv/s  1024  99.8  2048  99.0  4096  96.2  8192  89.2  16k  51.6  32k   0.0
ep 320000       3237s  mean    234226  max   531616  V    174741  |d|     394    896k mv/s  1024  99.7  2048  98.7  4096  96.3  8192  87.7  16k  53.3  32k   0.1
ep 322000       3257s  mean    233481  max   485100  V    174983  |d|     395    896k mv/s  1024  99.8  2048  99.2  4096  96.8  8192  88.4  16k  53.0  32k   0.1
ep 324000       3277s  mean    234727  max   486160  V    174983  |d|     394    896k mv/s  1024  99.7  2048  99.0  4096  96.7  8192  89.9  16k  53.2  32k   0.1
ep 326000       3297s  mean    234593  max   389420  V    174969  |d|     394    896k mv/s  1024  99.7  2048  98.8  4096  96.3  8192  88.5  16k  53.6  32k   0.0
ep 328000       3318s  mean    234526  max   420416  V    174939  |d|     397    897k mv/s  1024  99.9  2048  99.2  4096  96.6  8192  88.5  16k  53.0  32k   0.0
ep 330000       3338s  mean    229763  max   386984  V    175397  |d|     394    896k mv/s  1024  99.8  2048  98.9  4096  96.8  8192  88.6  16k  50.1  32k   0.0
ep 332000       3358s  mean    228757  max   514684  V    175532  |d|     396    896k mv/s  1024  99.5  2048  98.5  4096  96.5  8192  88.3  16k  50.4  32k   0.1
ep 334000       3378s  mean    233190  max   387064  V    174857  |d|     396    896k mv/s  1024  99.9  2048  99.2  4096  96.8  8192  87.5  16k  53.0  32k   0.0
ep 336000       3398s  mean    233506  max   544240  V    175409  |d|     392    897k mv/s  1024  99.5  2048  98.7  4096  96.5  8192  88.9  16k  52.9  32k   0.1
ep 338000       3418s  mean    231124  max   574936  V    175473  |d|     394    897k mv/s  1024  99.6  2048  98.8  4096  96.2  8192  88.0  16k  52.1  32k   0.1
ep 340000       3438s  mean    227295  max   387188  V    175724  |d|     395    897k mv/s  1024  99.8  2048  98.8  4096  95.5  8192  87.2  16k  50.7  32k   0.0
ep 342000       3459s  mean    237481  max   387120  V    174856  |d|     395    896k mv/s  1024  99.9  2048  99.1  4096  97.0  8192  89.6  16k  54.9  32k   0.0
ep 344000       3480s  mean    236287  max   387092  V    174786  |d|     396    897k mv/s  1024  99.5  2048  98.8  4096  96.4  8192  89.7  16k  53.5  32k   0.0
ep 346000       3500s  mean    237698  max   387324  V    175006  |d|     395    897k mv/s  1024  99.7  2048  98.9  4096  96.3  8192  89.7  16k  54.9  32k   0.0
ep 348000       3520s  mean    230492  max   386856  V    175436  |d|     396    897k mv/s  1024  99.5  2048  98.8  4096  95.9  8192  87.8  16k  52.4  32k   0.0
ep 350000       3540s  mean    231385  max   521088  V    175409  |d|     395    897k mv/s  1024  99.7  2048  98.6  4096  96.2  8192  89.5  16k  51.5  32k   0.1
ep 352000       3559s  mean    231335  max   500304  V    175310  |d|     398    897k mv/s  1024  99.5  2048  98.5  4096  95.8  8192  87.7  16k  53.1  32k   0.1
ep 354000       3580s  mean    230901  max   463388  V    175393  |d|     394    897k mv/s  1024  99.6  2048  98.5  4096  95.9  8192  87.7  16k  51.5  32k   0.1
ep 356000       3601s  mean    238734  max   397596  V    175087  |d|     393    897k mv/s  1024  99.8  2048  98.8  4096  96.9  8192  89.6  16k  55.6  32k   0.0
checkpoint -> runs/model.bin (ep 356285)
ep 358000       3621s  mean    235235  max   418212  V    175608  |d|     391    897k mv/s  1024  99.8  2048  99.0  4096  96.7  8192  90.2  16k  53.9  32k   0.0
ep 360000       3641s  mean    229759  max   512580  V    175534  |d|     397    897k mv/s  1024  99.8  2048  98.5  4096  95.8  8192  87.8  16k  51.6  32k   0.1
ep 362000       3661s  mean    230212  max   387244  V    175656  |d|     395    897k mv/s  1024  99.9  2048  99.5  4096  96.7  8192  87.0  16k  51.8  32k   0.0
ep 364000       3682s  mean    237862  max   414088  V    175235  |d|     394    897k mv/s  1024  99.8  2048  99.0  4096  96.9  8192  90.3  16k  54.1  32k   0.0
ep 366000       3703s  mean    236981  max   389632  V    174999  |d|     395    897k mv/s  1024  99.7  2048  99.0  4096  95.8  8192  89.6  16k  53.6  32k   0.0
ep 368000       3724s  mean    236043  max   400264  V    175257  |d|     393    897k mv/s  1024  99.8  2048  98.9  4096  96.0  8192  88.6  16k  53.9  32k   0.0
ep 370000       3745s  mean    230384  max   468840  V    175863  |d|     395    896k mv/s  1024  99.6  2048  98.6  4096  95.8  8192  88.1  16k  52.1  32k   0.1
ep 372000       3765s  mean    232198  max   417528  V    175417  |d|     397    896k mv/s  1024  99.6  2048  98.7  4096  95.8  8192  88.3  16k  52.5  32k   0.0
ep 374000       3787s  mean    232229  max   386460  V    175864  |d|     395    896k mv/s  1024  99.8  2048  99.0  4096  96.5  8192  89.0  16k  52.4  32k   0.0
ep 376000       3807s  mean    231125  max   386980  V    175930  |d|     393    896k mv/s  1024  99.6  2048  98.9  4096  96.3  8192  88.0  16k  51.8  32k   0.0
ep 378000       3828s  mean    230144  max   387404  V    175806  |d|     394    896k mv/s  1024  99.8  2048  98.8  4096  96.4  8192  88.6  16k  50.6  32k   0.0
ep 380000       3849s  mean    229532  max   402040  V    175885  |d|     393    896k mv/s  1024  99.5  2048  98.4  4096  95.3  8192  87.7  16k  51.2  32k   0.0
ep 382000       3871s  mean    235744  max   410796  V    175599  |d|     394    895k mv/s  1024  99.8  2048  98.8  4096  96.2  8192  89.2  16k  54.1  32k   0.0
ep 384000       3892s  mean    234757  max   408472  V    175275  |d|     396    895k mv/s  1024  99.8  2048  99.0  4096  96.7  8192  89.3  16k  52.2  32k   0.0
ep 386000       3915s  mean    235491  max   406916  V    175516  |d|     396    895k mv/s  1024  99.6  2048  98.9  4096  96.2  8192  88.5  16k  53.8  32k   0.0
ep 388000       3936s  mean    232508  max   387056  V    175584  |d|     397    895k mv/s  1024  99.5  2048  98.5  4096  96.2  8192  88.2  16k  52.2  32k   0.0
ep 390000       3957s  mean    234151  max   387032  V    175683  |d|     394    895k mv/s  1024  99.5  2048  98.8  4096  96.3  8192  89.3  16k  52.9  32k   0.0
ep 392000       3980s  mean    236565  max   528616  V    175406  |d|     397    894k mv/s  1024  99.8  2048  99.1  4096  97.0  8192  89.0  16k  54.1  32k   0.1
ep 394000       4001s  mean    231736  max   528112  V    175862  |d|     396    894k mv/s  1024  99.8  2048  99.1  4096  96.2  8192  87.8  16k  52.5  32k   0.1
ep 396000       4023s  mean    233039  max   509432  V    175936  |d|     397    893k mv/s  1024  99.5  2048  98.9  4096  96.3  8192  89.6  16k  52.8  32k   0.1
ep 398000       4044s  mean    234678  max   534620  V    175531  |d|     397    893k mv/s  1024  99.7  2048  98.8  4096  96.0  8192  88.8  16k  53.4  32k   0.1
ep 400000       4065s  mean    235811  max   552304  V    175835  |d|     395    893k mv/s  1024  99.8  2048  98.8  4096  96.2  8192  89.3  16k  55.3  32k   0.1
ep 402000       4086s  mean    230739  max   386980  V    175906  |d|     397    893k mv/s  1024  99.5  2048  98.5  4096  96.8  8192  87.8  16k  51.6  32k   0.0
ep 404000       4109s  mean    234887  max   387204  V    175735  |d|     396    893k mv/s  1024  99.7  2048  98.8  4096  96.2  8192  88.0  16k  54.3  32k   0.0
ep 406000       4130s  mean    228997  max   439376  V    176273  |d|     396    892k mv/s  1024  99.6  2048  98.4  4096  95.8  8192  87.7  16k  51.5  32k   0.0
ep 408000       4151s  mean    236121  max   513432  V    175430  |d|     398    892k mv/s  1024  99.6  2048  98.7  4096  96.2  8192  88.5  16k  54.5  32k   0.1
ep 410000       4171s  mean    231752  max   388252  V    176095  |d|     393    892k mv/s  1024  99.5  2048  98.6  4096  95.3  8192  87.5  16k  52.4  32k   0.0
ep 412000       4192s  mean    236083  max   389400  V    175889  |d|     396    892k mv/s  1024  99.7  2048  99.4  4096  96.7  8192  89.4  16k  54.3  32k   0.0
saving final checkpoint -> runs/model.bin
done: 412906 episodes, 3748385266 moves, 4204.8 s
PIPELINE COMPLETE
