patterns=16  weights/stage=268435456  stages=1  memory=3.00 GiB  threads=14  alpha=0.100  TC=on
restart pool: loaded 65536 boards from runs/r10_pool.bin
ep 2000            3s  mean     10325  max    36572  V       926  |d|      59    388k mv/s  1024  39.0  2048   1.6  4096   0.0  8192   0.0  16k   0.0  32k   0.0
ep 4000            8s  mean     14920  max    50788  V      1950  |d|      79    407k mv/s  1024  68.7  2048   9.0  4096   0.1  8192   0.0  16k   0.0  32k   0.0
ep 6000           12s  mean     17680  max    62304  V      2725  |d|      91    418k mv/s  1024  81.2  2048  19.2  4096   0.1  8192   0.0  16k   0.0  32k   0.0
ep 8000           18s  mean     19731  max    61228  V      3401  |d|      99    420k mv/s  1024  85.3  2048  29.2  4096   0.2  8192   0.0  16k   0.0  32k   0.0
ep 10000          23s  mean     21435  max    63040  V      4000  |d|     105    426k mv/s  1024  89.3  2048  36.3  4096   0.5  8192   0.0  16k   0.0  32k   0.0
ep 12000          29s  mean     22691  max    65204  V      4592  |d|     109    428k mv/s  1024  90.7  2048  41.4  4096   0.9  8192   0.0  16k   0.0  32k   0.0
ep 14000          35s  mean     23838  max    66476  V      5131  |d|     114    430k mv/s  1024  92.8  2048  46.8  4096   1.0  8192   0.0  16k   0.0  32k   0.0
ep 16000          41s  mean     25289  max    64276  V      5587  |d|     118    433k mv/s  1024  93.8  2048  53.2  4096   1.2  8192   0.0  16k   0.0  32k   0.0
ep 18000          47s  mean     26596  max    78652  V      6046  |d|     121    436k mv/s  1024  95.4  2048  57.5  4096   1.4  8192   0.0  16k   0.0  32k   0.0
ep 20000          54s  mean     26995  max    80292  V      6521  |d|     123    437k mv/s  1024  95.2  2048  59.1  4096   1.7  8192   0.0  16k   0.0  32k   0.0
ep 22000          60s  mean     27669  max    72472  V      6955  |d|     126    438k mv/s  1024  95.3  2048  60.6  4096   3.0  8192   0.0  16k   0.0  32k   0.0
ep 24000          67s  mean     28662  max    76272  V      7356  |d|     128    440k mv/s  1024  95.8  2048  65.2  4096   3.4  8192   0.0  16k   0.0  32k   0.0
ep 26000          74s  mean     29620  max    72732  V      7770  |d|     131    441k mv/s  1024  97.2  2048  68.3  4096   3.5  8192   0.0  16k   0.0  32k   0.0
ep 28000          81s  mean     30402  max    80512  V      8125  |d|     135    442k mv/s  1024  97.0  2048  68.3  4096   5.2  8192   0.0  16k   0.0  32k   0.0
ep 30000          89s  mean     32114  max    81192  V      8470  |d|     137    443k mv/s  1024  98.3  2048  72.2  4096   8.0  8192   0.0  16k   0.0  32k   0.0
ep 32000          96s  mean     32833  max    80944  V      8827  |d|     140    443k mv/s  1024  98.0  2048  75.0  4096   8.4  8192   0.0  16k   0.0  32k   0.0
ep 34000         104s  mean     33891  max    84396  V      9180  |d|     142    444k mv/s  1024  98.4  2048  76.5  4096   8.9  8192   0.0  16k   0.0  32k   0.0
ep 36000         112s  mean     34373  max    93368  V      9561  |d|     144    444k mv/s  1024  98.5  2048  76.3  4096   9.5  8192   0.0  16k   0.0  32k   0.0
ep 38000         120s  mean     34935  max    95704  V      9966  |d|     146    444k mv/s  1024  98.3  2048  78.3  4096  11.6  8192   0.0  16k   0.0  32k   0.0
ep 40000         129s  mean     35976  max    84380  V     10278  |d|     149    443k mv/s  1024  98.5  2048  77.8  4096  13.8  8192   0.0  16k   0.0  32k   0.0
ep 42000         138s  mean     36935  max    91632  V     10619  |d|     150    442k mv/s  1024  99.1  2048  78.2  4096  15.6  8192   0.0  16k   0.0  32k   0.0
ep 44000         147s  mean     37423  max    89508  V     10965  |d|     152    442k mv/s  1024  99.0  2048  79.1  4096  15.5  8192   0.0  16k   0.0  32k   0.0
ep 46000         155s  mean     38467  max   109552  V     11277  |d|     155    442k mv/s  1024  99.0  2048  81.0  4096  17.2  8192   0.1  16k   0.0  32k   0.0
ep 48000         164s  mean     38936  max   133680  V     11596  |d|     157    442k mv/s  1024  98.5  2048  80.0  4096  19.1  8192   0.1  16k   0.0  32k   0.0
ep 50000         173s  mean     39693  max   111656  V     11916  |d|     158    442k mv/s  1024  98.9  2048  81.1  4096  22.0  8192   0.1  16k   0.0  32k   0.0
ep 52000         183s  mean     40525  max   125212  V     12208  |d|     160    442k mv/s  1024  99.0  2048  81.8  4096  23.4  8192   0.1  16k   0.0  32k   0.0
ep 54000         192s  mean     41287  max   117684  V     12541  |d|     161    442k mv/s  1024  99.0  2048  81.8  4096  25.2  8192   0.1  16k   0.0  32k   0.0
ep 56000         202s  mean     42710  max   120724  V     12810  |d|     163    442k mv/s  1024  99.2  2048  84.0  4096  27.7  8192   0.1  16k   0.0  32k   0.0
ep 58000         212s  mean     42839  max   124056  V     13171  |d|     164    441k mv/s  1024  99.0  2048  82.7  4096  29.4  8192   0.1  16k   0.0  32k   0.0
ep 60000         222s  mean     43227  max   121496  V     13437  |d|     166    440k mv/s  1024  98.8  2048  82.8  4096  30.1  8192   0.1  16k   0.0  32k   0.0
ep 62000         232s  mean     44124  max   134404  V     13737  |d|     168    440k mv/s  1024  99.0  2048  84.0  4096  31.8  8192   0.3  16k   0.0  32k   0.0
ep 64000         242s  mean     44318  max   129252  V     14042  |d|     169    441k mv/s  1024  99.0  2048  82.8  4096  31.7  8192   0.5  16k   0.0  32k   0.0
ep 66000         252s  mean     46061  max   127824  V     14249  |d|     171    441k mv/s  1024  98.8  2048  84.9  4096  36.4  8192   0.2  16k   0.0  32k   0.0
ep 68000         263s  mean     46584  max   126468  V     14511  |d|     173    441k mv/s  1024  99.4  2048  84.7  4096  37.1  8192   0.5  16k   0.0  32k   0.0
ep 70000         273s  mean     47770  max   140744  V     14814  |d|     174    441k mv/s  1024  99.3  2048  86.4  4096  38.5  8192   0.5  16k   0.0  32k   0.0
ep 72000         283s  mean     47396  max   126528  V     15154  |d|     175    441k mv/s  1024  99.2  2048  84.4  4096  38.3  8192   0.7  16k   0.0  32k   0.0
ep 74000         294s  mean     47852  max   155172  V     15436  |d|     177    442k mv/s  1024  99.2  2048  84.8  4096  39.4  8192   0.7  16k   0.0  32k   0.0
ep 76000         304s  mean     49500  max   149084  V     15720  |d|     178    443k mv/s  1024  99.5  2048  86.7  4096  42.1  8192   1.1  16k   0.0  32k   0.0
ep 78000         315s  mean     50654  max   135044  V     15969  |d|     180    443k mv/s  1024  99.3  2048  86.4  4096  43.9  8192   0.9  16k   0.0  32k   0.0
ep 80000         326s  mean     50356  max   154176  V     16321  |d|     180    443k mv/s  1024  99.4  2048  87.0  4096  42.6  8192   1.1  16k   0.0  32k   0.0
ep 82000         337s  mean     50871  max   152288  V     16640  |d|     181    443k mv/s  1024  99.2  2048  87.8  4096  42.6  8192   1.4  16k   0.0  32k   0.0
ep 84000         348s  mean     52002  max   144604  V     16900  |d|     183    443k mv/s  1024  99.3  2048  88.2  4096  46.1  8192   1.1  16k   0.0  32k   0.0
ep 86000         360s  mean     52937  max   153000  V     17252  |d|     183    444k mv/s  1024  99.4  2048  89.1  4096  46.1  8192   1.2  16k   0.0  32k   0.0
ep 88000         372s  mean     53254  max   164260  V     17546  |d|     184    443k mv/s  1024  99.5  2048  88.6  4096  46.5  8192   1.8  16k   0.0  32k   0.0
ep 90000         383s  mean     53471  max   153172  V     17812  |d|     186    444k mv/s  1024  99.2  2048  89.7  4096  47.1  8192   1.8  16k   0.0  32k   0.0
ep 92000         395s  mean     55688  max   153624  V     18158  |d|     186    444k mv/s  1024  99.3  2048  90.2  4096  50.8  8192   2.0  16k   0.0  32k   0.0
ep 94000         407s  mean     55782  max   157828  V     18441  |d|     187    444k mv/s  1024  99.4  2048  89.5  4096  50.5  8192   2.4  16k   0.0  32k   0.0
ep 96000         419s  mean     55812  max   154768  V     18813  |d|     187    444k mv/s  1024  99.3  2048  90.2  4096  51.0  8192   1.9  16k   0.0  32k   0.0
ep 98000         432s  mean     57174  max   161268  V     19109  |d|     188    444k mv/s  1024  99.5  2048  90.8  4096  52.4  8192   2.8  16k   0.0  32k   0.0
ep 100000        444s  mean     57476  max   154004  V     19395  |d|     190    444k mv/s  1024  99.4  2048  90.9  4096  53.2  8192   2.8  16k   0.0  32k   0.0
ep 102000        456s  mean     57825  max   178996  V     19736  |d|     191    444k mv/s  1024  99.5  2048  92.0  4096  52.1  8192   3.0  16k   0.0  32k   0.0
ep 104000        469s  mean     58883  max   152468  V     19981  |d|     192    444k mv/s  1024  99.2  2048  90.7  4096  54.9  8192   3.0  16k   0.0  32k   0.0
ep 106000        482s  mean     58135  max   165108  V     20354  |d|     194    444k mv/s  1024  99.3  2048  91.2  4096  52.6  8192   3.4  16k   0.0  32k   0.0
ep 108000        495s  mean     60377  max   154540  V     20594  |d|     194    444k mv/s  1024  99.5  2048  91.4  4096  57.1  8192   3.2  16k   0.0  32k   0.0
ep 110000        508s  mean     60173  max   160408  V     20938  |d|     195    443k mv/s  1024  99.5  2048  91.9  4096  55.6  8192   3.8  16k   0.0  32k   0.0
ep 112000        521s  mean     60075  max   162752  V     21246  |d|     196    444k mv/s  1024  99.5  2048  90.4  4096  56.1  8192   4.6  16k   0.0  32k   0.0
ep 114000        533s  mean     59785  max   177028  V     21559  |d|     198    444k mv/s  1024  99.6  2048  90.9  4096  55.5  8192   3.7  16k   0.0  32k   0.0
ep 116000        546s  mean     62449  max   157592  V     21742  |d|     198    444k mv/s  1024  99.5  2048  93.6  4096  57.9  8192   5.2  16k   0.0  32k   0.0
ep 118000        559s  mean     61758  max   168856  V     22062  |d|     199    444k mv/s  1024  99.4  2048  91.5  4096  57.9  8192   5.2  16k   0.0  32k   0.0
ep 120000        572s  mean     62329  max   166896  V     22373  |d|     200    445k mv/s  1024  99.5  2048  91.8  4096  59.1  8192   4.4  16k   0.0  32k   0.0
ep 122000        585s  mean     62382  max   162816  V     22659  |d|     202    445k mv/s  1024  99.4  2048  92.7  4096  59.1  8192   4.7  16k   0.0  32k   0.0
ep 124000        598s  mean     62838  max   174036  V     22958  |d|     202    445k mv/s  1024  99.4  2048  93.1  4096  58.6  8192   5.7  16k   0.0  32k   0.0
ep 126000        611s  mean     62900  max   156064  V     23265  |d|     203    445k mv/s  1024  99.5  2048  91.8  4096  59.2  8192   5.3  16k   0.0  32k   0.0
ep 128000        624s  mean     63540  max   164020  V     23541  |d|     203    445k mv/s  1024  99.2  2048  92.2  4096  60.4  8192   5.2  16k   0.0  32k   0.0
ep 130000        638s  mean     63863  max   167952  V     23800  |d|     205    445k mv/s  1024  99.5  2048  91.5  4096  59.9  8192   6.2  16k   0.0  32k   0.0
ep 132000        652s  mean     65899  max   163064  V     24018  |d|     206    445k mv/s  1024  99.5  2048  93.3  4096  61.8  8192   7.8  16k   0.0  32k   0.0
ep 134000        666s  mean     64969  max   165728  V     24364  |d|     207    445k mv/s  1024  99.3  2048  93.2  4096  60.5  8192   7.0  16k   0.0  32k   0.0
ep 136000        680s  mean     63437  max   161952  V     24725  |d|     208    445k mv/s  1024  99.7  2048  93.2  4096  59.1  8192   6.0  16k   0.0  32k   0.0
ep 138000        694s  mean     65323  max   178184  V     24927  |d|     209    445k mv/s  1024  99.7  2048  93.0  4096  61.2  8192   6.9  16k   0.0  32k   0.0
ep 140000        708s  mean     65458  max   174896  V     25149  |d|     212    445k mv/s  1024  99.5  2048  93.5  4096  61.5  8192   7.9  16k   0.0  32k   0.0
ep 142000        721s  mean     66497  max   190024  V     25375  |d|     211    445k mv/s  1024  99.6  2048  93.8  4096  62.4  8192   7.6  16k   0.0  32k   0.0
ep 144000        735s  mean     67573  max   178864  V     25616  |d|     212    445k mv/s  1024  99.5  2048  93.9  4096  64.3  8192   8.4  16k   0.0  32k   0.0
ep 146000        749s  mean     66528  max   168956  V     25880  |d|     213    445k mv/s  1024  99.5  2048  93.6  4096  62.4  8192   8.1  16k   0.0  32k   0.0
ep 148000        763s  mean     66977  max   173240  V     26183  |d|     214    445k mv/s  1024  99.4  2048  93.5  4096  63.9  8192   8.0  16k   0.0  32k   0.0
ep 150000        777s  mean     67998  max   176628  V     26431  |d|     214    445k mv/s  1024  99.8  2048  94.0  4096  63.2  8192  10.0  16k   0.0  32k   0.0
ep 152000        791s  mean     67585  max   174016  V     26665  |d|     215    445k mv/s  1024  99.5  2048  93.4  4096  64.8  8192   8.3  16k   0.0  32k   0.0
ep 154000        805s  mean     68543  max   177948  V     26858  |d|     215    445k mv/s  1024  99.6  2048  93.2  4096  64.5  8192   8.8  16k   0.0  32k   0.0
ep 156000        820s  mean     69359  max   178380  V     27083  |d|     217    446k mv/s  1024  99.3  2048  94.0  4096  65.8  8192   9.8  16k   0.0  32k   0.0
ep 158000        834s  mean     68253  max   226396  V     27352  |d|     219    445k mv/s  1024  99.7  2048  93.7  4096  63.6  8192   9.8  16k   0.1  32k   0.0
ep 160000        848s  mean     70698  max   178680  V     27557  |d|     219    446k mv/s  1024  99.5  2048  95.5  4096  67.0  8192  10.2  16k   0.0  32k   0.0
ep 162000        863s  mean     69095  max   176180  V     27893  |d|     218    446k mv/s  1024  99.3  2048  94.2  4096  65.4  8192   9.8  16k   0.0  32k   0.0
ep 164000        878s  mean     70637  max   179036  V     28102  |d|     218    445k mv/s  1024  99.5  2048  94.7  4096  66.8  8192   9.6  16k   0.0  32k   0.0
ep 166000        893s  mean     70072  max   179064  V     28379  |d|     218    445k mv/s  1024  99.5  2048  94.8  4096  65.7  8192   9.5  16k   0.0  32k   0.0
ep 168000        908s  mean     71299  max   178668  V     28549  |d|     220    445k mv/s  1024  99.8  2048  95.2  4096  67.5  8192  11.2  16k   0.0  32k   0.0
ep 170000        923s  mean     71432  max   177480  V     28791  |d|     219    445k mv/s  1024  99.7  2048  95.0  4096  66.0  8192  10.5  16k   0.0  32k   0.0
ep 172000        937s  mean     71294  max   199132  V     29058  |d|     220    445k mv/s  1024  99.5  2048  95.0  4096  66.3  8192  11.3  16k   0.0  32k   0.0
ep 174000        952s  mean     71165  max   227728  V     29330  |d|     221    445k mv/s  1024  99.4  2048  93.6  4096  66.2  8192  10.7  16k   0.1  32k   0.0
ep 176000        967s  mean     70903  max   188500  V     29621  |d|     221    445k mv/s  1024  99.6  2048  94.5  4096  66.7  8192   9.8  16k   0.0  32k   0.0
ep 178000        982s  mean     73110  max   173656  V     29840  |d|     220    445k mv/s  1024  99.7  2048  94.5  4096  70.0  8192  11.8  16k   0.0  32k   0.0
ep 180000        998s  mean     71397  max   177748  V     30141  |d|     221    445k mv/s  1024  99.7  2048  94.5  4096  67.5  8192  10.3  16k   0.0  32k   0.0
ep 182000       1013s  mean     72433  max   177364  V     30276  |d|     223    445k mv/s  1024  99.5  2048  95.1  4096  67.9  8192  11.3  16k   0.0  32k   0.0
ep 184000       1028s  mean     72536  max   179032  V     30451  |d|     225    445k mv/s  1024  99.8  2048  95.5  4096  68.2  8192  11.8  16k   0.0  32k   0.0
ep 186000       1043s  mean     74341  max   193584  V     30727  |d|     223    445k mv/s  1024  99.7  2048  95.2  4096  68.9  8192  13.4  16k   0.0  32k   0.0
ep 188000       1059s  mean     75078  max   181212  V     30903  |d|     225    445k mv/s  1024  99.7  2048  95.0  4096  68.7  8192  14.6  16k   0.0  32k   0.0
ep 190000       1075s  mean     74617  max   201544  V     31232  |d|     225    445k mv/s  1024  99.8  2048  95.6  4096  70.8  8192  12.8  16k   0.0  32k   0.0
ep 192000       1090s  mean     73494  max   179252  V     31430  |d|     226    445k mv/s  1024  99.8  2048  94.8  4096  69.5  8192  11.6  16k   0.0  32k   0.0
ep 194000       1105s  mean     74832  max   197224  V     31632  |d|     226    445k mv/s  1024  99.7  2048  95.2  4096  69.2  8192  14.7  16k   0.0  32k   0.0
ep 196000       1121s  mean     76109  max   177924  V     31787  |d|     227    445k mv/s  1024  99.7  2048  96.0  4096  70.0  8192  15.1  16k   0.0  32k   0.0
ep 198000       1136s  mean     75788  max   189912  V     32143  |d|     226    445k mv/s  1024  99.5  2048  94.8  4096  71.7  8192  14.3  16k   0.0  32k   0.0
ep 200000       1152s  mean     77495  max   219572  V     32259  |d|     225    445k mv/s  1024  99.8  2048  95.9  4096  71.8  8192  14.4  16k   0.1  32k   0.0
ep 202000       1168s  mean     76476  max   188412  V     32612  |d|     226    445k mv/s  1024  99.6  2048  95.2  4096  70.8  8192  14.5  16k   0.0  32k   0.0
ep 204000       1184s  mean     77072  max   180584  V     32781  |d|     228    445k mv/s  1024  99.8  2048  95.5  4096  72.3  8192  14.2  16k   0.0  32k   0.0
ep 206000       1200s  mean     77508  max   178824  V     33028  |d|     229    445k mv/s  1024  99.7  2048  96.0  4096  72.3  8192  15.1  16k   0.0  32k   0.0
ep 208000       1215s  mean     77366  max   191580  V     33235  |d|     229    445k mv/s  1024  99.6  2048  95.8  4096  71.8  8192  15.1  16k   0.0  32k   0.0
ep 210000       1231s  mean     78251  max   232656  V     33449  |d|     230    445k mv/s  1024  99.7  2048  95.8  4096  70.8  8192  16.6  16k   0.1  32k   0.0
ep 212000       1248s  mean     77961  max   200392  V     33676  |d|     232    445k mv/s  1024  99.7  2048  95.8  4096  72.2  8192  15.4  16k   0.0  32k   0.0
ep 214000       1264s  mean     78560  max   268404  V     33934  |d|     230    445k mv/s  1024  99.6  2048  96.0  4096  71.7  8192  15.4  16k   0.1  32k   0.0
ep 216000       1280s  mean     79266  max   215724  V     34232  |d|     229    445k mv/s  1024  99.7  2048  96.0  4096  73.4  8192  16.1  16k   0.1  32k   0.0
ep 218000       1296s  mean     79525  max   196276  V     34388  |d|     231    445k mv/s  1024  99.5  2048  95.3  4096  72.5  8192  16.5  16k   0.0  32k   0.0
ep 220000       1313s  mean     79580  max   196720  V     34637  |d|     231    445k mv/s  1024  99.5  2048  96.2  4096  74.2  8192  16.1  16k   0.0  32k   0.0
ep 222000       1329s  mean     79329  max   235084  V     34927  |d|     232    445k mv/s  1024  99.7  2048  95.5  4096  73.3  8192  16.1  16k   0.1  32k   0.0
ep 224000       1346s  mean     81018  max   188324  V     35014  |d|     234    445k mv/s  1024  99.8  2048  96.4  4096  75.9  8192  17.2  16k   0.0  32k   0.0
ep 226000       1362s  mean     81122  max   192596  V     35292  |d|     234    445k mv/s  1024  99.8  2048  96.0  4096  77.2  8192  15.6  16k   0.0  32k   0.0
ep 228000       1378s  mean     81220  max   192136  V     35531  |d|     233    445k mv/s  1024  99.8  2048  96.1  4096  75.0  8192  17.6  16k   0.0  32k   0.0
ep 230000       1395s  mean     80893  max   192496  V     35768  |d|     235    445k mv/s  1024  99.8  2048  96.1  4096  73.9  8192  17.4  16k   0.0  32k   0.0
ep 232000       1411s  mean     81495  max   200040  V     35938  |d|     237    445k mv/s  1024  99.8  2048  95.0  4096  75.0  8192  18.9  16k   0.0  32k   0.0
ep 234000       1428s  mean     81781  max   217424  V     36159  |d|     236    445k mv/s  1024  99.8  2048  96.1  4096  76.3  8192  17.8  16k   0.1  32k   0.0
ep 236000       1445s  mean     84056  max   198340  V     36371  |d|     235    445k mv/s  1024  99.7  2048  96.4  4096  77.5  8192  20.1  16k   0.0  32k   0.0
ep 238000       1462s  mean     83237  max   231116  V     36677  |d|     236    445k mv/s  1024  99.8  2048  95.8  4096  76.8  8192  20.1  16k   0.1  32k   0.0
ep 240000       1479s  mean     83494  max   201128  V     36836  |d|     237    445k mv/s  1024  99.8  2048  96.7  4096  76.0  8192  19.6  16k   0.0  32k   0.0
ep 242000       1496s  mean     83118  max   218040  V     37113  |d|     236    445k mv/s  1024  99.9  2048  95.8  4096  75.6  8192  19.9  16k   0.1  32k   0.0
ep 244000       1514s  mean     84796  max   261368  V     37328  |d|     237    445k mv/s  1024  99.9  2048  96.7  4096  77.7  8192  21.4  16k   0.1  32k   0.0
ep 246000       1531s  mean     85329  max   228156  V     37519  |d|     238    445k mv/s  1024  99.7  2048  96.5  4096  77.8  8192  21.9  16k   0.1  32k   0.0
ep 248000       1548s  mean     83552  max   249976  V     37834  |d|     239    445k mv/s  1024  99.8  2048  96.3  4096  76.0  8192  19.8  16k   0.1  32k   0.0
ep 250000       1565s  mean     85707  max   213896  V     37953  |d|     239    445k mv/s  1024  99.5  2048  96.0  4096  79.1  8192  21.4  16k   0.0  32k   0.0
ep 252000       1583s  mean     86254  max   256368  V     38139  |d|     241    445k mv/s  1024  99.5  2048  96.4  4096  77.2  8192  21.9  16k   0.1  32k   0.0
ep 254000       1600s  mean     86331  max   250200  V     38359  |d|     241    445k mv/s  1024  99.7  2048  96.6  4096  77.8  8192  22.6  16k   0.1  32k   0.0
ep 256000       1618s  mean     86223  max   255948  V     38622  |d|     240    445k mv/s  1024  99.9  2048  96.0  4096  78.0  8192  22.6  16k   0.1  32k   0.0
ep 258000       1634s  mean     86179  max   246248  V     38895  |d|     242    446k mv/s  1024  99.8  2048  97.0  4096  79.2  8192  21.6  16k   0.1  32k   0.0
ep 260000       1651s  mean     87183  max   279444  V     39037  |d|     243    446k mv/s  1024  99.8  2048  96.8  4096  80.1  8192  23.4  16k   0.1  32k   0.0
ep 262000       1669s  mean     87572  max   246484  V     39276  |d|     243    446k mv/s  1024  99.7  2048  96.8  4096  79.9  8192  22.9  16k   0.1  32k   0.0
ep 264000       1688s  mean     88728  max   217460  V     39394  |d|     244    446k mv/s  1024  99.6  2048  96.9  4096  79.5  8192  24.4  16k   0.1  32k   0.0
ep 266000       1705s  mean     87187  max   241420  V     39721  |d|     243    446k mv/s  1024  99.8  2048  96.6  4096  78.5  8192  23.1  16k   0.1  32k   0.0
ep 268000       1723s  mean     88363  max   246452  V     39879  |d|     243    446k mv/s  1024  99.7  2048  96.2  4096  79.0  8192  23.9  16k   0.1  32k   0.0
ep 270000       1741s  mean     87788  max   262980  V     40165  |d|     244    446k mv/s  1024  99.8  2048  96.5  4096  79.0  8192  23.3  16k   0.1  32k   0.0
ep 272000       1759s  mean     88896  max   259852  V     40253  |d|     246    446k mv/s  1024  99.8  2048  96.7  4096  79.1  8192  25.4  16k   0.1  32k   0.0
ep 274000       1777s  mean     89745  max   212940  V     40462  |d|     245    446k mv/s  1024  99.5  2048  96.3  4096  81.0  8192  25.2  16k   0.0  32k   0.0
ep 276000       1795s  mean     89521  max   232908  V     40741  |d|     246    446k mv/s  1024  99.8  2048  97.0  4096  80.3  8192  25.5  16k   0.1  32k   0.0
checkpoint -> runs/r10_fresh.bin (ep 276609)
ep 278000       1813s  mean     89899  max   277488  V     40926  |d|     247    446k mv/s  1024  99.8  2048  96.9  4096  81.1  8192  25.8  16k   0.3  32k   0.0
ep 280000       1830s  mean     88897  max   233420  V     41161  |d|     247    446k mv/s  1024  99.8  2048  96.2  4096  79.7  8192  25.2  16k   0.1  32k   0.0
ep 282000       1848s  mean     88985  max   277324  V     41374  |d|     248    446k mv/s  1024  99.8  2048  96.6  4096  79.2  8192  25.7  16k   0.3  32k   0.0
ep 284000       1866s  mean     88631  max   212708  V     41608  |d|     247    446k mv/s  1024  99.8  2048  96.2  4096  79.3  8192  25.4  16k   0.0  32k   0.0
ep 286000       1883s  mean     90339  max   261404  V     41672  |d|     250    446k mv/s  1024  99.8  2048  96.5  4096  79.6  8192  27.8  16k   0.3  32k   0.0
ep 288000       1901s  mean     89769  max   262160  V     42018  |d|     248    446k mv/s  1024  99.8  2048  96.2  4096  81.7  8192  25.9  16k   0.1  32k   0.0
ep 290000       1920s  mean     92061  max   261976  V     42024  |d|     251    446k mv/s  1024  99.8  2048  97.8  4096  82.6  8192  27.9  16k   0.3  32k   0.0
ep 292000       1939s  mean     91238  max   282056  V     42307  |d|     250    446k mv/s  1024  99.8  2048  97.0  4096  80.5  8192  28.4  16k   0.2  32k   0.0
ep 294000       1957s  mean     90876  max   290192  V     42501  |d|     250    446k mv/s  1024  99.7  2048  97.2  4096  81.1  8192  27.6  16k   0.2  32k   0.0
ep 296000       1975s  mean     92032  max   222920  V     42624  |d|     252    446k mv/s  1024  99.8  2048  97.4  4096  82.6  8192  28.3  16k   0.1  32k   0.0
ep 298000       1993s  mean     90311  max   247632  V     43026  |d|     250    446k mv/s  1024  99.9  2048  96.8  4096  80.2  8192  26.9  16k   0.1  32k   0.0
ep 300000       2012s  mean     92584  max   270948  V     43049  |d|     251    446k mv/s  1024  99.7  2048  97.2  4096  81.5  8192  28.9  16k   0.1  32k   0.0
ep 302000       2030s  mean     91502  max   262936  V     43347  |d|     252    446k mv/s  1024 100.0  2048  97.5  4096  80.5  8192  28.0  16k   0.3  32k   0.0
ep 304000       2048s  mean     91514  max   268108  V     43618  |d|     250    446k mv/s  1024  99.7  2048  97.5  4096  81.0  8192  28.3  16k   0.2  32k   0.0
ep 306000       2066s  mean     93268  max   225564  V     43670  |d|     251    446k mv/s  1024  99.7  2048  96.8  4096  81.7  8192  30.8  16k   0.1  32k   0.0
ep 308000       2085s  mean     93818  max   261316  V     43861  |d|     252    446k mv/s  1024  99.8  2048  97.4  4096  82.2  8192  29.9  16k   0.1  32k   0.0
ep 310000       2103s  mean     93886  max   267128  V     44109  |d|     251    446k mv/s  1024  99.7  2048  96.8  4096  82.8  8192  29.4  16k   0.3  32k   0.0
ep 312000       2121s  mean     92148  max   261248  V     44369  |d|     253    447k mv/s  1024  99.8  2048  97.3  4096  80.8  8192  30.1  16k   0.2  32k   0.0
ep 314000       2138s  mean     94279  max   248644  V     44453  |d|     253    447k mv/s  1024  99.8  2048  96.7  4096  82.0  8192  32.5  16k   0.1  32k   0.0
ep 316000       2156s  mean     94939  max   249980  V     44616  |d|     253    447k mv/s  1024  99.8  2048  96.5  4096  81.5  8192  33.4  16k   0.3  32k   0.0
ep 318000       2174s  mean     94785  max   264816  V     44823  |d|     255    447k mv/s  1024  99.8  2048  97.2  4096  81.0  8192  33.4  16k   0.3  32k   0.0
ep 320000       2192s  mean     93967  max   255668  V     45078  |d|     255    447k mv/s  1024  99.7  2048  97.5  4096  81.0  8192  32.2  16k   0.4  32k   0.0
ep 322000       2210s  mean     95237  max   255680  V     45115  |d|     256    447k mv/s  1024  99.8  2048  96.7  4096  81.7  8192  33.5  16k   0.2  32k   0.0
ep 324000       2228s  mean     94562  max   290888  V     45425  |d|     254    448k mv/s  1024  99.8  2048  96.7  4096  81.5  8192  31.9  16k   0.3  32k   0.0
ep 326000       2247s  mean     95653  max   272744  V     45641  |d|     254    448k mv/s  1024  99.9  2048  97.2  4096  82.6  8192  33.4  16k   0.4  32k   0.0
ep 328000       2266s  mean     96668  max   307084  V     45771  |d|     255    448k mv/s  1024  99.5  2048  97.2  4096  84.0  8192  33.8  16k   0.3  32k   0.0
ep 330000       2285s  mean     95822  max   258016  V     45952  |d|     254    448k mv/s  1024  99.8  2048  96.8  4096  81.7  8192  33.1  16k   0.5  32k   0.0
ep 332000       2303s  mean     95999  max   292048  V     46209  |d|     254    448k mv/s  1024  99.8  2048  97.2  4096  82.3  8192  34.0  16k   0.3  32k   0.0
ep 334000       2322s  mean     95607  max   283196  V     46336  |d|     256    448k mv/s  1024  99.7  2048  96.8  4096  81.8  8192  33.3  16k   0.5  32k   0.0
ep 336000       2340s  mean     98033  max   266420  V     46405  |d|     257    448k mv/s  1024  99.5  2048  97.0  4096  82.2  8192  36.5  16k   0.7  32k   0.0
ep 338000       2359s  mean     98060  max   291848  V     46599  |d|     258    448k mv/s  1024  99.8  2048  97.1  4096  83.8  8192  36.5  16k   0.5  32k   0.0
ep 340000       2377s  mean     96773  max   290492  V     46869  |d|     258    448k mv/s  1024  99.7  2048  97.2  4096  82.5  8192  33.9  16k   0.6  32k   0.0
ep 342000       2396s  mean     96252  max   274140  V     47153  |d|     257    448k mv/s  1024  99.8  2048  96.8  4096  82.8  8192  33.8  16k   0.3  32k   0.0
ep 344000       2416s  mean     98176  max   262560  V     47198  |d|     257    448k mv/s  1024 100.0  2048  97.7  4096  83.0  8192  35.5  16k   0.7  32k   0.0
ep 346000       2436s  mean     97849  max   270816  V     47365  |d|     260    448k mv/s  1024  99.7  2048  97.0  4096  82.5  8192  35.6  16k   0.7  32k   0.0
ep 348000       2455s  mean     98236  max   274208  V     47607  |d|     258    448k mv/s  1024  99.7  2048  97.5  4096  83.2  8192  35.3  16k   0.7  32k   0.0
ep 350000       2474s  mean     96067  max   288784  V     47921  |d|     259    448k mv/s  1024  99.7  2048  96.5  4096  82.2  8192  33.6  16k   0.7  32k   0.0
ep 352000       2493s  mean     97906  max   302576  V     47901  |d|     260    448k mv/s  1024  99.9  2048  97.1  4096  82.3  8192  36.4  16k   0.5  32k   0.0
ep 354000       2511s  mean     98124  max   265848  V     48132  |d|     259    448k mv/s  1024  99.7  2048  97.5  4096  83.3  8192  35.9  16k   0.6  32k   0.0
ep 356000       2530s  mean     99820  max   301336  V     48198  |d|     260    448k mv/s  1024  99.9  2048  97.6  4096  84.5  8192  37.3  16k   0.7  32k   0.0
ep 358000       2549s  mean     99471  max   292040  V     48389  |d|     261    449k mv/s  1024  99.7  2048  97.3  4096  83.3  8192  38.0  16k   0.7  32k   0.0
ep 360000       2568s  mean     99810  max   265664  V     48662  |d|     259    449k mv/s  1024  99.8  2048  97.2  4096  84.9  8192  37.2  16k   0.6  32k   0.0
ep 362000       2587s  mean     99712  max   282688  V     48807  |d|     258    449k mv/s  1024  99.9  2048  97.5  4096  83.7  8192  36.7  16k   0.9  32k   0.0
ep 364000       2606s  mean     99554  max   271976  V     49064  |d|     258    449k mv/s  1024  99.5  2048  96.8  4096  84.4  8192  37.5  16k   0.7  32k   0.0
ep 366000       2625s  mean    100700  max   266312  V     49074  |d|     261    449k mv/s  1024  99.8  2048  97.2  4096  83.8  8192  39.0  16k   0.7  32k   0.0
ep 368000       2645s  mean    103367  max   290628  V     49160  |d|     261    449k mv/s  1024  99.8  2048  97.7  4096  85.0  8192  41.2  16k   1.0  32k   0.0
ep 370000       2665s  mean    101823  max   280056  V     49487  |d|     260    449k mv/s  1024  99.8  2048  97.5  4096  84.0  8192  39.4  16k   0.8  32k   0.0
ep 372000       2685s  mean    102287  max   291924  V     49470  |d|     264    449k mv/s  1024  99.6  2048  97.0  4096  84.2  8192  40.0  16k   1.1  32k   0.0
ep 374000       2705s  mean    101582  max   286812  V     49790  |d|     261    449k mv/s  1024  99.7  2048  97.3  4096  83.3  8192  39.2  16k   1.2  32k   0.0
ep 376000       2725s  mean    103622  max   292048  V     49877  |d|     262    449k mv/s  1024  99.8  2048  97.6  4096  84.4  8192  41.1  16k   1.1  32k   0.0
ep 378000       2745s  mean    101872  max   272524  V     50307  |d|     260    449k mv/s  1024  99.8  2048  97.8  4096  85.5  8192  39.4  16k   0.8  32k   0.0
ep 380000       2765s  mean    103423  max   268968  V     50323  |d|     262    449k mv/s  1024  99.7  2048  97.7  4096  85.3  8192  41.6  16k   0.8  32k   0.0
ep 382000       2785s  mean    102149  max   290720  V     50535  |d|     262    449k mv/s  1024  99.9  2048  97.7  4096  84.2  8192  40.4  16k   0.8  32k   0.0
ep 384000       2805s  mean    101312  max   286480  V     50688  |d|     264    449k mv/s  1024  99.6  2048  96.9  4096  83.5  8192  39.6  16k   1.1  32k   0.0
ep 386000       2824s  mean    101826  max   265280  V     50887  |d|     263    449k mv/s  1024  99.7  2048  97.1  4096  84.5  8192  39.9  16k   1.0  32k   0.0
ep 388000       2844s  mean    104212  max   285448  V     50911  |d|     263    449k mv/s  1024  99.8  2048  98.1  4096  85.4  8192  42.0  16k   1.1  32k   0.0
ep 390000       2864s  mean    104102  max   290080  V     51163  |d|     264    449k mv/s  1024  99.8  2048  97.7  4096  84.3  8192  42.4  16k   1.7  32k   0.0
ep 392000       2883s  mean    103120  max   289540  V     51337  |d|     264    449k mv/s  1024  99.8  2048  97.4  4096  84.5  8192  42.2  16k   1.1  32k   0.0
ep 394000       2903s  mean    102996  max   273836  V     51557  |d|     263    449k mv/s  1024  99.8  2048  97.5  4096  85.3  8192  42.4  16k   0.8  32k   0.0
ep 396000       2923s  mean    103865  max   279432  V     51710  |d|     264    449k mv/s  1024  99.8  2048  97.5  4096  84.6  8192  41.4  16k   1.2  32k   0.0
ep 398000       2944s  mean    104264  max   295508  V     51736  |d|     265    449k mv/s  1024  99.6  2048  97.5  4096  85.0  8192  43.5  16k   0.9  32k   0.0
ep 400000       2964s  mean    102375  max   291984  V     52096  |d|     265    449k mv/s  1024  99.7  2048  97.5  4096  84.7  8192  40.6  16k   1.1  32k   0.0
ep 402000       2984s  mean    103288  max   297636  V     52197  |d|     266    449k mv/s  1024 100.0  2048  97.2  4096  84.3  8192  41.4  16k   1.4  32k   0.0
ep 404000       3004s  mean    103986  max   294276  V     52385  |d|     266    449k mv/s  1024  99.9  2048  98.0  4096  84.7  8192  42.1  16k   1.6  32k   0.0
ep 406000       3024s  mean    105200  max   281736  V     52406  |d|     266    449k mv/s  1024  99.8  2048  97.5  4096  85.6  8192  43.8  16k   0.7  32k   0.0
ep 408000       3044s  mean    106095  max   290212  V     52578  |d|     266    449k mv/s  1024  99.8  2048  97.8  4096  86.5  8192  44.2  16k   0.9  32k   0.0
ep 410000       3065s  mean    105312  max   294096  V     52942  |d|     263    450k mv/s  1024  99.8  2048  97.0  4096  86.4  8192  43.8  16k   1.4  32k   0.0
ep 412000       3085s  mean    104540  max   291936  V     52998  |d|     266    450k mv/s  1024  99.7  2048  97.2  4096  84.8  8192  41.3  16k   1.6  32k   0.0
ep 414000       3106s  mean    107075  max   290544  V     53018  |d|     267    449k mv/s  1024  99.8  2048  98.1  4096  86.4  8192  44.5  16k   1.9  32k   0.0
ep 416000       3126s  mean    104289  max   286008  V     53300  |d|     269    450k mv/s  1024  99.9  2048  97.4  4096  84.5  8192  42.9  16k   0.8  32k   0.0
ep 418000       3145s  mean    105719  max   310056  V     53539  |d|     266    450k mv/s  1024  99.6  2048  97.3  4096  85.5  8192  45.1  16k   1.3  32k   0.0
ep 420000       3165s  mean    105741  max   280476  V     53689  |d|     267    450k mv/s  1024  99.8  2048  97.1  4096  86.1  8192  43.6  16k   1.4  32k   0.0
ep 422000       3185s  mean    106615  max   306544  V     53732  |d|     269    450k mv/s  1024 100.0  2048  97.5  4096  86.3  8192  44.5  16k   1.9  32k   0.0
ep 424000       3206s  mean    108105  max   301624  V     53746  |d|     269    450k mv/s  1024  99.8  2048  97.5  4096  84.9  8192  46.1  16k   2.2  32k   0.0
ep 426000       3227s  mean    106596  max   291136  V     54105  |d|     268    450k mv/s  1024  99.8  2048  98.3  4096  85.6  8192  45.0  16k   1.4  32k   0.0
ep 428000       3247s  mean    106619  max   305452  V     54364  |d|     267    450k mv/s  1024  99.7  2048  98.0  4096  85.3  8192  43.5  16k   1.6  32k   0.0
ep 430000       3267s  mean    106458  max   307404  V     54387  |d|     271    450k mv/s  1024  99.8  2048  97.7  4096  86.0  8192  43.5  16k   1.7  32k   0.0
ep 432000       3288s  mean    107238  max   291512  V     54567  |d|     270    450k mv/s  1024  99.8  2048  97.0  4096  85.5  8192  45.0  16k   1.9  32k   0.0
ep 434000       3308s  mean    106678  max   310752  V     54738  |d|     269    450k mv/s  1024  99.7  2048  97.3  4096  85.0  8192  45.3  16k   1.6  32k   0.0
ep 436000       3329s  mean    109812  max   288120  V     54693  |d|     270    450k mv/s  1024  99.8  2048  98.2  4096  86.7  8192  47.9  16k   1.6  32k   0.0
ep 438000       3350s  mean    108036  max   308000  V     54977  |d|     272    450k mv/s  1024  99.8  2048  97.7  4096  85.2  8192  44.9  16k   2.5  32k   0.0
ep 440000       3370s  mean    108271  max   314552  V     55182  |d|     270    450k mv/s  1024  99.8  2048  97.8  4096  86.4  8192  44.9  16k   1.4  32k   0.0
ep 442000       3391s  mean    109740  max   353276  V     55267  |d|     271    450k mv/s  1024  99.8  2048  98.1  4096  86.9  8192  46.4  16k   2.0  32k   0.0
ep 444000       3413s  mean    110456  max   286996  V     55334  |d|     272    450k mv/s  1024  99.8  2048  97.7  4096  87.2  8192  47.5  16k   1.9  32k   0.0
ep 446000       3434s  mean    108284  max   316184  V     55770  |d|     270    450k mv/s  1024  99.8  2048  98.0  4096  86.4  8192  44.9  16k   2.4  32k   0.0
ep 448000       3455s  mean    108506  max   307724  V     55819  |d|     271    450k mv/s  1024 100.0  2048  97.6  4096  84.8  8192  45.6  16k   2.2  32k   0.0
ep 450000       3476s  mean    110256  max   301540  V     55982  |d|     271    450k mv/s  1024  99.8  2048  97.8  4096  86.8  8192  47.0  16k   1.8  32k   0.0
ep 452000       3497s  mean    108760  max   290796  V     56294  |d|     270    450k mv/s  1024 100.0  2048  97.9  4096  86.8  8192  45.9  16k   1.9  32k   0.0
ep 454000       3519s  mean    112229  max   310596  V     56137  |d|     274    450k mv/s  1024  99.8  2048  97.9  4096  87.2  8192  48.4  16k   3.0  32k   0.0
ep 456000       3539s  mean    110233  max   291564  V     56461  |d|     273    450k mv/s  1024  99.8  2048  98.0  4096  86.4  8192  47.0  16k   2.3  32k   0.0
ep 458000       3560s  mean    111720  max   321752  V     56649  |d|     272    450k mv/s  1024  99.8  2048  97.8  4096  87.5  8192  48.5  16k   3.0  32k   0.0
ep 460000       3580s  mean    109968  max   308584  V     56855  |d|     273    450k mv/s  1024  99.8  2048  97.0  4096  86.6  8192  45.6  16k   2.9  32k   0.0
ep 462000       3601s  mean    110784  max   304960  V     56871  |d|     275    450k mv/s  1024  99.8  2048  98.2  4096  87.0  8192  47.1  16k   2.6  32k   0.0
checkpoint -> runs/r10_fresh.bin (ep 462025)
ep 464000       3622s  mean    110713  max   294764  V     56965  |d|     275    450k mv/s  1024  99.8  2048  97.6  4096  85.8  8192  46.9  16k   2.4  32k   0.0
ep 466000       3643s  mean    112774  max   286156  V     57209  |d|     272    451k mv/s  1024  99.8  2048  98.0  4096  87.8  8192  47.6  16k   2.5  32k   0.0
ep 468000       3664s  mean    112049  max   316040  V     57378  |d|     273    451k mv/s  1024  99.7  2048  97.2  4096  86.5  8192  47.2  16k   3.2  32k   0.0
ep 470000       3686s  mean    113652  max   292016  V     57504  |d|     275    451k mv/s  1024  99.7  2048  98.0  4096  87.5  8192  48.6  16k   3.5  32k   0.0
ep 472000       3707s  mean    111869  max   291536  V     57703  |d|     276    451k mv/s  1024  99.7  2048  97.2  4096  86.8  8192  48.2  16k   3.2  32k   0.0
ep 474000       3729s  mean    111503  max   306696  V     57989  |d|     274    451k mv/s  1024  99.8  2048  98.1  4096  86.3  8192  47.6  16k   2.4  32k   0.0
ep 476000       3750s  mean    112490  max   358960  V     58123  |d|     275    451k mv/s  1024  99.8  2048  97.8  4096  87.9  8192  47.0  16k   3.4  32k   0.0
ep 478000       3771s  mean    113445  max   344320  V     58189  |d|     276    451k mv/s  1024  99.8  2048  98.2  4096  86.0  8192  48.0  16k   3.8  32k   0.0
ep 480000       3793s  mean    114106  max   313632  V     58237  |d|     275    451k mv/s  1024  99.8  2048  98.0  4096  87.7  8192  48.8  16k   2.7  32k   0.0
ep 482000       3815s  mean    113662  max   315924  V     58624  |d|     274    451k mv/s  1024  99.8  2048  97.9  4096  88.7  8192  48.5  16k   3.0  32k   0.0
ep 484000       3837s  mean    113702  max   329976  V     58703  |d|     276    451k mv/s  1024  99.8  2048  98.0  4096  87.2  8192  49.1  16k   3.7  32k   0.0
ep 486000       3860s  mean    115078  max   318812  V     58759  |d|     276    451k mv/s  1024  99.8  2048  98.1  4096  88.2  8192  48.5  16k   3.6  32k   0.0
ep 488000       3881s  mean    112931  max   324064  V     59109  |d|     277    451k mv/s  1024  99.8  2048  98.2  4096  86.8  8192  47.7  16k   3.8  32k   0.0
ep 490000       3902s  mean    113099  max   314320  V     59282  |d|     276    451k mv/s  1024  99.8  2048  98.0  4096  87.0  8192  46.7  16k   3.8  32k   0.0
ep 492000       3924s  mean    114502  max   309912  V     59272  |d|     277    451k mv/s  1024 100.0  2048  97.8  4096  88.2  8192  48.5  16k   3.2  32k   0.0
ep 494000       3946s  mean    113351  max   331984  V     59573  |d|     278    451k mv/s  1024  99.8  2048  97.3  4096  87.2  8192  48.1  16k   3.6  32k   0.0
ep 496000       3968s  mean    115277  max   314528  V     59697  |d|     277    451k mv/s  1024 100.0  2048  98.0  4096  88.0  8192  50.2  16k   3.6  32k   0.0
ep 498000       3989s  mean    113070  max   317204  V     59841  |d|     279    451k mv/s  1024  99.8  2048  98.2  4096  87.2  8192  46.7  16k   3.8  32k   0.0
ep 500000       4011s  mean    114036  max   344000  V     59984  |d|     279    451k mv/s  1024  99.9  2048  97.5  4096  86.7  8192  48.2  16k   3.9  32k   0.0
ep 502000       4033s  mean    114992  max   306372  V     60059  |d|     279    451k mv/s  1024  99.7  2048  97.0  4096  87.5  8192  49.4  16k   3.9  32k   0.0
ep 504000       4056s  mean    117540  max   313840  V     60225  |d|     278    451k mv/s  1024  99.8  2048  97.9  4096  88.0  8192  50.9  16k   4.8  32k   0.0
ep 506000       4079s  mean    117146  max   325664  V     60257  |d|     282    451k mv/s  1024  99.8  2048  98.2  4096  88.8  8192  50.6  16k   4.3  32k   0.0
ep 508000       4101s  mean    116522  max   318388  V     60393  |d|     281    451k mv/s  1024  99.7  2048  97.6  4096  87.5  8192  50.5  16k   4.0  32k   0.0
ep 510000       4123s  mean    116760  max   314284  V     60709  |d|     279    451k mv/s  1024  99.9  2048  98.1  4096  87.7  8192  50.5  16k   4.0  32k   0.0
ep 512000       4147s  mean    119223  max   317652  V     60840  |d|     279    450k mv/s  1024 100.0  2048  97.6  4096  88.9  8192  52.4  16k   4.8  32k   0.0
ep 514000       4169s  mean    116967  max   303488  V     61139  |d|     280    450k mv/s  1024  99.6  2048  98.0  4096  87.8  8192  50.5  16k   4.9  32k   0.0
ep 516000       4192s  mean    116482  max   327048  V     61237  |d|     281    450k mv/s  1024  99.8  2048  97.8  4096  87.5  8192  49.8  16k   4.7  32k   0.0
ep 518000       4215s  mean    120436  max   342888  V     61252  |d|     281    450k mv/s  1024  99.7  2048  97.8  4096  88.5  8192  53.8  16k   5.2  32k   0.0
ep 520000       4238s  mean    117303  max   336368  V     61693  |d|     280    450k mv/s  1024  99.8  2048  97.8  4096  88.2  8192  49.1  16k   5.2  32k   0.0
ep 522000       4260s  mean    119446  max   331528  V     61738  |d|     281    450k mv/s  1024  99.9  2048  97.4  4096  87.5  8192  51.7  16k   6.0  32k   0.0
ep 524000       4282s  mean    119699  max   328680  V     61812  |d|     282    450k mv/s  1024  99.5  2048  98.2  4096  90.2  8192  53.1  16k   4.3  32k   0.0
ep 526000       4305s  mean    117801  max   334708  V     62129  |d|     283    450k mv/s  1024  99.8  2048  97.7  4096  88.2  8192  50.8  16k   5.2  32k   0.0
ep 528000       4328s  mean    119175  max   316928  V     62126  |d|     282    450k mv/s  1024  99.8  2048  97.2  4096  87.7  8192  50.8  16k   5.2  32k   0.0
ep 530000       4351s  mean    118875  max   334164  V     62269  |d|     283    450k mv/s  1024  99.8  2048  97.9  4096  87.7  8192  51.7  16k   4.7  32k   0.0
ep 532000       4374s  mean    120884  max   325192  V     62347  |d|     285    450k mv/s  1024  99.7  2048  97.8  4096  88.7  8192  52.4  16k   6.3  32k   0.0
ep 534000       4397s  mean    119090  max   339660  V     62550  |d|     285    450k mv/s  1024  99.9  2048  98.0  4096  89.2  8192  51.8  16k   4.9  32k   0.0
ep 536000       4420s  mean    119645  max   316120  V     62749  |d|     282    450k mv/s  1024  99.9  2048  98.0  4096  87.7  8192  51.4  16k   5.2  32k   0.0
ep 538000       4442s  mean    117462  max   325016  V     63050  |d|     285    450k mv/s  1024  99.8  2048  97.8  4096  87.8  8192  50.5  16k   5.2  32k   0.0
ep 540000       4465s  mean    120350  max   350064  V     62925  |d|     285    450k mv/s  1024  99.8  2048  97.2  4096  87.5  8192  52.2  16k   5.5  32k   0.0
ep 542000       4487s  mean    120461  max   334340  V     63327  |d|     284    450k mv/s  1024  99.8  2048  97.8  4096  88.8  8192  52.1  16k   5.3  32k   0.0
ep 544000       4510s  mean    123576  max   358744  V     63242  |d|     287    450k mv/s  1024  99.8  2048  97.8  4096  88.5  8192  53.7  16k   6.3  32k   0.0
ep 546000       4532s  mean    122890  max   335428  V     63465  |d|     286    451k mv/s  1024  99.9  2048  98.7  4096  89.3  8192  53.5  16k   6.5  32k   0.0
ep 548000       4554s  mean    119765  max   325716  V     63937  |d|     284    451k mv/s  1024  99.9  2048  98.5  4096  89.1  8192  51.9  16k   5.2  32k   0.0
ep 550000       4577s  mean    120994  max   322560  V     63930  |d|     286    451k mv/s  1024  99.8  2048  97.3  4096  89.2  8192  53.5  16k   5.8  32k   0.0
ep 552000       4600s  mean    121454  max   326268  V     64125  |d|     287    451k mv/s  1024  99.8  2048  97.9  4096  88.6  8192  52.9  16k   6.8  32k   0.0
ep 554000       4623s  mean    121622  max   338680  V     64125  |d|     287    451k mv/s  1024  99.8  2048  98.5  4096  89.9  8192  52.1  16k   5.8  32k   0.0
ep 556000       4646s  mean    121166  max   325612  V     64354  |d|     288    451k mv/s  1024  99.7  2048  98.5  4096  88.8  8192  52.9  16k   6.8  32k   0.0
ep 558000       4669s  mean    122864  max   365160  V     64269  |d|     289    451k mv/s  1024 100.0  2048  97.8  4096  88.0  8192  52.8  16k   6.7  32k   0.0
ep 560000       4692s  mean    121669  max   335916  V     64702  |d|     287    451k mv/s  1024 100.0  2048  98.5  4096  88.6  8192  53.0  16k   6.0  32k   0.0
ep 562000       4715s  mean    119600  max   326688  V     65063  |d|     286    451k mv/s  1024  99.9  2048  97.8  4096  87.5  8192  50.6  16k   6.3  32k   0.0
ep 564000       4737s  mean    120274  max   333816  V     65034  |d|     287    451k mv/s  1024  99.8  2048  98.0  4096  88.5  8192  52.2  16k   6.2  32k   0.0
ep 566000       4760s  mean    121403  max   331972  V     65274  |d|     285    451k mv/s  1024 100.0  2048  98.5  4096  89.2  8192  51.3  16k   6.5  32k   0.0
ep 568000       4783s  mean    118639  max   342440  V     65427  |d|     286    451k mv/s  1024  99.8  2048  97.7  4096  88.8  8192  49.2  16k   6.0  32k   0.0
ep 570000       4806s  mean    123275  max   322940  V     65341  |d|     287    451k mv/s  1024  99.8  2048  98.1  4096  89.2  8192  54.6  16k   6.0  32k   0.0
ep 572000       4829s  mean    123533  max   334628  V     65588  |d|     286    451k mv/s  1024 100.0  2048  98.2  4096  89.7  8192  53.0  16k   7.1  32k   0.0
ep 574000       4852s  mean    121299  max   333368  V     65811  |d|     287    451k mv/s  1024  99.8  2048  97.8  4096  88.8  8192  51.3  16k   6.9  32k   0.0
ep 576000       4874s  mean    122911  max   327288  V     66035  |d|     284    451k mv/s  1024  99.8  2048  97.9  4096  89.7  8192  53.5  16k   6.4  32k   0.0
ep 578000       4896s  mean    121375  max   358044  V     66244  |d|     287    451k mv/s  1024  99.8  2048  97.8  4096  88.5  8192  53.2  16k   6.5  32k   0.0
ep 580000       4918s  mean    122901  max   337508  V     66226  |d|     286    451k mv/s  1024  99.6  2048  97.3  4096  88.7  8192  53.2  16k   6.8  32k   0.0
ep 582000       4940s  mean    125528  max   329496  V     66308  |d|     286    451k mv/s  1024  99.8  2048  98.0  4096  90.6  8192  54.7  16k   7.2  32k   0.0
ep 584000       4963s  mean    124563  max   350000  V     66557  |d|     287    451k mv/s  1024  99.8  2048  98.1  4096  89.2  8192  54.1  16k   7.5  32k   0.0
ep 586000       4985s  mean    122819  max   342412  V     66926  |d|     287    451k mv/s  1024  99.8  2048  98.6  4096  88.8  8192  52.6  16k   7.4  32k   0.0
ep 588000       5008s  mean    125651  max   326608  V     66842  |d|     287    451k mv/s  1024  99.8  2048  98.1  4096  89.4  8192  55.8  16k   7.1  32k   0.0
ep 590000       5030s  mean    123636  max   360756  V     67206  |d|     285    451k mv/s  1024  99.9  2048  98.2  4096  88.5  8192  53.6  16k   6.9  32k   0.0
ep 592000       5053s  mean    125836  max   332588  V     67132  |d|     288    452k mv/s  1024  99.8  2048  97.7  4096  88.2  8192  55.2  16k   8.3  32k   0.0
ep 594000       5076s  mean    122464  max   328696  V     67486  |d|     287    452k mv/s  1024  99.8  2048  98.1  4096  88.3  8192  52.6  16k   6.5  32k   0.0
ep 596000       5099s  mean    126857  max   334588  V     67337  |d|     289    452k mv/s  1024  99.8  2048  98.4  4096  89.2  8192  55.3  16k   8.6  32k   0.0
ep 598000       5122s  mean    126653  max   334912  V     67691  |d|     287    452k mv/s  1024  99.9  2048  98.5  4096  89.8  8192  55.9  16k   7.8  32k   0.0
ep 600000       5144s  mean    125235  max   342992  V     67888  |d|     287    452k mv/s  1024  99.7  2048  98.2  4096  89.2  8192  54.5  16k   7.2  32k   0.0
ep 602000       5167s  mean    125233  max   332392  V     67969  |d|     290    452k mv/s  1024  99.8  2048  97.0  4096  87.3  8192  54.4  16k   8.2  32k   0.0
ep 604000       5191s  mean    128250  max   357780  V     67950  |d|     291    452k mv/s  1024 100.0  2048  98.5  4096  89.7  8192  56.2  16k   8.1  32k   0.0
ep 606000       5213s  mean    125020  max   342408  V     68295  |d|     290    452k mv/s  1024  99.8  2048  98.5  4096  89.8  8192  54.1  16k   7.1  32k   0.0
ep 608000       5237s  mean    129427  max   344632  V     68346  |d|     289    452k mv/s  1024  99.8  2048  98.1  4096  89.9  8192  57.4  16k   9.3  32k   0.0
ep 610000       5260s  mean    127827  max   333896  V     68397  |d|     292    452k mv/s  1024  99.8  2048  98.0  4096  90.4  8192  56.5  16k   8.0  32k   0.0
ep 612000       5283s  mean    126574  max   329080  V     68710  |d|     290    452k mv/s  1024  99.8  2048  97.3  4096  89.3  8192  54.4  16k   8.8  32k   0.0
ep 614000       5306s  mean    126855  max   341396  V     68818  |d|     290    452k mv/s  1024  99.9  2048  97.7  4096  89.2  8192  56.0  16k   8.0  32k   0.0
ep 616000       5330s  mean    128729  max   340956  V     69093  |d|     288    452k mv/s  1024  99.9  2048  98.7  4096  89.9  8192  57.0  16k   8.6  32k   0.0
ep 618000       5354s  mean    126395  max   335256  V     69270  |d|     289    452k mv/s  1024  99.9  2048  98.3  4096  90.2  8192  54.0  16k   8.2  32k   0.0
ep 620000       5378s  mean    129469  max   344660  V     69227  |d|     290    452k mv/s  1024  99.9  2048  98.5  4096  89.8  8192  57.0  16k   9.6  32k   0.0
ep 622000       5401s  mean    128093  max   333164  V     69502  |d|     290    452k mv/s  1024  99.7  2048  97.9  4096  88.0  8192  56.1  16k   9.6  32k   0.0
checkpoint -> runs/r10_fresh.bin (ep 622056)
ep 624000       5425s  mean    129746  max   368808  V     69540  |d|     291    452k mv/s  1024  99.8  2048  98.7  4096  90.0  8192  55.5  16k   9.7  32k   0.0
ep 626000       5449s  mean    127150  max   339000  V     69866  |d|     291    452k mv/s  1024  99.7  2048  97.7  4096  88.9  8192  55.9  16k   8.8  32k   0.0
ep 628000       5474s  mean    128381  max   343108  V     70060  |d|     291    452k mv/s  1024 100.0  2048  98.0  4096  88.2  8192  55.7  16k  10.2  32k   0.0
ep 630000       5498s  mean    130097  max   346856  V     70050  |d|     290    452k mv/s  1024  99.8  2048  97.7  4096  89.5  8192  56.6  16k   9.3  32k   0.0
ep 632000       5523s  mean    131645  max   340916  V     70065  |d|     294    452k mv/s  1024  99.9  2048  97.8  4096  90.2  8192  59.0  16k   9.7  32k   0.0
ep 634000       5548s  mean    130660  max   335744  V     70406  |d|     293    452k mv/s  1024 100.0  2048  98.7  4096  91.2  8192  57.6  16k   9.7  32k   0.0
ep 636000       5572s  mean    132012  max   338760  V     70479  |d|     291    452k mv/s  1024 100.0  2048  98.5  4096  90.5  8192  57.4  16k  10.2  32k   0.0
ep 638000       5597s  mean    130382  max   334096  V     70697  |d|     292    452k mv/s  1024  99.8  2048  98.2  4096  89.2  8192  56.0  16k  10.7  32k   0.0
ep 640000       5622s  mean    130924  max   343848  V     70872  |d|     293    452k mv/s  1024  99.8  2048  98.8  4096  90.0  8192  56.0  16k  10.8  32k   0.0
ep 642000       5646s  mean    130221  max   353484  V     71028  |d|     293    452k mv/s  1024  99.8  2048  97.8  4096  88.9  8192  55.0  16k  10.8  32k   0.0
ep 644000       5671s  mean    132365  max   341188  V     71052  |d|     293    452k mv/s  1024  99.9  2048  98.2  4096  89.7  8192  57.2  16k  10.8  32k   0.0
ep 646000       5695s  mean    130599  max   356980  V     71297  |d|     294    452k mv/s  1024  99.8  2048  98.2  4096  89.5  8192  58.4  16k   9.3  32k   0.0
ep 648000       5720s  mean    129781  max   356876  V     71654  |d|     291    452k mv/s  1024  99.8  2048  98.5  4096  88.5  8192  56.6  16k   9.9  32k   0.0
ep 650000       5745s  mean    130550  max   337380  V     71729  |d|     292    452k mv/s  1024 100.0  2048  97.5  4096  88.9  8192  57.1  16k  10.4  32k   0.0
ep 652000       5770s  mean    132364  max   333820  V     71735  |d|     294    452k mv/s  1024  99.8  2048  98.2  4096  89.5  8192  57.9  16k  11.0  32k   0.0
ep 654000       5794s  mean    130723  max   332120  V     71969  |d|     295    452k mv/s  1024  99.9  2048  98.2  4096  90.3  8192  55.5  16k  10.3  32k   0.0
ep 656000       5819s  mean    132431  max   362792  V     72038  |d|     294    452k mv/s  1024  99.7  2048  98.4  4096  89.8  8192  57.6  16k  10.4  32k   0.0
ep 658000       5843s  mean    132514  max   343048  V     72261  |d|     295    452k mv/s  1024  99.7  2048  98.3  4096  89.8  8192  57.5  16k  11.5  32k   0.0
ep 660000       5868s  mean    133379  max   358452  V     72417  |d|     294    452k mv/s  1024  99.8  2048  98.8  4096  90.7  8192  58.6  16k  11.2  32k   0.0
ep 662000       5892s  mean    131959  max   342020  V     72483  |d|     295    452k mv/s  1024  99.9  2048  98.2  4096  89.8  8192  57.8  16k  10.1  32k   0.0
ep 664000       5916s  mean    133061  max   362196  V     72606  |d|     295    452k mv/s  1024  99.9  2048  98.7  4096  90.1  8192  58.0  16k  10.6  32k   0.0
ep 666000       5942s  mean    134076  max   354868  V     72770  |d|     295    452k mv/s  1024  99.8  2048  98.5  4096  90.7  8192  58.7  16k  10.8  32k   0.0
ep 668000       5967s  mean    132133  max   378296  V     73039  |d|     296    452k mv/s  1024 100.0  2048  98.4  4096  90.0  8192  57.3  16k  10.4  32k   0.0
ep 670000       5992s  mean    133389  max   329088  V     73402  |d|     293    452k mv/s  1024 100.0  2048  98.5  4096  91.0  8192  58.7  16k  11.2  32k   0.0
ep 672000       6017s  mean    134513  max   366980  V     73252  |d|     295    452k mv/s  1024  99.8  2048  98.0  4096  90.2  8192  59.9  16k  11.8  32k   0.0
ep 674000       6043s  mean    134894  max   352096  V     73433  |d|     294    452k mv/s  1024  99.8  2048  98.2  4096  89.7  8192  58.8  16k  12.1  32k   0.0
ep 676000       6068s  mean    134755  max   344440  V     73578  |d|     295    452k mv/s  1024  99.8  2048  98.1  4096  90.8  8192  58.0  16k  11.5  32k   0.0
ep 678000       6093s  mean    133304  max   343856  V     73690  |d|     296    452k mv/s  1024 100.0  2048  98.1  4096  90.2  8192  56.1  16k  11.6  32k   0.0
ep 680000       6117s  mean    133246  max   360400  V     74051  |d|     295    452k mv/s  1024  99.9  2048  98.4  4096  90.6  8192  57.5  16k  11.2  32k   0.0
ep 682000       6142s  mean    135808  max   334752  V     73956  |d|     297    452k mv/s  1024  99.9  2048  98.2  4096  90.3  8192  60.4  16k  12.2  32k   0.0
ep 684000       6167s  mean    135237  max   353816  V     74343  |d|     296    452k mv/s  1024  99.8  2048  98.3  4096  89.8  8192  57.8  16k  13.1  32k   0.0
ep 686000       6193s  mean    135856  max   357908  V     74236  |d|     298    452k mv/s  1024  99.9  2048  98.8  4096  90.8  8192  59.4  16k  11.6  32k   0.0
ep 688000       6218s  mean    134860  max   380520  V     74465  |d|     297    452k mv/s  1024 100.0  2048  98.7  4096  90.7  8192  57.7  16k  12.5  32k   0.0
ep 690000       6243s  mean    138621  max   342732  V     74533  |d|     298    452k mv/s  1024  99.7  2048  98.5  4096  91.2  8192  60.6  16k  13.3  32k   0.0
ep 692000       6269s  mean    136811  max   343432  V     74732  |d|     298    452k mv/s  1024  99.8  2048  98.5  4096  89.7  8192  59.2  16k  13.1  32k   0.0
ep 694000       6294s  mean    135129  max   343524  V     75042  |d|     296    452k mv/s  1024  99.8  2048  98.3  4096  91.0  8192  58.2  16k  11.8  32k   0.0
ep 696000       6319s  mean    137038  max   346800  V     75166  |d|     297    452k mv/s  1024 100.0  2048  98.5  4096  91.8  8192  59.2  16k  12.9  32k   0.0
ep 698000       6344s  mean    134964  max   354132  V     75381  |d|     296    452k mv/s  1024  99.9  2048  98.3  4096  90.4  8192  58.4  16k  11.9  32k   0.0
ep 700000       6369s  mean    136666  max   359276  V     75376  |d|     298    452k mv/s  1024  99.8  2048  98.0  4096  90.0  8192  58.6  16k  13.4  32k   0.0
ep 702000       6395s  mean    135551  max   364920  V     75536  |d|     297    452k mv/s  1024  99.8  2048  98.0  4096  90.1  8192  58.1  16k  12.2  32k   0.0
ep 704000       6421s  mean    137118  max   342200  V     75637  |d|     299    452k mv/s  1024 100.0  2048  98.5  4096  90.7  8192  59.2  16k  13.4  32k   0.0
ep 706000       6447s  mean    137041  max   333824  V     75845  |d|     297    452k mv/s  1024  99.8  2048  98.5  4096  90.9  8192  59.1  16k  12.2  32k   0.0
ep 708000       6472s  mean    134855  max   360040  V     76231  |d|     296    452k mv/s  1024 100.0  2048  98.1  4096  89.0  8192  58.1  16k  12.6  32k   0.0
ep 710000       6498s  mean    134987  max   335376  V     76302  |d|     296    452k mv/s  1024  99.8  2048  98.0  4096  90.3  8192  58.6  16k  11.4  32k   0.0
ep 712000       6524s  mean    138377  max   362368  V     76129  |d|     299    452k mv/s  1024  99.8  2048  98.5  4096  91.0  8192  60.6  16k  12.2  32k   0.0
ep 714000       6550s  mean    135973  max   358940  V     76576  |d|     298    452k mv/s  1024  99.8  2048  98.4  4096  90.2  8192  58.3  16k  12.9  32k   0.0
ep 716000       6576s  mean    138240  max   334476  V     76676  |d|     298    452k mv/s  1024  99.8  2048  98.5  4096  90.4  8192  60.5  16k  13.4  32k   0.0
ep 718000       6602s  mean    138901  max   361320  V     76625  |d|     299    452k mv/s  1024 100.0  2048  98.8  4096  91.7  8192  59.7  16k  13.6  32k   0.0
ep 720000       6628s  mean    135163  max   363256  V     77022  |d|     299    452k mv/s  1024  99.8  2048  98.8  4096  91.2  8192  58.7  16k  11.7  32k   0.0
ep 722000       6653s  mean    136800  max   360940  V     77131  |d|     299    452k mv/s  1024 100.0  2048  97.5  4096  88.9  8192  57.5  16k  14.2  32k   0.0
ep 724000       6679s  mean    138301  max   363208  V     77281  |d|     298    452k mv/s  1024  99.8  2048  98.5  4096  91.0  8192  60.9  16k  12.8  32k   0.0
ep 726000       6705s  mean    139337  max   368052  V     77161  |d|     301    452k mv/s  1024 100.0  2048  99.0  4096  90.2  8192  60.4  16k  13.7  32k   0.0
ep 728000       6731s  mean    138054  max   350304  V     77550  |d|     301    452k mv/s  1024  99.9  2048  99.0  4096  90.5  8192  58.4  16k  14.1  32k   0.0
ep 730000       6756s  mean    136277  max   362992  V     77848  |d|     297    452k mv/s  1024 100.0  2048  98.3  4096  90.5  8192  58.8  16k  13.0  32k   0.0
ep 732000       6782s  mean    137292  max   368568  V     77768  |d|     302    452k mv/s  1024 100.0  2048  98.2  4096  90.0  8192  60.4  16k  13.4  32k   0.0
ep 734000       6808s  mean    139854  max   369064  V     77863  |d|     301    452k mv/s  1024  99.9  2048  99.0  4096  91.8  8192  60.5  16k  13.8  32k   0.0
ep 736000       6835s  mean    140241  max   354024  V     78012  |d|     301    452k mv/s  1024  99.8  2048  98.8  4096  91.3  8192  60.6  16k  13.9  32k   0.0
ep 738000       6861s  mean    141171  max   379036  V     78095  |d|     301    452k mv/s  1024  99.8  2048  98.3  4096  91.3  8192  60.7  16k  14.1  32k   0.0
ep 740000       6887s  mean    139456  max   338348  V     78370  |d|     300    452k mv/s  1024  99.9  2048  98.5  4096  91.5  8192  60.6  16k  13.8  32k   0.0
ep 742000       6914s  mean    140798  max   344300  V     78415  |d|     303    452k mv/s  1024 100.0  2048  98.2  4096  90.3  8192  61.2  16k  15.1  32k   0.0
ep 744000       6940s  mean    139091  max   366496  V     78621  |d|     303    452k mv/s  1024  99.9  2048  98.4  4096  91.0  8192  60.2  16k  13.9  32k   0.0
ep 746000       6966s  mean    141024  max   376288  V     78671  |d|     302    452k mv/s  1024 100.0  2048  99.0  4096  91.5  8192  61.3  16k  13.7  32k   0.0
ep 748000       6992s  mean    139797  max   362912  V     78978  |d|     303    452k mv/s  1024  99.8  2048  98.3  4096  91.8  8192  59.4  16k  14.5  32k   0.0
ep 750000       7019s  mean    142078  max   342412  V     79047  |d|     302    452k mv/s  1024  99.8  2048  98.3  4096  91.5  8192  61.5  16k  15.4  32k   0.0
ep 752000       7045s  mean    138665  max   378164  V     79357  |d|     302    451k mv/s  1024 100.0  2048  98.7  4096  91.2  8192  59.8  16k  13.0  32k   0.0
ep 754000       7072s  mean    142589  max   361160  V     79493  |d|     301    451k mv/s  1024  99.8  2048  98.7  4096  92.3  8192  62.6  16k  15.3  32k   0.0
ep 756000       7098s  mean    140232  max   360340  V     79660  |d|     302    451k mv/s  1024  99.9  2048  98.3  4096  90.6  8192  60.2  16k  14.7  32k   0.0
ep 758000       7124s  mean    142914  max   375916  V     79644  |d|     302    451k mv/s  1024  99.8  2048  98.7  4096  92.4  8192  63.0  16k  14.8  32k   0.0
ep 760000       7151s  mean    142460  max   377132  V     79906  |d|     302    451k mv/s  1024  99.8  2048  98.5  4096  91.7  8192  62.2  16k  14.8  32k   0.0
ep 762000       7176s  mean    139209  max   367336  V     79916  |d|     306    451k mv/s  1024  99.9  2048  98.5  4096  91.5  8192  60.1  16k  13.6  32k   0.0
checkpoint -> runs/r10_fresh.bin (ep 763958)
ep 764000       7203s  mean    142882  max   381748  V     80007  |d|     305    451k mv/s  1024  99.8  2048  98.5  4096  90.8  8192  62.9  16k  15.4  32k   0.0
ep 766000       7230s  mean    142993  max   362744  V     80169  |d|     305    451k mv/s  1024 100.0  2048  98.8  4096  91.4  8192  60.6  16k  15.2  32k   0.0
ep 768000       7257s  mean    139918  max   343592  V     80415  |d|     303    451k mv/s  1024  99.9  2048  98.5  4096  90.7  8192  61.2  16k  13.2  32k   0.0
ep 770000       7283s  mean    139829  max   367168  V     80706  |d|     303    451k mv/s  1024  99.8  2048  98.1  4096  91.3  8192  61.6  16k  13.3  32k   0.0
ep 772000       7309s  mean    139305  max   353612  V     80743  |d|     307    451k mv/s  1024  99.8  2048  98.0  4096  91.2  8192  60.3  16k  13.9  32k   0.0
ep 774000       7335s  mean    143996  max   365996  V     80722  |d|     305    451k mv/s  1024  99.9  2048  98.0  4096  91.4  8192  61.6  16k  16.5  32k   0.0
ep 776000       7362s  mean    142725  max   362964  V     80955  |d|     306    451k mv/s  1024 100.0  2048  98.7  4096  91.2  8192  62.4  16k  15.3  32k   0.0
ep 778000       7389s  mean    141631  max   362628  V     81118  |d|     306    451k mv/s  1024  99.7  2048  98.2  4096  91.0  8192  61.2  16k  15.3  32k   0.0
ep 780000       7415s  mean    142085  max   361796  V     81345  |d|     307    451k mv/s  1024  99.8  2048  98.6  4096  91.5  8192  61.7  16k  15.5  32k   0.0
ep 782000       7441s  mean    141655  max   366808  V     81402  |d|     306    451k mv/s  1024  99.8  2048  98.4  4096  91.2  8192  61.8  16k  15.2  32k   0.0
ep 784000       7468s  mean    142852  max   384676  V     81571  |d|     305    451k mv/s  1024 100.0  2048  98.6  4096  91.2  8192  62.4  16k  15.8  32k   0.0
ep 786000       7494s  mean    143051  max   367180  V     81637  |d|     305    451k mv/s  1024  99.8  2048  98.0  4096  89.8  8192  63.7  16k  14.9  32k   0.0
ep 788000       7521s  mean    143014  max   377996  V     81757  |d|     306    451k mv/s  1024  99.8  2048  98.2  4096  91.0  8192  61.5  16k  15.9  32k   0.0
ep 790000       7548s  mean    143520  max   368268  V     81924  |d|     305    451k mv/s  1024 100.0  2048  98.3  4096  92.2  8192  62.6  16k  14.1  32k   0.0
ep 792000       7574s  mean    140680  max   360988  V     82228  |d|     307    451k mv/s  1024 100.0  2048  98.8  4096  91.0  8192  59.7  16k  15.2  32k   0.0
ep 794000       7601s  mean    141243  max   385560  V     82329  |d|     306    451k mv/s  1024  99.8  2048  98.5  4096  91.5  8192  60.6  16k  15.2  32k   0.0
ep 796000       7628s  mean    145607  max   368228  V     82214  |d|     306    451k mv/s  1024 100.0  2048  98.7  4096  91.7  8192  62.5  16k  16.7  32k   0.0
ep 798000       7654s  mean    144242  max   362980  V     82618  |d|     305    451k mv/s  1024 100.0  2048  98.8  4096  92.2  8192  61.7  16k  15.8  32k   0.0
ep 800000       7681s  mean    143265  max   363200  V     82537  |d|     309    451k mv/s  1024  99.9  2048  98.6  4096  90.9  8192  61.9  16k  15.7  32k   0.0
ep 802000       7707s  mean    143188  max   370608  V     82658  |d|     310    451k mv/s  1024 100.0  2048  98.6  4096  91.7  8192  61.9  16k  14.8  32k   0.0
ep 804000       7734s  mean    141223  max   381772  V     82869  |d|     310    451k mv/s  1024  99.8  2048  98.6  4096  90.8  8192  58.8  16k  15.2  32k   0.0
ep 806000       7761s  mean    143346  max   362740  V     83097  |d|     309    451k mv/s  1024  99.9  2048  98.7  4096  90.8  8192  61.1  16k  16.4  32k   0.0
ep 808000       7788s  mean    145477  max   363328  V     83155  |d|     308    451k mv/s  1024  99.8  2048  98.4  4096  92.6  8192  64.0  16k  16.1  32k   0.0
ep 810000       7814s  mean    145307  max   368436  V     83136  |d|     310    451k mv/s  1024  99.8  2048  98.5  4096  91.4  8192  62.8  16k  17.2  32k   0.0
ep 812000       7841s  mean    143910  max   342472  V     83340  |d|     311    451k mv/s  1024  99.9  2048  99.1  4096  92.2  8192  62.0  16k  15.2  32k   0.0
ep 814000       7867s  mean    142435  max   365536  V     83668  |d|     309    451k mv/s  1024 100.0  2048  98.5  4096  90.8  8192  60.6  16k  15.2  32k   0.0
ep 816000       7895s  mean    145386  max   364008  V     83565  |d|     310    451k mv/s  1024  99.9  2048  98.2  4096  91.3  8192  62.2  16k  16.4  32k   0.0
ep 818000       7922s  mean    142619  max   369192  V     83806  |d|     310    451k mv/s  1024  99.9  2048  98.3  4096  90.6  8192  61.6  16k  15.6  32k   0.0
ep 820000       7949s  mean    145450  max   366392  V     83898  |d|     310    451k mv/s  1024  99.8  2048  98.7  4096  92.6  8192  63.4  16k  15.8  32k   0.0
ep 822000       7976s  mean    145240  max   355604  V     84107  |d|     309    451k mv/s  1024  99.8  2048  98.5  4096  92.0  8192  62.9  16k  15.2  32k   0.0
ep 824000       8003s  mean    144853  max   379656  V     84215  |d|     311    451k mv/s  1024  99.8  2048  98.5  4096  92.0  8192  63.6  16k  15.1  32k   0.0
ep 826000       8029s  mean    143780  max   363068  V     84415  |d|     311    451k mv/s  1024  99.8  2048  98.8  4096  91.4  8192  61.0  16k  16.0  32k   0.0
ep 828000       8057s  mean    146190  max   366996  V     84560  |d|     309    451k mv/s  1024  99.8  2048  98.1  4096  91.6  8192  63.5  16k  16.1  32k   0.0
ep 830000       8085s  mean    149294  max   361456  V     84372  |d|     312    451k mv/s  1024  99.8  2048  98.6  4096  92.6  8192  63.9  16k  18.6  32k   0.0
ep 832000       8112s  mean    146162  max   368644  V     84930  |d|     309    451k mv/s  1024  99.9  2048  98.2  4096  92.0  8192  63.5  16k  16.3  32k   0.0
ep 834000       8140s  mean    148614  max   344512  V     84754  |d|     311    451k mv/s  1024 100.0  2048  98.5  4096  91.2  8192  63.6  16k  18.4  32k   0.0
ep 836000       8167s  mean    144249  max   363008  V     85090  |d|     312    451k mv/s  1024  99.8  2048  98.8  4096  91.7  8192  62.6  16k  15.5  32k   0.0
ep 838000       8194s  mean    144977  max   372520  V     85244  |d|     311    451k mv/s  1024  99.7  2048  98.8  4096  92.2  8192  61.8  16k  16.1  32k   0.0
ep 840000       8221s  mean    144091  max   377580  V     85391  |d|     312    451k mv/s  1024 100.0  2048  98.9  4096  92.2  8192  63.4  16k  14.9  32k   0.0
ep 842000       8249s  mean    144153  max   383156  V     85743  |d|     309    451k mv/s  1024  99.9  2048  98.4  4096  92.3  8192  61.9  16k  15.4  32k   0.0
ep 844000       8276s  mean    146854  max   363276  V     85648  |d|     312    451k mv/s  1024  99.9  2048  98.8  4096  92.9  8192  63.5  16k  16.9  32k   0.0
ep 846000       8303s  mean    144966  max   368604  V     85840  |d|     314    451k mv/s  1024  99.8  2048  98.5  4096  91.8  8192  61.4  16k  16.3  32k   0.0
ep 848000       8331s  mean    146784  max   367148  V     85694  |d|     313    451k mv/s  1024  99.7  2048  98.5  4096  91.9  8192  64.5  16k  16.3  32k   0.0
ep 850000       8358s  mean    145869  max   372768  V     85916  |d|     314    451k mv/s  1024 100.0  2048  99.0  4096  92.5  8192  63.1  16k  16.1  32k   0.0
ep 852000       8386s  mean    147514  max   374444  V     86046  |d|     313    451k mv/s  1024 100.0  2048  98.9  4096  92.8  8192  63.4  16k  16.9  32k   0.0
ep 854000       8414s  mean    148972  max   371296  V     86078  |d|     313    451k mv/s  1024 100.0  2048  98.1  4096  92.0  8192  64.1  16k  17.9  32k   0.0
ep 856000       8441s  mean    146602  max   359892  V     86386  |d|     312    451k mv/s  1024 100.0  2048  99.0  4096  92.1  8192  62.9  16k  16.8  32k   0.0
ep 858000       8469s  mean    147696  max   387024  V     86515  |d|     312    451k mv/s  1024  99.9  2048  98.5  4096  91.8  8192  63.6  16k  17.1  32k   0.0
ep 860000       8497s  mean    148899  max   367140  V     86680  |d|     312    451k mv/s  1024  99.9  2048  98.2  4096  91.8  8192  63.6  16k  18.6  32k   0.0
ep 862000       8524s  mean    146733  max   380980  V     86942  |d|     312    451k mv/s  1024  99.8  2048  98.2  4096  92.0  8192  62.5  16k  17.8  32k   0.0
ep 864000       8552s  mean    149451  max   374088  V     86854  |d|     314    450k mv/s  1024  99.9  2048  98.8  4096  92.7  8192  63.8  16k  18.1  32k   0.0
ep 866000       8580s  mean    148377  max   379220  V     86776  |d|     316    450k mv/s  1024  99.9  2048  98.2  4096  91.5  8192  65.0  16k  17.2  32k   0.0
ep 868000       8607s  mean    147597  max   376392  V     87193  |d|     315    450k mv/s  1024  99.8  2048  98.6  4096  91.5  8192  63.2  16k  17.6  32k   0.0
ep 870000       8635s  mean    146938  max   379236  V     87317  |d|     314    450k mv/s  1024  99.8  2048  98.3  4096  91.3  8192  63.4  16k  17.1  32k   0.0
ep 872000       8662s  mean    146928  max   385728  V     87589  |d|     314    450k mv/s  1024  99.8  2048  98.4  4096  92.0  8192  63.1  16k  17.2  32k   0.0
ep 874000       8690s  mean    147858  max   362664  V     87663  |d|     315    450k mv/s  1024 100.0  2048  98.8  4096  92.0  8192  63.4  16k  18.1  32k   0.0
ep 876000       8718s  mean    150300  max   370528  V     87598  |d|     316    450k mv/s  1024  99.8  2048  97.8  4096  91.8  8192  64.4  16k  18.6  32k   0.0
ep 878000       8746s  mean    148254  max   386744  V     87760  |d|     317    450k mv/s  1024  99.9  2048  98.4  4096  91.7  8192  64.3  16k  16.8  32k   0.0
ep 880000       8774s  mean    148748  max   382624  V     87945  |d|     314    450k mv/s  1024  99.8  2048  98.2  4096  92.9  8192  63.6  16k  17.4  32k   0.0
ep 882000       8801s  mean    147009  max   362844  V     88154  |d|     314    450k mv/s  1024 100.0  2048  98.5  4096  91.3  8192  62.6  16k  17.6  32k   0.0
ep 884000       8829s  mean    149283  max   374176  V     88237  |d|     315    450k mv/s  1024 100.0  2048  98.7  4096  92.4  8192  64.6  16k  18.1  32k   0.0
ep 886000       8857s  mean    147977  max   368152  V     88446  |d|     316    450k mv/s  1024 100.0  2048  98.8  4096  91.8  8192  64.6  16k  16.8  32k   0.0
ep 888000       8885s  mean    151319  max   362364  V     88422  |d|     315    450k mv/s  1024 100.0  2048  98.9  4096  92.5  8192  64.8  16k  19.1  32k   0.0
ep 890000       8912s  mean    145606  max   387304  V     88781  |d|     316    450k mv/s  1024  99.6  2048  98.2  4096  92.2  8192  61.8  16k  17.1  32k   0.0
ep 892000       8940s  mean    151581  max   364172  V     88603  |d|     317    450k mv/s  1024  99.9  2048  99.0  4096  92.8  8192  66.0  16k  19.0  32k   0.0
ep 894000       8968s  mean    149314  max   366900  V     88959  |d|     316    450k mv/s  1024 100.0  2048  98.3  4096  92.5  8192  64.1  16k  17.6  32k   0.0
ep 896000       8995s  mean    149818  max   355436  V     88865  |d|     317    450k mv/s  1024  99.8  2048  98.3  4096  92.5  8192  63.9  16k  17.9  32k   0.0
checkpoint -> runs/r10_fresh.bin (ep 896585)
ep 898000       9024s  mean    152740  max   383396  V     88883  |d|     318    450k mv/s  1024  99.9  2048  98.3  4096  93.2  8192  64.8  16k  19.4  32k   0.0
ep 900000       9051s  mean    151798  max   367152  V     89145  |d|     317    450k mv/s  1024 100.0  2048  98.5  4096  92.0  8192  65.3  16k  19.2  32k   0.0
ep 902000       9079s  mean    150335  max   368072  V     89457  |d|     317    450k mv/s  1024  99.8  2048  98.5  4096  92.0  8192  64.4  16k  18.6  32k   0.0
ep 904000       9107s  mean    150782  max   355556  V     89341  |d|     319    450k mv/s  1024  99.9  2048  98.5  4096  92.8  8192  65.2  16k  18.3  32k   0.0
ep 906000       9134s  mean    147056  max   375820  V     89756  |d|     318    450k mv/s  1024 100.0  2048  98.8  4096  92.9  8192  64.5  16k  15.9  32k   0.0
ep 908000       9161s  mean    147794  max   362944  V     89944  |d|     318    450k mv/s  1024  99.8  2048  98.3  4096  92.0  8192  64.2  16k  16.9  32k   0.0
ep 910000       9189s  mean    147504  max   369096  V     89932  |d|     321    450k mv/s  1024  99.8  2048  98.5  4096  91.7  8192  62.6  16k  17.9  32k   0.0
ep 912000       9217s  mean    150846  max   383140  V     90058  |d|     318    450k mv/s  1024  99.9  2048  99.0  4096  92.8  8192  64.5  16k  18.8  32k   0.0
ep 914000       9245s  mean    150727  max   375060  V     89948  |d|     319    450k mv/s  1024  99.8  2048  98.4  4096  92.0  8192  65.5  16k  18.2  32k   0.0
ep 916000       9273s  mean    148973  max   369332  V     90323  |d|     320    450k mv/s  1024  99.8  2048  98.4  4096  92.3  8192  64.2  16k  18.1  32k   0.0
ep 918000       9300s  mean    148989  max   366568  V     90390  |d|     320    450k mv/s  1024  99.8  2048  98.3  4096  91.9  8192  65.0  16k  17.3  32k   0.0
ep 920000       9328s  mean    150461  max   364580  V     90520  |d|     319    450k mv/s  1024 100.0  2048  99.2  4096  92.9  8192  65.0  16k  18.0  32k   0.0
ep 922000       9355s  mean    149393  max   377320  V     90659  |d|     319    450k mv/s  1024  99.8  2048  98.2  4096  91.5  8192  64.5  16k  18.4  32k   0.0
ep 924000       9383s  mean    151760  max   382648  V     90447  |d|     324    450k mv/s  1024  99.9  2048  98.5  4096  91.5  8192  65.7  16k  18.8  32k   0.0
ep 926000       9411s  mean    151783  max   376872  V     90745  |d|     322    450k mv/s  1024  99.8  2048  98.2  4096  91.5  8192  65.9  16k  19.6  32k   0.0
ep 928000       9439s  mean    149869  max   370660  V     91008  |d|     322    450k mv/s  1024  99.8  2048  98.2  4096  93.1  8192  64.4  16k  18.2  32k   0.0
ep 930000       9467s  mean    150433  max   367296  V     91126  |d|     319    450k mv/s  1024  99.8  2048  98.5  4096  92.2  8192  65.0  16k  17.9  32k   0.0
ep 932000       9495s  mean    151344  max   372016  V     91054  |d|     323    450k mv/s  1024  99.8  2048  98.3  4096  92.0  8192  66.0  16k  18.9  32k   0.0
ep 934000       9523s  mean    149394  max   362800  V     91692  |d|     318    450k mv/s  1024 100.0  2048  98.3  4096  92.2  8192  64.0  16k  18.6  32k   0.0
ep 936000       9552s  mean    152950  max   372252  V     91516  |d|     318    450k mv/s  1024  99.9  2048  98.3  4096  93.3  8192  66.0  16k  19.6  32k   0.0
ep 938000       9580s  mean    149791  max   387312  V     91684  |d|     320    450k mv/s  1024  99.7  2048  98.6  4096  92.5  8192  63.4  16k  17.7  32k   0.0
ep 940000       9608s  mean    153272  max   366288  V     91498  |d|     321    450k mv/s  1024  99.8  2048  98.5  4096  92.5  8192  65.8  16k  19.6  32k   0.0
ep 942000       9636s  mean    154308  max   386424  V     91650  |d|     321    450k mv/s  1024  99.8  2048  98.5  4096  92.5  8192  67.3  16k  19.8  32k   0.0
ep 944000       9663s  mean    147532  max   385384  V     92104  |d|     324    450k mv/s  1024  99.9  2048  97.7  4096  91.7  8192  64.0  16k  17.6  32k   0.0
ep 946000       9690s  mean    149196  max   364648  V     92253  |d|     322    450k mv/s  1024  99.8  2048  98.1  4096  92.7  8192  65.8  16k  17.6  32k   0.0
ep 948000       9718s  mean    152853  max   365428  V     92021  |d|     323    450k mv/s  1024  99.9  2048  98.8  4096  92.0  8192  66.8  16k  18.4  32k   0.0
ep 950000       9746s  mean    151950  max   363652  V     92348  |d|     320    450k mv/s  1024  99.8  2048  97.9  4096  91.8  8192  65.8  16k  19.3  32k   0.0
ep 952000       9774s  mean    151059  max   386188  V     92559  |d|     322    450k mv/s  1024  99.9  2048  98.7  4096  92.2  8192  65.0  16k  18.9  32k   0.0
ep 954000       9802s  mean    153882  max   378048  V     92464  |d|     324    450k mv/s  1024  99.8  2048  99.0  4096  93.5  8192  65.6  16k  19.6  32k   0.0
ep 956000       9830s  mean    151420  max   367948  V     92594  |d|     321    450k mv/s  1024 100.0  2048  98.8  4096  93.3  8192  64.8  16k  17.4  32k   0.0
ep 958000       9858s  mean    151308  max   384348  V     92941  |d|     321    450k mv/s  1024  99.8  2048  98.5  4096  92.5  8192  64.9  16k  18.7  32k   0.0
ep 960000       9886s  mean    150427  max   364428  V     93178  |d|     322    450k mv/s  1024  99.8  2048  98.7  4096  92.3  8192  64.9  16k  19.1  32k   0.0
ep 962000       9915s  mean    158465  max   373636  V     92654  |d|     322    450k mv/s  1024 100.0  2048  98.8  4096  92.6  8192  68.4  16k  21.7  32k   0.0
ep 964000       9943s  mean    153790  max   376776  V     92989  |d|     322    450k mv/s  1024  99.8  2048  98.3  4096  92.3  8192  66.0  16k  19.8  32k   0.0
ep 966000       9971s  mean    152327  max   374132  V     93284  |d|     325    450k mv/s  1024  99.9  2048  99.0  4096  92.5  8192  65.3  16k  19.8  32k   0.0
ep 968000       9999s  mean    155671  max   367812  V     93258  |d|     323    450k mv/s  1024  99.8  2048  98.8  4096  93.0  8192  66.4  16k  20.4  32k   0.0
ep 970000      10026s  mean    153595  max   377320  V     93275  |d|     325    450k mv/s  1024  99.7  2048  98.0  4096  93.0  8192  65.7  16k  19.6  32k   0.0
ep 972000      10053s  mean    151757  max   373836  V     93442  |d|     326    450k mv/s  1024  99.9  2048  98.7  4096  93.6  8192  66.0  16k  18.3  32k   0.0
ep 974000      10081s  mean    152149  max   368908  V     93833  |d|     324    450k mv/s  1024  99.9  2048  99.0  4096  92.6  8192  64.3  16k  19.9  32k   0.0
ep 976000      10109s  mean    154859  max   376760  V     93942  |d|     322    450k mv/s  1024  99.9  2048  99.0  4096  92.8  8192  65.5  16k  21.0  32k   0.0
ep 978000      10137s  mean    152577  max   363140  V     94323  |d|     322    450k mv/s  1024  99.8  2048  98.3  4096  92.8  8192  65.5  16k  19.4  32k   0.0
ep 980000      10166s  mean    155243  max   378896  V     94071  |d|     326    450k mv/s  1024 100.0  2048  98.5  4096  92.0  8192  68.0  16k  20.6  32k   0.0
ep 982000      10194s  mean    152953  max   387044  V     94354  |d|     324    450k mv/s  1024  99.8  2048  98.2  4096  91.8  8192  65.6  16k  20.8  32k   0.0
ep 984000      10222s  mean    154849  max   368928  V     94205  |d|     324    450k mv/s  1024  99.8  2048  98.9  4096  92.6  8192  65.5  16k  19.8  32k   0.0
ep 986000      10251s  mean    152725  max   368024  V     94504  |d|     327    450k mv/s  1024 100.0  2048  99.2  4096  93.0  8192  65.8  16k  18.9  32k   0.0
ep 988000      10279s  mean    156386  max   379500  V     94435  |d|     324    450k mv/s  1024 100.0  2048  98.5  4096  92.5  8192  66.2  16k  22.3  32k   0.0
ep 990000      10308s  mean    153911  max   369464  V     94802  |d|     323    450k mv/s  1024  99.8  2048  98.5  4096  92.2  8192  66.0  16k  20.2  32k   0.0
ep 992000      10336s  mean    152892  max   381512  V     94686  |d|     328    450k mv/s  1024 100.0  2048  98.8  4096  93.0  8192  66.6  16k  18.4  32k   0.0
ep 994000      10363s  mean    153631  max   373964  V     94873  |d|     325    450k mv/s  1024  99.9  2048  98.8  4096  92.6  8192  66.4  16k  19.6  32k   0.0
ep 996000      10390s  mean    155256  max   392900  V     95037  |d|     326    450k mv/s  1024  99.9  2048  98.8  4096  92.8  8192  66.0  16k  21.1  32k   0.0
ep 998000      10418s  mean    152958  max   372608  V     95122  |d|     326    450k mv/s  1024  99.8  2048  98.8  4096  91.4  8192  65.6  16k  19.4  32k   0.0
ep 1000000     10445s  mean    154112  max   367968  V     95515  |d|     324    450k mv/s  1024  99.9  2048  98.7  4096  93.2  8192  66.8  16k  20.2  32k   0.0
ep 1002000     10473s  mean    153256  max   362364  V     95259  |d|     329    450k mv/s  1024  99.9  2048  98.7  4096  92.3  8192  65.7  16k  19.6  32k   0.0
ep 1004000     10501s  mean    153054  max   370516  V     95467  |d|     328    450k mv/s  1024  99.6  2048  98.7  4096  92.7  8192  65.7  16k  19.9  32k   0.0
ep 1006000     10528s  mean    150767  max   379624  V     95520  |d|     329    450k mv/s  1024  99.9  2048  98.2  4096  91.5  8192  64.0  16k  19.1  32k   0.0
ep 1008000     10557s  mean    152907  max   383048  V     95543  |d|     328    450k mv/s  1024 100.0  2048  98.5  4096  93.0  8192  66.7  16k  19.1  32k   0.0
ep 1010000     10585s  mean    155789  max   377840  V     95638  |d|     329    450k mv/s  1024  99.7  2048  98.5  4096  92.5  8192  65.8  16k  21.4  32k   0.0
ep 1012000     10614s  mean    155871  max   377948  V     95997  |d|     325    450k mv/s  1024 100.0  2048  98.8  4096  93.5  8192  67.6  16k  20.5  32k   0.0
ep 1014000     10642s  mean    153670  max   385024  V     95963  |d|     327    450k mv/s  1024  99.7  2048  98.4  4096  92.7  8192  66.2  16k  19.7  32k   0.0
ep 1016000     10670s  mean    158115  max   368848  V     95938  |d|     329    450k mv/s  1024 100.0  2048  98.7  4096  93.7  8192  67.5  16k  21.8  32k   0.0
ep 1018000     10699s  mean    155590  max   382084  V     96047  |d|     328    450k mv/s  1024 100.0  2048  98.5  4096  92.1  8192  66.6  16k  20.8  32k   0.0
ep 1020000     10728s  mean    158062  max   368276  V     96193  |d|     328    450k mv/s  1024 100.0  2048  98.5  4096  93.0  8192  67.5  16k  22.3  32k   0.0
ep 1022000     10756s  mean    155953  max   370676  V     96163  |d|     328    450k mv/s  1024  99.7  2048  98.2  4096  92.2  8192  66.0  16k  21.8  32k   0.0
ep 1024000     10785s  mean    157746  max   386960  V     96485  |d|     328    450k mv/s  1024  99.9  2048  99.1  4096  93.8  8192  67.0  16k  21.4  32k   0.0
checkpoint -> runs/r10_fresh.bin (ep 1025280)
ep 1026000     10814s  mean    158058  max   366332  V     96570  |d|     328    450k mv/s  1024  99.8  2048  98.5  4096  93.0  8192  69.0  16k  21.6  32k   0.0
ep 1028000     10843s  mean    155701  max   375648  V     96784  |d|     326    450k mv/s  1024  99.8  2048  98.5  4096  93.0  8192  65.6  16k  21.4  32k   0.0
ep 1030000     10872s  mean    158269  max   386556  V     96908  |d|     327    450k mv/s  1024  99.8  2048  98.5  4096  92.5  8192  67.3  16k  22.9  32k   0.0
ep 1032000     10901s  mean    155953  max   372852  V     96940  |d|     331    450k mv/s  1024  99.8  2048  98.8  4096  93.2  8192  66.5  16k  21.3  32k   0.0
ep 1034000     10930s  mean    156036  max   389100  V     97193  |d|     328    450k mv/s  1024 100.0  2048  98.8  4096  93.7  8192  65.8  16k  21.5  32k   0.0
ep 1036000     10959s  mean    155350  max   369480  V     97255  |d|     329    450k mv/s  1024  99.8  2048  98.7  4096  92.9  8192  67.7  16k  20.5  32k   0.0
ep 1038000     10987s  mean    154358  max   374244  V     97438  |d|     328    450k mv/s  1024 100.0  2048  98.7  4096  93.0  8192  66.8  16k  20.4  32k   0.0
ep 1040000     11016s  mean    154944  max   385748  V     97559  |d|     327    450k mv/s  1024  99.9  2048  98.7  4096  92.8  8192  66.0  16k  20.5  32k   0.0
ep 1042000     11045s  mean    157265  max   386932  V     97628  |d|     329    450k mv/s  1024  99.8  2048  98.5  4096  92.4  8192  66.3  16k  22.4  32k   0.0
ep 1044000     11074s  mean    159242  max   385304  V     97453  |d|     330    450k mv/s  1024 100.0  2048  98.7  4096  93.0  8192  68.5  16k  22.1  32k   0.0
ep 1046000     11103s  mean    159004  max   384348  V     97759  |d|     327    450k mv/s  1024  99.7  2048  98.5  4096  92.8  8192  66.7  16k  22.5  32k   0.0
ep 1048000     11131s  mean    152309  max   361348  V     97957  |d|     329    450k mv/s  1024  99.9  2048  98.3  4096  91.8  8192  63.4  16k  20.8  32k   0.0
ep 1050000     11159s  mean    156317  max   365296  V     97840  |d|     331    450k mv/s  1024 100.0  2048  98.9  4096  92.3  8192  66.8  16k  21.5  32k   0.0
ep 1052000     11187s  mean    157559  max   389148  V     98019  |d|     331    450k mv/s  1024  99.9  2048  98.7  4096  92.5  8192  68.2  16k  21.2  32k   0.0
ep 1054000     11215s  mean    158060  max   382364  V     98160  |d|     331    450k mv/s  1024  99.7  2048  98.4  4096  93.0  8192  67.6  16k  21.9  32k   0.0
ep 1056000     11242s  mean    153761  max   360696  V     98207  |d|     331    450k mv/s  1024  99.8  2048  98.3  4096  92.3  8192  65.5  16k  20.9  32k   0.0
ep 1058000     11270s  mean    155536  max   375748  V     98574  |d|     328    450k mv/s  1024  99.8  2048  98.5  4096  92.7  8192  67.2  16k  20.4  32k   0.0
ep 1060000     11299s  mean    159860  max   381720  V     98268  |d|     333    450k mv/s  1024  99.8  2048  98.8  4096  93.8  8192  67.8  16k  23.1  32k   0.0
ep 1062000     11327s  mean    156357  max   367040  V     98650  |d|     331    450k mv/s  1024  99.8  2048  98.5  4096  93.3  8192  67.8  16k  20.6  32k   0.0
ep 1064000     11356s  mean    159303  max   386392  V     98458  |d|     334    450k mv/s  1024  99.9  2048  98.6  4096  93.5  8192  67.5  16k  22.2  32k   0.0
ep 1066000     11385s  mean    156730  max   371096  V     98855  |d|     333    450k mv/s  1024  99.9  2048  98.5  4096  92.7  8192  67.7  16k  22.2  32k   0.0
ep 1068000     11414s  mean    158624  max   376420  V     98965  |d|     332    450k mv/s  1024  99.9  2048  98.8  4096  93.2  8192  67.7  16k  22.1  32k   0.0
ep 1070000     11442s  mean    157382  max   363880  V     99128  |d|     330    450k mv/s  1024  99.9  2048  98.8  4096  93.3  8192  67.8  16k  21.4  32k   0.0
ep 1072000     11472s  mean    161076  max   387372  V     98616  |d|     333    450k mv/s  1024  99.8  2048  98.7  4096  93.4  8192  68.0  16k  22.4  32k   0.0
ep 1074000     11499s  mean    157028  max   384492  V     99446  |d|     330    450k mv/s  1024  99.9  2048  98.7  4096  93.2  8192  67.5  16k  21.6  32k   0.0
ep 1076000     11527s  mean    158249  max   387332  V     99203  |d|     333    450k mv/s  1024  99.8  2048  98.5  4096  93.0  8192  67.7  16k  21.8  32k   0.0
ep 1078000     11556s  mean    161392  max   376064  V     99154  |d|     334    450k mv/s  1024  99.9  2048  98.9  4096  93.2  8192  68.8  16k  23.4  32k   0.0
ep 1080000     11584s  mean    159376  max   371188  V     99623  |d|     331    450k mv/s  1024  99.8  2048  98.3  4096  92.5  8192  68.4  16k  22.9  32k   0.0
ep 1082000     11612s  mean    160072  max   382496  V     99650  |d|     333    450k mv/s  1024  99.9  2048  98.2  4096  92.7  8192  67.5  16k  24.4  32k   0.0
ep 1084000     11640s  mean    157303  max   375468  V     99775  |d|     332    450k mv/s  1024  99.8  2048  98.3  4096  92.1  8192  66.2  16k  22.2  32k   0.0
ep 1086000     11667s  mean    159836  max   385000  V     99858  |d|     333    451k mv/s  1024  99.8  2048  98.6  4096  92.8  8192  66.5  16k  24.3  32k   0.0
ep 1088000     11695s  mean    160465  max   364752  V     99905  |d|     332    451k mv/s  1024  99.8  2048  97.7  4096  92.4  8192  67.8  16k  23.9  32k   0.0
ep 1090000     11724s  mean    158532  max   371052  V    100322  |d|     332    451k mv/s  1024  99.7  2048  98.5  4096  92.3  8192  67.8  16k  22.8  32k   0.0
ep 1092000     11753s  mean    158194  max   378108  V    100282  |d|     335    451k mv/s  1024 100.0  2048  98.3  4096  92.7  8192  66.5  16k  23.4  32k   0.0
ep 1094000     11783s  mean    160055  max   386232  V    100179  |d|     333    451k mv/s  1024 100.0  2048  99.0  4096  93.2  8192  67.5  16k  23.8  32k   0.0
ep 1096000     11812s  mean    158857  max   366544  V    100540  |d|     334    451k mv/s  1024  99.8  2048  98.8  4096  92.8  8192  67.8  16k  23.6  32k   0.0
ep 1098000     11841s  mean    159715  max   368604  V    100388  |d|     334    451k mv/s  1024 100.0  2048  99.2  4096  93.0  8192  67.5  16k  23.6  32k   0.0
ep 1100000     11870s  mean    157431  max   374092  V    100726  |d|     334    451k mv/s  1024  99.9  2048  99.0  4096  92.7  8192  66.0  16k  22.6  32k   0.0
ep 1102000     11899s  mean    160699  max   384196  V    100889  |d|     331    451k mv/s  1024  99.8  2048  98.7  4096  93.7  8192  68.8  16k  22.9  32k   0.0
ep 1104000     11929s  mean    160793  max   368920  V    100865  |d|     333    450k mv/s  1024  99.8  2048  99.0  4096  93.2  8192  67.5  16k  24.4  32k   0.0
ep 1106000     11959s  mean    160252  max   362976  V    100917  |d|     334    450k mv/s  1024  99.9  2048  98.7  4096  92.5  8192  68.6  16k  23.9  32k   0.0
ep 1108000     11988s  mean    156720  max   380084  V    101355  |d|     332    450k mv/s  1024  99.8  2048  98.5  4096  93.0  8192  66.5  16k  21.9  32k   0.0
ep 1110000     12017s  mean    158427  max   378264  V    101345  |d|     334    450k mv/s  1024  99.9  2048  98.6  4096  93.0  8192  67.2  16k  23.4  32k   0.0
ep 1112000     12046s  mean    160055  max   384680  V    101264  |d|     334    450k mv/s  1024  99.7  2048  98.5  4096  92.7  8192  67.6  16k  23.7  32k   0.0
ep 1114000     12076s  mean    162499  max   382532  V    101204  |d|     336    450k mv/s  1024  99.8  2048  98.7  4096  93.9  8192  68.6  16k  24.2  32k   0.0
ep 1116000     12105s  mean    158355  max   385552  V    101495  |d|     335    450k mv/s  1024  99.9  2048  98.7  4096  92.9  8192  67.0  16k  22.9  32k   0.0
ep 1118000     12134s  mean    157304  max   384416  V    101692  |d|     333    450k mv/s  1024  99.8  2048  98.8  4096  92.0  8192  66.2  16k  23.2  32k   0.0
ep 1120000     12163s  mean    159717  max   386644  V    101948  |d|     332    450k mv/s  1024  99.7  2048  98.5  4096  93.4  8192  68.3  16k  22.9  32k   0.0
ep 1122000     12192s  mean    154939  max   385932  V    102092  |d|     335    450k mv/s  1024  99.7  2048  98.2  4096  91.5  8192  65.2  16k  22.1  32k   0.0
ep 1124000     12222s  mean    162550  max   386084  V    101914  |d|     335    450k mv/s  1024  99.9  2048  99.1  4096  94.2  8192  68.5  16k  25.1  32k   0.0
ep 1126000     12252s  mean    160411  max   387236  V    101949  |d|     335    450k mv/s  1024  99.8  2048  97.9  4096  92.5  8192  67.0  16k  24.3  32k   0.0
ep 1128000     12281s  mean    157750  max   375508  V    102059  |d|     337    450k mv/s  1024  99.7  2048  98.4  4096  93.8  8192  66.7  16k  22.0  32k   0.0
ep 1130000     12311s  mean    160517  max   386992  V    102165  |d|     338    450k mv/s  1024 100.0  2048  98.8  4096  93.2  8192  67.0  16k  24.0  32k   0.0
ep 1132000     12340s  mean    159225  max   367800  V    102321  |d|     337    450k mv/s  1024 100.0  2048  98.6  4096  92.7  8192  67.3  16k  24.1  32k   0.0
ep 1134000     12370s  mean    160198  max   382896  V    102594  |d|     334    450k mv/s  1024  99.7  2048  99.0  4096  93.3  8192  68.0  16k  23.7  32k   0.0
ep 1136000     12399s  mean    161243  max   386296  V    102687  |d|     334    450k mv/s  1024  99.9  2048  98.8  4096  93.0  8192  68.8  16k  24.4  32k   0.0
ep 1138000     12429s  mean    159870  max   386612  V    102561  |d|     338    450k mv/s  1024  99.9  2048  99.0  4096  92.5  8192  66.6  16k  24.2  32k   0.0
ep 1140000     12458s  mean    157477  max   374196  V    102731  |d|     339    450k mv/s  1024  99.8  2048  98.0  4096  92.2  8192  65.8  16k  23.1  32k   0.0
ep 1142000     12488s  mean    162961  max   382456  V    102811  |d|     337    450k mv/s  1024  99.8  2048  98.4  4096  93.3  8192  68.8  16k  25.9  32k   0.0
ep 1144000     12518s  mean    162336  max   381804  V    102994  |d|     336    450k mv/s  1024  99.8  2048  98.9  4096  94.0  8192  67.7  16k  25.5  32k   0.0
ep 1146000     12547s  mean    162261  max   385176  V    102932  |d|     336    450k mv/s  1024  99.8  2048  98.9  4096  93.1  8192  67.2  16k  25.6  32k   0.0
ep 1148000     12577s  mean    162808  max   387172  V    103239  |d|     334    450k mv/s  1024 100.0  2048  98.8  4096  94.1  8192  69.4  16k  24.6  32k   0.0
checkpoint -> runs/r10_fresh.bin (ep 1149868)
ep 1150000     12607s  mean    158534  max   378868  V    103633  |d|     335    450k mv/s  1024 100.0  2048  98.8  4096  93.1  8192  65.9  16k  23.5  32k   0.0
ep 1152000     12636s  mean    160267  max   385672  V    103261  |d|     338    450k mv/s  1024 100.0  2048  98.7  4096  92.9  8192  68.2  16k  24.2  32k   0.0
ep 1154000     12666s  mean    161783  max   384412  V    103640  |d|     333    450k mv/s  1024  99.8  2048  98.5  4096  93.6  8192  69.5  16k  24.9  32k   0.0
ep 1156000     12695s  mean    161321  max   386352  V    103604  |d|     336    450k mv/s  1024  99.9  2048  98.8  4096  92.9  8192  67.9  16k  25.1  32k   0.0
ep 1158000     12725s  mean    159934  max   382980  V    103859  |d|     334    450k mv/s  1024  99.8  2048  98.3  4096  93.0  8192  66.5  16k  24.3  32k   0.0
ep 1160000     12754s  mean    163213  max   378260  V    103936  |d|     335    450k mv/s  1024 100.0  2048  98.7  4096  93.5  8192  68.3  16k  26.4  32k   0.0
ep 1162000     12785s  mean    166397  max   377872  V    103782  |d|     335    450k mv/s  1024  99.8  2048  99.3  4096  94.0  8192  69.5  16k  27.1  32k   0.0
ep 1164000     12815s  mean    162584  max   386236  V    104081  |d|     336    450k mv/s  1024  99.9  2048  98.9  4096  93.7  8192  68.0  16k  25.6  32k   0.0
ep 1166000     12845s  mean    162093  max   386608  V    104128  |d|     337    450k mv/s  1024  99.9  2048  98.2  4096  92.8  8192  69.1  16k  25.0  32k   0.0
ep 1168000     12875s  mean    164633  max   378088  V    104127  |d|     336    450k mv/s  1024  99.8  2048  98.7  4096  93.2  8192  69.2  16k  26.5  32k   0.0
ep 1170000     12905s  mean    161453  max   387168  V    104479  |d|     339    450k mv/s  1024  99.8  2048  98.7  4096  93.2  8192  68.0  16k  24.8  32k   0.0
ep 1172000     12935s  mean    165301  max   383388  V    104406  |d|     338    450k mv/s  1024 100.0  2048  99.2  4096  94.6  8192  70.7  16k  25.4  32k   0.0
ep 1174000     12965s  mean    161622  max   387332  V    104544  |d|     339    450k mv/s  1024  99.8  2048  98.8  4096  93.3  8192  68.0  16k  24.7  32k   0.0
ep 1176000     12995s  mean    165479  max   378096  V    104623  |d|     339    450k mv/s  1024 100.0  2048  98.5  4096  94.0  8192  71.2  16k  26.6  32k   0.0
ep 1178000     13024s  mean    164668  max   386800  V    104664  |d|     340    450k mv/s  1024  99.8  2048  98.9  4096  93.5  8192  69.0  16k  25.9  32k   0.0
ep 1180000     13053s  mean    165953  max   384200  V    104498  |d|     339    450k mv/s  1024 100.0  2048  98.8  4096  93.3  8192  69.2  16k  26.3  32k   0.0
ep 1182000     13082s  mean    159278  max   387156  V    105210  |d|     340    450k mv/s  1024  99.8  2048  99.1  4096  92.5  8192  67.2  16k  24.2  32k   0.0
ep 1184000     13111s  mean    161290  max   386768  V    105118  |d|     337    450k mv/s  1024  99.7  2048  98.3  4096  92.0  8192  67.5  16k  25.1  32k   0.0
ep 1186000     13141s  mean    165241  max   381624  V    105085  |d|     337    450k mv/s  1024  99.9  2048  98.8  4096  93.5  8192  68.0  16k  26.9  32k   0.0
ep 1188000     13170s  mean    165870  max   386276  V    105257  |d|     337    450k mv/s  1024  99.8  2048  98.7  4096  94.0  8192  69.8  16k  26.4  32k   0.0
ep 1190000     13198s  mean    162495  max   386924  V    105466  |d|     339    450k mv/s  1024  99.9  2048  99.2  4096  93.9  8192  67.8  16k  25.5  32k   0.0
ep 1192000     13226s  mean    163605  max   387112  V    105661  |d|     338    450k mv/s  1024  99.8  2048  98.8  4096  93.3  8192  69.0  16k  25.8  32k   0.0
ep 1194000     13255s  mean    167343  max   386972  V    105366  |d|     338    450k mv/s  1024  99.8  2048  98.8  4096  93.4  8192  69.8  16k  27.4  32k   0.0
ep 1196000     13284s  mean    165068  max   378664  V    105668  |d|     338    450k mv/s  1024  99.8  2048  98.8  4096  93.7  8192  68.4  16k  26.6  32k   0.0
ep 1198000     13313s  mean    166416  max   386332  V    105568  |d|     339    450k mv/s  1024  99.8  2048  98.5  4096  93.2  8192  70.3  16k  27.4  32k   0.0
ep 1200000     13342s  mean    164845  max   385400  V    105974  |d|     339    450k mv/s  1024  99.9  2048  99.1  4096  94.0  8192  70.6  16k  25.9  32k   0.0
ep 1202000     13372s  mean    162937  max   384832  V    105972  |d|     340    450k mv/s  1024  99.8  2048  98.4  4096  93.1  8192  68.8  16k  25.6  32k   0.0
ep 1204000     13401s  mean    166394  max   386396  V    105949  |d|     341    450k mv/s  1024  99.8  2048  98.7  4096  94.0  8192  68.2  16k  27.8  32k   0.0
ep 1206000     13431s  mean    164635  max   387092  V    106113  |d|     339    450k mv/s  1024  99.8  2048  98.3  4096  92.9  8192  67.8  16k  27.8  32k   0.0
ep 1208000     13461s  mean    163472  max   386192  V    106192  |d|     339    450k mv/s  1024  99.8  2048  98.8  4096  93.5  8192  67.2  16k  26.4  32k   0.0
ep 1210000     13490s  mean    164064  max   386156  V    106229  |d|     339    450k mv/s  1024  99.7  2048  98.4  4096  93.0  8192  68.7  16k  26.2  32k   0.0
ep 1212000     13521s  mean    167487  max   387668  V    106305  |d|     340    450k mv/s  1024  99.8  2048  98.9  4096  93.5  8192  69.2  16k  28.0  32k   0.0
ep 1214000     13551s  mean    167479  max   385464  V    106395  |d|     338    450k mv/s  1024 100.0  2048  98.3  4096  93.1  8192  69.8  16k  28.8  32k   0.0
ep 1216000     13582s  mean    167426  max   381548  V    106423  |d|     339    450k mv/s  1024 100.0  2048  98.8  4096  92.8  8192  69.0  16k  29.7  32k   0.0
ep 1218000     13612s  mean    165082  max   379552  V    106606  |d|     340    450k mv/s  1024  99.8  2048  98.7  4096  93.4  8192  68.2  16k  27.2  32k   0.0
ep 1220000     13643s  mean    166484  max   386780  V    106786  |d|     339    450k mv/s  1024  99.9  2048  98.8  4096  92.8  8192  70.0  16k  27.1  32k   0.0
ep 1222000     13673s  mean    167469  max   385140  V    106830  |d|     340    450k mv/s  1024  99.8  2048  98.5  4096  92.5  8192  69.8  16k  28.1  32k   0.0
ep 1224000     13703s  mean    164664  max   386388  V    107229  |d|     339    450k mv/s  1024  99.7  2048  98.4  4096  92.9  8192  68.8  16k  26.4  32k   0.0
ep 1226000     13732s  mean    166371  max   385124  V    107211  |d|     339    450k mv/s  1024 100.0  2048  98.5  4096  93.5  8192  69.8  16k  27.6  32k   0.0
ep 1228000     13762s  mean    170384  max   374712  V    107410  |d|     338    450k mv/s  1024  99.8  2048  98.8  4096  93.9  8192  71.5  16k  29.6  32k   0.0
ep 1230000     13793s  mean    166851  max   384108  V    107442  |d|     339    450k mv/s  1024  99.8  2048  98.5  4096  93.7  8192  69.5  16k  28.4  32k   0.0
ep 1232000     13823s  mean    165455  max   386828  V    107445  |d|     338    450k mv/s  1024  99.7  2048  98.5  4096  93.3  8192  68.7  16k  26.9  32k   0.0
ep 1234000     13854s  mean    168363  max   386552  V    107566  |d|     339    450k mv/s  1024 100.0  2048  98.8  4096  94.3  8192  70.0  16k  28.2  32k   0.0
ep 1236000     13885s  mean    169049  max   385304  V    107512  |d|     342    450k mv/s  1024  99.8  2048  98.7  4096  93.8  8192  70.2  16k  29.4  32k   0.0
ep 1238000     13914s  mean    163794  max   386896  V    107694  |d|     341    450k mv/s  1024 100.0  2048  98.7  4096  92.8  8192  67.8  16k  25.8  32k   0.0
ep 1240000     13945s  mean    168092  max   388224  V    107746  |d|     340    450k mv/s  1024  99.8  2048  98.8  4096  93.3  8192  69.4  16k  28.3  32k   0.0
ep 1242000     13975s  mean    166972  max   387108  V    107937  |d|     341    450k mv/s  1024  99.8  2048  99.0  4096  94.0  8192  69.8  16k  27.5  32k   0.0
ep 1244000     14005s  mean    166877  max   384804  V    108194  |d|     339    450k mv/s  1024 100.0  2048  98.8  4096  94.0  8192  69.2  16k  28.2  32k   0.0
ep 1246000     14035s  mean    166557  max   386488  V    108257  |d|     339    450k mv/s  1024  99.8  2048  98.7  4096  93.7  8192  69.2  16k  27.6  32k   0.0
ep 1248000     14063s  mean    164828  max   386476  V    108247  |d|     341    450k mv/s  1024  99.8  2048  98.5  4096  93.3  8192  68.0  16k  27.2  32k   0.0
ep 1250000     14092s  mean    169157  max   386668  V    108295  |d|     339    450k mv/s  1024  99.8  2048  98.7  4096  93.3  8192  70.3  16k  29.4  32k   0.0
ep 1252000     14121s  mean    163492  max   386532  V    108629  |d|     343    450k mv/s  1024  99.8  2048  98.8  4096  93.5  8192  68.4  16k  25.9  32k   0.0
ep 1254000     14150s  mean    166804  max   387320  V    108812  |d|     341    450k mv/s  1024  99.8  2048  99.0  4096  93.8  8192  71.0  16k  27.0  32k   0.0
ep 1256000     14181s  mean    169604  max   386196  V    108433  |d|     341    450k mv/s  1024  99.8  2048  98.6  4096  93.5  8192  70.0  16k  29.7  32k   0.0
ep 1258000     14211s  mean    167260  max   382904  V    108644  |d|     343    450k mv/s  1024  99.8  2048  98.5  4096  93.8  8192  69.8  16k  28.0  32k   0.0
ep 1260000     14241s  mean    165140  max   386180  V    109069  |d|     339    450k mv/s  1024  99.9  2048  99.0  4096  94.1  8192  69.5  16k  26.2  32k   0.0
ep 1262000     14271s  mean    169753  max   385244  V    108649  |d|     343    450k mv/s  1024 100.0  2048  98.7  4096  93.2  8192  70.1  16k  29.1  32k   0.0
ep 1264000     14300s  mean    165918  max   386528  V    109185  |d|     340    451k mv/s  1024  99.7  2048  98.5  4096  94.3  8192  68.8  16k  26.6  32k   0.0
ep 1266000     14329s  mean    167619  max   386540  V    109210  |d|     341    451k mv/s  1024 100.0  2048  98.6  4096  93.3  8192  70.0  16k  28.1  32k   0.0
ep 1268000     14359s  mean    167315  max   385696  V    109363  |d|     342    451k mv/s  1024  99.9  2048  98.9  4096  93.5  8192  69.6  16k  28.1  32k   0.0
ep 1270000     14389s  mean    165717  max   386416  V    109011  |d|     345    451k mv/s  1024  99.9  2048  98.5  4096  92.1  8192  67.3  16k  27.6  32k   0.0
checkpoint -> runs/r10_fresh.bin (ep 1271090)
ep 1272000     14419s  mean    166156  max   387368  V    109299  |d|     343    451k mv/s  1024  99.8  2048  98.3  4096  93.2  8192  68.9  16k  27.4  32k   0.0
ep 1274000     14449s  mean    168335  max   384756  V    109382  |d|     342    451k mv/s  1024  99.8  2048  98.3  4096  93.3  8192  69.3  16k  28.9  32k   0.0
ep 1276000     14479s  mean    167294  max   530648  V    109568  |d|     343    451k mv/s  1024  99.9  2048  98.8  4096  94.5  8192  69.6  16k  27.6  32k   0.1
ep 1278000     14508s  mean    166260  max   386708  V    109683  |d|     341    451k mv/s  1024 100.0  2048  98.5  4096  93.8  8192  68.8  16k  27.4  32k   0.0
ep 1280000     14539s  mean    169115  max   419880  V    109608  |d|     343    451k mv/s  1024  99.8  2048  99.0  4096  93.0  8192  70.0  16k  29.1  32k   0.0
ep 1282000     14569s  mean    168205  max   384920  V    109824  |d|     342    451k mv/s  1024 100.0  2048  98.8  4096  93.6  8192  69.8  16k  28.5  32k   0.0
ep 1284000     14599s  mean    172805  max   386504  V    109783  |d|     343    451k mv/s  1024 100.0  2048  99.0  4096  94.0  8192  72.8  16k  30.1  32k   0.0
ep 1286000     14630s  mean    168243  max   386752  V    110092  |d|     341    451k mv/s  1024  99.9  2048  99.0  4096  93.5  8192  69.7  16k  28.2  32k   0.0
ep 1288000     14660s  mean    169649  max   385420  V    110002  |d|     343    451k mv/s  1024  99.8  2048  98.8  4096  94.0  8192  68.8  16k  30.4  32k   0.0
ep 1290000     14690s  mean    168160  max   387012  V    110360  |d|     342    451k mv/s  1024  99.8  2048  98.5  4096  93.7  8192  69.2  16k  28.4  32k   0.0
ep 1292000     14721s  mean    171518  max   385420  V    110375  |d|     340    451k mv/s  1024  99.8  2048  99.0  4096  94.8  8192  70.5  16k  29.6  32k   0.0
ep 1294000     14751s  mean    165723  max   385704  V    110711  |d|     342    451k mv/s  1024  99.8  2048  98.8  4096  93.3  8192  69.0  16k  27.9  32k   0.0
ep 1296000     14782s  mean    170776  max   386036  V    110209  |d|     343    451k mv/s  1024 100.0  2048  98.5  4096  93.5  8192  70.8  16k  29.4  32k   0.0
ep 1298000     14811s  mean    168450  max   383436  V    110667  |d|     342    451k mv/s  1024  99.7  2048  98.4  4096  93.7  8192  69.7  16k  28.4  32k   0.0
ep 1300000     14842s  mean    168477  max   386356  V    110691  |d|     341    451k mv/s  1024  99.8  2048  98.5  4096  93.7  8192  69.6  16k  28.4  32k   0.0
ep 1302000     14871s  mean    166946  max   387124  V    111199  |d|     338    451k mv/s  1024  99.9  2048  98.8  4096  93.8  8192  68.8  16k  27.4  32k   0.0
ep 1304000     14901s  mean    166738  max   387024  V    111112  |d|     343    451k mv/s  1024  99.8  2048  98.5  4096  93.1  8192  69.5  16k  27.4  32k   0.0
ep 1306000     14931s  mean    172608  max   387160  V    110534  |d|     344    451k mv/s  1024  99.8  2048  99.0  4096  93.8  8192  70.2  16k  30.5  32k   0.0
ep 1308000     14961s  mean    166493  max   387300  V    111246  |d|     341    451k mv/s  1024  99.8  2048  98.6  4096  92.6  8192  68.8  16k  27.8  32k   0.0
ep 1310000     14992s  mean    171320  max   387056  V    111204  |d|     343    451k mv/s  1024 100.0  2048  99.2  4096  94.4  8192  71.8  16k  29.6  32k   0.0
ep 1312000     15022s  mean    169462  max   386816  V    111231  |d|     342    451k mv/s  1024 100.0  2048  99.0  4096  93.9  8192  68.5  16k  29.1  32k   0.0
ep 1314000     15052s  mean    170097  max   383256  V    111456  |d|     341    451k mv/s  1024  99.8  2048  98.6  4096  92.7  8192  70.5  16k  29.0  32k   0.0
ep 1316000     15082s  mean    167507  max   387268  V    111716  |d|     343    451k mv/s  1024  99.7  2048  98.3  4096  93.8  8192  68.6  16k  28.2  32k   0.0
ep 1318000     15112s  mean    169431  max   387004  V    111698  |d|     342    451k mv/s  1024  99.9  2048  98.5  4096  93.7  8192  69.2  16k  29.2  32k   0.0
ep 1320000     15142s  mean    169877  max   387208  V    111579  |d|     343    451k mv/s  1024  99.9  2048  98.5  4096  92.8  8192  69.3  16k  29.9  32k   0.0
ep 1322000     15172s  mean    171950  max   384740  V    111731  |d|     344    451k mv/s  1024  99.8  2048  98.9  4096  94.5  8192  70.7  16k  30.4  32k   0.0
ep 1324000     15201s  mean    168589  max   386600  V    112055  |d|     344    451k mv/s  1024 100.0  2048  98.8  4096  94.0  8192  69.5  16k  28.2  32k   0.0
ep 1326000     15231s  mean    167764  max   387088  V    112249  |d|     344    451k mv/s  1024  99.9  2048  99.0  4096  93.7  8192  69.5  16k  28.5  32k   0.0
ep 1328000     15262s  mean    169983  max   385528  V    111951  |d|     346    451k mv/s  1024  99.9  2048  98.8  4096  93.3  8192  70.5  16k  29.4  32k   0.0
ep 1330000     15292s  mean    170357  max   387196  V    112088  |d|     344    451k mv/s  1024  99.8  2048  98.8  4096  94.5  8192  70.0  16k  29.9  32k   0.0
ep 1332000     15321s  mean    167803  max   381268  V    112220  |d|     345    451k mv/s  1024  99.8  2048  98.5  4096  93.7  8192  69.2  16k  28.4  32k   0.0
ep 1334000     15351s  mean    169844  max   385564  V    112318  |d|     344    451k mv/s  1024  99.9  2048  98.8  4096  93.3  8192  70.3  16k  29.4  32k   0.0
ep 1336000     15380s  mean    168874  max   387124  V    112418  |d|     345    451k mv/s  1024 100.0  2048  99.0  4096  94.2  8192  69.7  16k  28.9  32k   0.0
ep 1338000     15410s  mean    170120  max   387136  V    112366  |d|     344    451k mv/s  1024  99.8  2048  98.7  4096  93.2  8192  69.0  16k  30.0  32k   0.0
ep 1340000     15439s  mean    168360  max   387300  V    112727  |d|     342    451k mv/s  1024  99.8  2048  98.6  4096  93.7  8192  70.6  16k  27.7  32k   0.0
ep 1342000     15470s  mean    170086  max   385580  V    112606  |d|     345    451k mv/s  1024  99.7  2048  98.4  4096  93.5  8192  70.3  16k  29.3  32k   0.0
ep 1344000     15501s  mean    173394  max   387028  V    112719  |d|     343    451k mv/s  1024  99.8  2048  98.8  4096  94.2  8192  71.2  16k  29.9  32k   0.0
ep 1346000     15531s  mean    172882  max   418396  V    112620  |d|     346    451k mv/s  1024  99.8  2048  98.8  4096  94.0  8192  70.5  16k  30.3  32k   0.0
ep 1348000     15561s  mean    171344  max   387484  V    112880  |d|     346    451k mv/s  1024  99.9  2048  98.8  4096  94.0  8192  70.8  16k  29.6  32k   0.0
ep 1350000     15591s  mean    169529  max   380668  V    113261  |d|     342    451k mv/s  1024  99.9  2048  99.0  4096  93.2  8192  69.9  16k  29.0  32k   0.0
ep 1352000     15621s  mean    170651  max   386972  V    113259  |d|     345    451k mv/s  1024  99.8  2048  99.0  4096  94.4  8192  69.7  16k  29.7  32k   0.0
ep 1354000     15651s  mean    170242  max   387148  V    113175  |d|     346    451k mv/s  1024  99.8  2048  98.9  4096  93.0  8192  70.4  16k  29.1  32k   0.0
ep 1356000     15682s  mean    171738  max   386424  V    113286  |d|     342    451k mv/s  1024  99.8  2048  98.8  4096  93.9  8192  69.8  16k  30.3  32k   0.0
ep 1358000     15713s  mean    172283  max   386992  V    113173  |d|     344    451k mv/s  1024  99.9  2048  98.5  4096  94.2  8192  70.8  16k  30.2  32k   0.0
ep 1360000     15743s  mean    167301  max   386412  V    113573  |d|     343    451k mv/s  1024  99.9  2048  98.8  4096  93.2  8192  68.3  16k  28.2  32k   0.0
ep 1362000     15773s  mean    172198  max   388844  V    113770  |d|     342    451k mv/s  1024  99.9  2048  98.7  4096  94.2  8192  72.2  16k  29.5  32k   0.0
ep 1364000     15804s  mean    172810  max   387068  V    113454  |d|     346    451k mv/s  1024  99.8  2048  98.5  4096  93.2  8192  70.8  16k  30.8  32k   0.0
ep 1366000     15834s  mean    173805  max   387364  V    113612  |d|     344    451k mv/s  1024  99.8  2048  99.2  4096  94.7  8192  71.3  16k  30.6  32k   0.0
ep 1368000     15864s  mean    171467  max   386524  V    113831  |d|     345    451k mv/s  1024  99.9  2048  99.0  4096  93.7  8192  69.8  16k  29.9  32k   0.0
ep 1370000     15894s  mean    175975  max   388244  V    113886  |d|     345    451k mv/s  1024  99.8  2048  98.8  4096  95.0  8192  72.4  16k  32.0  32k   0.0
ep 1372000     15925s  mean    172695  max   387092  V    114008  |d|     345    451k mv/s  1024  99.8  2048  98.8  4096  93.6  8192  70.4  16k  30.2  32k   0.0
ep 1374000     15955s  mean    170340  max   387300  V    114119  |d|     345    451k mv/s  1024  99.8  2048  98.6  4096  93.7  8192  69.2  16k  29.9  32k   0.0
ep 1376000     15986s  mean    172008  max   387040  V    114234  |d|     344    451k mv/s  1024  99.8  2048  99.0  4096  94.1  8192  71.0  16k  29.5  32k   0.0
ep 1378000     16017s  mean    170530  max   387012  V    114716  |d|     343    451k mv/s  1024 100.0  2048  99.2  4096  94.3  8192  71.1  16k  28.4  32k   0.0
ep 1380000     16047s  mean    170476  max   387016  V    114692  |d|     344    451k mv/s  1024  99.9  2048  99.0  4096  94.4  8192  68.6  16k  30.1  32k   0.0
ep 1382000     16079s  mean    173788  max   386784  V    114471  |d|     344    451k mv/s  1024  99.9  2048  99.0  4096  94.8  8192  71.3  16k  30.7  32k   0.0
ep 1384000     16110s  mean    176413  max   387040  V    114526  |d|     343    451k mv/s  1024  99.8  2048  98.8  4096  94.9  8192  72.2  16k  31.6  32k   0.0
ep 1386000     16140s  mean    171282  max   382836  V    114901  |d|     343    451k mv/s  1024  99.9  2048  99.0  4096  93.5  8192  69.5  16k  30.2  32k   0.0
ep 1388000     16171s  mean    173761  max   384468  V    114548  |d|     346    451k mv/s  1024  99.8  2048  98.8  4096  94.2  8192  70.4  16k  31.5  32k   0.0
ep 1390000     16203s  mean    175379  max   387228  V    114505  |d|     345    451k mv/s  1024  99.8  2048  98.7  4096  94.0  8192  71.5  16k  32.1  32k   0.0
checkpoint -> runs/r10_fresh.bin (ep 1390192)
ep 1392000     16234s  mean    174198  max   386308  V    114963  |d|     345    451k mv/s  1024  99.8  2048  98.6  4096  93.8  8192  72.0  16k  30.8  32k   0.0
ep 1394000     16266s  mean    173072  max   387172  V    114960  |d|     347    451k mv/s  1024  99.8  2048  98.8  4096  94.2  8192  70.5  16k  30.4  32k   0.0
ep 1396000     16296s  mean    173491  max   468416  V    114979  |d|     347    451k mv/s  1024  99.8  2048  98.6  4096  93.7  8192  71.5  16k  30.9  32k   0.1
ep 1398000     16327s  mean    172761  max   386848  V    115167  |d|     345    451k mv/s  1024 100.0  2048  98.8  4096  93.7  8192  69.5  16k  30.6  32k   0.0
ep 1400000     16358s  mean    175140  max   386556  V    115156  |d|     347    451k mv/s  1024  99.7  2048  98.7  4096  93.5  8192  71.7  16k  32.2  32k   0.0
ep 1402000     16390s  mean    174279  max   386608  V    115197  |d|     348    451k mv/s  1024  99.9  2048  99.2  4096  94.2  8192  70.8  16k  31.8  32k   0.0
ep 1404000     16421s  mean    171875  max   386884  V    115646  |d|     344    451k mv/s  1024  99.8  2048  98.5  4096  93.2  8192  70.2  16k  30.6  32k   0.0
ep 1406000     16453s  mean    176347  max   386548  V    115499  |d|     345    451k mv/s  1024  99.8  2048  99.0  4096  94.3  8192  71.4  16k  31.6  32k   0.0
ep 1408000     16485s  mean    175479  max   386900  V    115682  |d|     344    451k mv/s  1024  99.8  2048  99.0  4096  95.0  8192  71.0  16k  31.8  32k   0.0
ep 1410000     16516s  mean    174851  max   386408  V    115782  |d|     346    451k mv/s  1024  99.8  2048  99.0  4096  94.0  8192  71.8  16k  31.2  32k   0.0
ep 1412000     16546s  mean    174430  max   388816  V    115916  |d|     346    451k mv/s  1024  99.8  2048  98.4  4096  94.3  8192  72.1  16k  31.2  32k   0.0
ep 1414000     16577s  mean    176246  max   386984  V    115732  |d|     344    451k mv/s  1024  99.8  2048  99.0  4096  94.2  8192  72.2  16k  31.2  32k   0.0
ep 1416000     16606s  mean    172314  max   386704  V    116098  |d|     344    451k mv/s  1024  99.8  2048  99.0  4096  93.8  8192  70.3  16k  30.0  32k   0.0
ep 1418000     16636s  mean    173463  max   387112  V    116229  |d|     344    451k mv/s  1024  99.9  2048  98.8  4096  93.6  8192  72.2  16k  30.4  32k   0.0
ep 1420000     16667s  mean    176158  max   387172  V    115957  |d|     345    451k mv/s  1024  99.7  2048  98.7  4096  93.8  8192  71.5  16k  32.1  32k   0.0
ep 1422000     16697s  mean    176110  max   386068  V    116071  |d|     347    451k mv/s  1024  99.8  2048  98.7  4096  94.0  8192  71.3  16k  32.4  32k   0.0
ep 1424000     16727s  mean    175426  max   387240  V    116382  |d|     342    451k mv/s  1024  99.8  2048  98.9  4096  94.0  8192  70.2  16k  32.0  32k   0.0
ep 1426000     16757s  mean    177088  max   428912  V    116349  |d|     346    451k mv/s  1024 100.0  2048  99.1  4096  94.3  8192  73.0  16k  31.4  32k   0.0
ep 1428000     16787s  mean    173035  max   419112  V    116569  |d|     347    452k mv/s  1024 100.0  2048  99.4  4096  94.8  8192  70.5  16k  30.0  32k   0.0
ep 1430000     16819s  mean    177058  max   386872  V    116386  |d|     348    452k mv/s  1024  99.9  2048  98.5  4096  94.0  8192  72.0  16k  32.0  32k   0.0
ep 1432000     16851s  mean    174445  max   385360  V    116672  |d|     347    452k mv/s  1024  99.8  2048  98.8  4096  94.0  8192  71.5  16k  30.2  32k   0.0
ep 1434000     16882s  mean    174355  max   433432  V    116888  |d|     344    452k mv/s  1024  99.9  2048  98.8  4096  94.7  8192  71.5  16k  30.6  32k   0.0
ep 1436000     16912s  mean    174775  max   419552  V    117053  |d|     345    452k mv/s  1024 100.0  2048  98.7  4096  94.5  8192  71.3  16k  31.6  32k   0.0
ep 1438000     16943s  mean    174622  max   386604  V    117208  |d|     345    452k mv/s  1024  99.8  2048  98.8  4096  94.3  8192  71.3  16k  30.9  32k   0.0
ep 1440000     16974s  mean    170477  max   386920  V    117463  |d|     344    452k mv/s  1024  99.9  2048  98.6  4096  93.5  8192  70.5  16k  28.6  32k   0.0
ep 1442000     17004s  mean    174121  max   385388  V    117226  |d|     347    452k mv/s  1024  99.9  2048  98.8  4096  94.3  8192  71.5  16k  30.6  32k   0.0
ep 1444000     17035s  mean    177682  max   387248  V    117118  |d|     347    452k mv/s  1024 100.0  2048  99.1  4096  94.2  8192  72.2  16k  32.3  32k   0.0
ep 1446000     17066s  mean    175380  max   387400  V    117366  |d|     348    452k mv/s  1024 100.0  2048  98.6  4096  93.2  8192  72.0  16k  31.7  32k   0.0
ep 1448000     17096s  mean    174034  max   387276  V    117532  |d|     348    452k mv/s  1024  99.8  2048  98.6  4096  93.9  8192  69.9  16k  30.4  32k   0.0
ep 1450000     17128s  mean    171688  max   386724  V    117601  |d|     349    452k mv/s  1024  99.8  2048  98.7  4096  93.9  8192  69.4  16k  29.8  32k   0.0
ep 1452000     17159s  mean    173225  max   386964  V    117677  |d|     346    452k mv/s  1024  99.8  2048  98.7  4096  93.4  8192  69.2  16k  30.9  32k   0.0
ep 1454000     17191s  mean    175443  max   504536  V    117576  |d|     348    452k mv/s  1024  99.8  2048  98.8  4096  94.7  8192  70.5  16k  31.4  32k   0.1
ep 1456000     17222s  mean    176280  max   390828  V    117814  |d|     345    452k mv/s  1024  99.9  2048  99.0  4096  94.2  8192  71.5  16k  32.4  32k   0.0
ep 1458000     17253s  mean    178458  max   387452  V    117716  |d|     347    452k mv/s  1024  99.7  2048  99.0  4096  94.8  8192  71.0  16k  32.8  32k   0.0
ep 1460000     17285s  mean    174194  max   389620  V    118136  |d|     346    452k mv/s  1024  99.9  2048  98.7  4096  93.7  8192  70.1  16k  31.4  32k   0.0
ep 1462000     17315s  mean    170371  max   387156  V    118423  |d|     348    452k mv/s  1024  99.8  2048  98.8  4096  94.3  8192  69.8  16k  29.6  32k   0.0
ep 1464000     17345s  mean    174084  max   386872  V    118323  |d|     350    452k mv/s  1024  99.8  2048  98.8  4096  94.2  8192  70.8  16k  31.4  32k   0.0
ep 1466000     17376s  mean    174136  max   386224  V    118287  |d|     351    452k mv/s  1024  99.9  2048  98.8  4096  94.0  8192  70.8  16k  31.5  32k   0.0
ep 1468000     17408s  mean    176589  max   387064  V    118359  |d|     349    452k mv/s  1024  99.7  2048  98.7  4096  94.5  8192  71.0  16k  31.9  32k   0.0
ep 1470000     17440s  mean    178886  max   387244  V    118123  |d|     349    452k mv/s  1024  99.8  2048  98.6  4096  94.2  8192  71.8  16k  32.5  32k   0.0
ep 1472000     17470s  mean    176189  max   386956  V    118311  |d|     350    452k mv/s  1024 100.0  2048  99.2  4096  93.5  8192  71.7  16k  32.7  32k   0.0
ep 1474000     17502s  mean    176314  max   391800  V    118608  |d|     347    452k mv/s  1024 100.0  2048  99.0  4096  95.4  8192  71.7  16k  31.0  32k   0.0
ep 1476000     17534s  mean    177085  max   386596  V    118928  |d|     348    452k mv/s  1024  99.8  2048  99.0  4096  94.8  8192  72.3  16k  32.0  32k   0.0
ep 1478000     17566s  mean    175441  max   389360  V    118918  |d|     349    452k mv/s  1024  99.8  2048  98.8  4096  93.8  8192  71.2  16k  31.2  32k   0.0
ep 1480000     17598s  mean    176506  max   420588  V    118822  |d|     347    452k mv/s  1024  99.9  2048  99.0  4096  93.7  8192  71.8  16k  31.9  32k   0.0
ep 1482000     17630s  mean    175450  max   388440  V    119117  |d|     348    452k mv/s  1024  99.9  2048  98.9  4096  93.8  8192  70.2  16k  31.9  32k   0.0
ep 1484000     17661s  mean    176624  max   493092  V    119004  |d|     350    452k mv/s  1024 100.0  2048  98.8  4096  94.5  8192  71.7  16k  31.9  32k   0.1
ep 1486000     17693s  mean    176348  max   534700  V    119341  |d|     348    452k mv/s  1024 100.0  2048  99.0  4096  94.6  8192  73.0  16k  31.1  32k   0.1
ep 1488000     17724s  mean    177604  max   386672  V    119336  |d|     346    452k mv/s  1024  99.8  2048  98.6  4096  93.8  8192  72.3  16k  32.3  32k   0.0
ep 1490000     17755s  mean    178896  max   409812  V    119159  |d|     348    452k mv/s  1024  99.9  2048  99.4  4096  95.9  8192  71.8  16k  33.0  32k   0.0
ep 1492000     17785s  mean    175488  max   386624  V    119582  |d|     345    452k mv/s  1024  99.8  2048  98.8  4096  94.2  8192  69.4  16k  32.0  32k   0.0
ep 1494000     17816s  mean    175503  max   385484  V    119329  |d|     350    452k mv/s  1024  99.9  2048  98.5  4096  94.4  8192  71.8  16k  30.9  32k   0.0
ep 1496000     17847s  mean    176155  max   386856  V    119779  |d|     349    452k mv/s  1024  99.9  2048  99.0  4096  95.6  8192  72.4  16k  31.4  32k   0.0
ep 1498000     17879s  mean    177621  max   408364  V    119674  |d|     349    452k mv/s  1024  99.9  2048  99.1  4096  94.8  8192  70.3  16k  33.5  32k   0.0
ep 1500000     17911s  mean    180220  max   387144  V    119260  |d|     349    452k mv/s  1024  99.8  2048  98.9  4096  93.8  8192  71.5  16k  33.4  32k   0.0
ep 1502000     17944s  mean    179268  max   386544  V    119582  |d|     349    452k mv/s  1024  99.9  2048  99.0  4096  94.7  8192  73.3  16k  32.5  32k   0.0
ep 1504000     17976s  mean    175673  max   386824  V    119705  |d|     351    452k mv/s  1024  99.8  2048  98.6  4096  94.5  8192  71.0  16k  31.6  32k   0.0
checkpoint -> runs/r10_fresh.bin (ep 1505873)
ep 1506000     18008s  mean    178557  max   387112  V    120002  |d|     345    452k mv/s  1024  99.8  2048  98.8  4096  94.1  8192  71.0  16k  33.5  32k   0.0
ep 1508000     18040s  mean    176818  max   386924  V    120164  |d|     351    452k mv/s  1024  99.8  2048  98.8  4096  93.9  8192  72.7  16k  31.6  32k   0.0
ep 1510000     18072s  mean    177458  max   387268  V    120160  |d|     350    452k mv/s  1024  99.8  2048  99.2  4096  94.8  8192  70.9  16k  32.3  32k   0.0
ep 1512000     18105s  mean    181914  max   388988  V    119995  |d|     349    452k mv/s  1024 100.0  2048  99.0  4096  94.7  8192  73.8  16k  34.5  32k   0.0
ep 1514000     18137s  mean    176972  max   387028  V    120057  |d|     351    452k mv/s  1024 100.0  2048  99.0  4096  94.2  8192  69.5  16k  33.0  32k   0.0
ep 1516000     18169s  mean    177624  max   387048  V    120502  |d|     348    452k mv/s  1024  99.8  2048  99.2  4096  94.2  8192  70.5  16k  32.6  32k   0.0
ep 1518000     18202s  mean    181434  max   386808  V    120131  |d|     354    452k mv/s  1024 100.0  2048  99.0  4096  95.0  8192  72.2  16k  34.5  32k   0.0
ep 1520000     18232s  mean    177020  max   387216  V    120421  |d|     353    452k mv/s  1024  99.8  2048  99.0  4096  95.0  8192  72.8  16k  31.6  32k   0.0
ep 1522000     18264s  mean    178487  max   388520  V    120741  |d|     349    452k mv/s  1024 100.0  2048  99.0  4096  94.9  8192  72.9  16k  31.9  32k   0.0
ep 1524000     18296s  mean    174448  max   386624  V    121009  |d|     347    452k mv/s  1024  99.9  2048  98.8  4096  93.8  8192  71.0  16k  30.7  32k   0.0
ep 1526000     18329s  mean    178991  max   386780  V    120699  |d|     349    452k mv/s  1024  99.8  2048  98.9  4096  94.2  8192  72.0  16k  32.8  32k   0.0
ep 1528000     18361s  mean    180558  max   387016  V    120912  |d|     348    452k mv/s  1024  99.9  2048  98.7  4096  94.2  8192  71.3  16k  34.3  32k   0.0
ep 1530000     18394s  mean    180543  max   391644  V    121095  |d|     348    452k mv/s  1024  99.8  2048  98.8  4096  94.0  8192  72.8  16k  33.5  32k   0.0
ep 1532000     18425s  mean    175337  max   388724  V    121162  |d|     352    452k mv/s  1024  99.9  2048  98.8  4096  94.5  8192  70.0  16k  31.2  32k   0.0
ep 1534000     18458s  mean    179050  max   391604  V    121044  |d|     352    452k mv/s  1024  99.8  2048  98.7  4096  94.3  8192  72.5  16k  32.7  32k   0.0
ep 1536000     18489s  mean    178990  max   387140  V    121138  |d|     351    452k mv/s  1024  99.9  2048  99.2  4096  94.0  8192  72.2  16k  32.3  32k   0.0
ep 1538000     18520s  mean    180159  max   387568  V    121304  |d|     350    452k mv/s  1024  99.8  2048  99.2  4096  94.2  8192  72.1  16k  33.9  32k   0.0
ep 1540000     18551s  mean    180646  max   386932  V    120898  |d|     354    452k mv/s  1024  99.8  2048  98.8  4096  93.8  8192  72.9  16k  33.5  32k   0.0
ep 1542000     18582s  mean    179803  max   409916  V    121469  |d|     349    452k mv/s  1024  99.8  2048  98.6  4096  94.3  8192  72.4  16k  33.0  32k   0.0
ep 1544000     18613s  mean    181439  max   387180  V    121549  |d|     349    452k mv/s  1024 100.0  2048  99.0  4096  94.4  8192  73.2  16k  33.5  32k   0.0
ep 1546000     18644s  mean    177118  max   531380  V    121521  |d|     351    452k mv/s  1024  99.8  2048  98.7  4096  93.5  8192  70.2  16k  32.4  32k   0.1
ep 1548000     18676s  mean    179335  max   387460  V    121838  |d|     348    452k mv/s  1024  99.9  2048  99.0  4096  93.8  8192  70.2  16k  33.8  32k   0.0
ep 1550000     18708s  mean    176887  max   386824  V    121819  |d|     350    452k mv/s  1024  99.8  2048  99.0  4096  93.8  8192  70.9  16k  31.9  32k   0.0
ep 1552000     18741s  mean    181847  max   387136  V    121750  |d|     349    452k mv/s  1024  99.8  2048  98.8  4096  94.8  8192  73.0  16k  33.5  32k   0.0
ep 1554000     18772s  mean    179439  max   388364  V    121746  |d|     351    452k mv/s  1024 100.0  2048  99.5  4096  95.1  8192  71.0  16k  32.6  32k   0.0
ep 1556000     18803s  mean    179941  max   388800  V    122083  |d|     350    452k mv/s  1024  99.8  2048  98.7  4096  94.7  8192  72.3  16k  33.8  32k   0.0
ep 1558000     18835s  mean    185198  max   387456  V    121633  |d|     353    452k mv/s  1024  99.8  2048  99.2  4096  95.6  8192  73.6  16k  34.8  32k   0.0
ep 1560000     18867s  mean    180099  max   387148  V    121930  |d|     354    452k mv/s  1024 100.0  2048  99.0  4096  94.4  8192  71.3  16k  33.9  32k   0.0
ep 1562000     18898s  mean    180466  max   387208  V    122185  |d|     352    452k mv/s  1024 100.0  2048  98.7  4096  94.8  8192  73.2  16k  34.0  32k   0.0
ep 1564000     18929s  mean    181452  max   386948  V    122060  |d|     355    452k mv/s  1024  99.9  2048  99.0  4096  94.3  8192  72.3  16k  34.0  32k   0.0
ep 1566000     18960s  mean    180551  max   387304  V    122565  |d|     351    452k mv/s  1024 100.0  2048  99.3  4096  95.0  8192  72.5  16k  33.5  32k   0.0
ep 1568000     18991s  mean    180732  max   392320  V    122334  |d|     353    452k mv/s  1024  99.8  2048  99.2  4096  94.8  8192  72.4  16k  34.0  32k   0.0
ep 1570000     19023s  mean    178381  max   387476  V    122641  |d|     355    452k mv/s  1024 100.0  2048  99.2  4096  95.2  8192  71.8  16k  32.5  32k   0.0
ep 1572000     19055s  mean    178309  max   387004  V    122786  |d|     352    452k mv/s  1024  99.9  2048  98.8  4096  94.0  8192  71.0  16k  32.4  32k   0.0
ep 1574000     19086s  mean    182006  max   439396  V    122600  |d|     353    452k mv/s  1024  99.8  2048  98.8  4096  93.6  8192  71.8  16k  34.9  32k   0.0
ep 1576000     19119s  mean    182022  max   387248  V    122905  |d|     350    452k mv/s  1024 100.0  2048  99.0  4096  94.6  8192  72.7  16k  34.7  32k   0.0
ep 1578000     19151s  mean    183844  max   387104  V    122794  |d|     352    452k mv/s  1024  99.8  2048  98.8  4096  94.5  8192  73.7  16k  34.6  32k   0.0
ep 1580000     19183s  mean    180803  max   387252  V    122977  |d|     352    452k mv/s  1024  99.9  2048  99.1  4096  93.5  8192  72.2  16k  33.8  32k   0.0
ep 1582000     19214s  mean    180313  max   387240  V    123101  |d|     355    452k mv/s  1024 100.0  2048  99.2  4096  95.2  8192  72.3  16k  33.5  32k   0.0
ep 1584000     19245s  mean    179884  max   386756  V    123528  |d|     351    452k mv/s  1024  99.7  2048  98.8  4096  94.8  8192  72.5  16k  33.1  32k   0.0
ep 1586000     19276s  mean    185582  max   387296  V    122871  |d|     353    452k mv/s  1024 100.0  2048  99.2  4096  95.3  8192  74.9  16k  35.2  32k   0.0
ep 1588000     19308s  mean    181997  max   387060  V    123414  |d|     351    452k mv/s  1024  99.9  2048  99.2  4096  95.6  8192  72.9  16k  34.0  32k   0.0
ep 1590000     19339s  mean    182586  max   387600  V    123241  |d|     355    452k mv/s  1024  99.9  2048  98.8  4096  93.5  8192  72.8  16k  34.6  32k   0.0
ep 1592000     19371s  mean    184841  max   387128  V    123342  |d|     353    452k mv/s  1024 100.0  2048  99.2  4096  95.3  8192  73.3  16k  35.4  32k   0.0
ep 1594000     19404s  mean    183358  max   469716  V    123758  |d|     350    452k mv/s  1024  99.8  2048  99.2  4096  94.9  8192  73.5  16k  34.9  32k   0.1
ep 1596000     19436s  mean    183551  max   530980  V    123459  |d|     353    452k mv/s  1024  99.8  2048  98.5  4096  95.3  8192  73.8  16k  34.6  32k   0.1
ep 1598000     19468s  mean    184821  max   438800  V    123754  |d|     352    452k mv/s  1024 100.0  2048  99.2  4096  95.5  8192  73.3  16k  35.0  32k   0.0
ep 1600000     19500s  mean    182389  max   387376  V    123865  |d|     350    452k mv/s  1024  99.9  2048  98.7  4096  94.8  8192  73.8  16k  34.0  32k   0.0
ep 1602000     19533s  mean    184511  max   386960  V    123950  |d|     354    452k mv/s  1024  99.7  2048  98.6  4096  94.5  8192  73.6  16k  35.8  32k   0.0
ep 1604000     19566s  mean    182622  max   386888  V    124012  |d|     353    452k mv/s  1024  99.8  2048  99.0  4096  95.3  8192  72.7  16k  33.7  32k   0.0
ep 1606000     19599s  mean    183739  max   499708  V    124052  |d|     352    452k mv/s  1024  99.8  2048  98.6  4096  94.8  8192  72.9  16k  34.2  32k   0.1
ep 1608000     19632s  mean    183205  max   387236  V    123854  |d|     354    452k mv/s  1024  99.9  2048  99.1  4096  95.0  8192  73.3  16k  33.7  32k   0.0
ep 1610000     19664s  mean    184539  max   493248  V    124050  |d|     357    452k mv/s  1024  99.8  2048  98.9  4096  94.8  8192  74.1  16k  34.8  32k   0.1
ep 1612000     19700s  mean    185036  max   387168  V    124133  |d|     354    452k mv/s  1024  99.8  2048  99.0  4096  94.3  8192  72.8  16k  36.1  32k   0.0
ep 1614000     19737s  mean    184561  max   387172  V    124208  |d|     356    452k mv/s  1024  99.8  2048  98.8  4096  94.7  8192  73.5  16k  35.9  32k   0.0
ep 1616000     19772s  mean    180942  max   388684  V    124488  |d|     356    452k mv/s  1024  99.8  2048  98.6  4096  94.3  8192  72.5  16k  33.4  32k   0.0
checkpoint -> runs/r10_fresh.bin (ep 1617922)
ep 1618000     19808s  mean    181126  max   386824  V    124880  |d|     352    452k mv/s  1024 100.0  2048  99.2  4096  94.5  8192  73.3  16k  33.5  32k   0.0
ep 1620000     19845s  mean    182010  max   512072  V    124673  |d|     352    452k mv/s  1024 100.0  2048  99.0  4096  94.7  8192  72.0  16k  34.1  32k   0.1
ep 1622000     19881s  mean    186060  max   386664  V    124573  |d|     355    452k mv/s  1024  99.9  2048  99.0  4096  95.2  8192  74.7  16k  36.1  32k   0.0
ep 1624000     19917s  mean    184614  max   390044  V    124692  |d|     355    452k mv/s  1024  99.9  2048  99.2  4096  94.8  8192  72.0  16k  35.4  32k   0.0
ep 1626000     19953s  mean    182779  max   389020  V    124985  |d|     354    451k mv/s  1024  99.9  2048  98.9  4096  93.9  8192  72.8  16k  35.3  32k   0.0
ep 1628000     19990s  mean    185001  max   387344  V    124950  |d|     354    451k mv/s  1024  99.8  2048  98.9  4096  95.0  8192  72.8  16k  35.5  32k   0.0
ep 1630000     20026s  mean    184788  max   513408  V    124969  |d|     353    451k mv/s  1024  99.8  2048  98.8  4096  95.0  8192  73.3  16k  36.2  32k   0.1
ep 1632000     20063s  mean    184802  max   387128  V    125157  |d|     353    451k mv/s  1024 100.0  2048  99.2  4096  94.7  8192  72.8  16k  36.2  32k   0.0
ep 1634000     20099s  mean    183267  max   417408  V    125159  |d|     355    451k mv/s  1024  99.9  2048  98.5  4096  94.3  8192  73.5  16k  34.0  32k   0.0
ep 1636000     20136s  mean    187635  max   439748  V    124944  |d|     356    451k mv/s  1024  99.9  2048  99.2  4096  95.0  8192  74.9  16k  36.6  32k   0.0
ep 1638000     20172s  mean    183088  max   419616  V    125194  |d|     356    451k mv/s  1024  99.8  2048  99.1  4096  94.2  8192  73.3  16k  34.8  32k   0.0
ep 1640000     20208s  mean    183102  max   387268  V    125359  |d|     357    451k mv/s  1024  99.8  2048  98.7  4096  93.7  8192  72.0  16k  34.6  32k   0.0
ep 1642000     20245s  mean    185468  max   387212  V    125240  |d|     356    451k mv/s  1024  99.9  2048  98.8  4096  94.9  8192  72.8  16k  36.4  32k   0.0
ep 1644000     20281s  mean    178522  max   439716  V    125886  |d|     355    451k mv/s  1024  99.8  2048  98.8  4096  94.5  8192  71.0  16k  32.4  32k   0.0
ep 1646000     20317s  mean    186552  max   387416  V    125633  |d|     355    451k mv/s  1024 100.0  2048  99.1  4096  94.9  8192  73.4  16k  36.9  32k   0.0
ep 1648000     20353s  mean    184738  max   387344  V    125823  |d|     355    451k mv/s  1024  99.8  2048  98.8  4096  94.0  8192  72.9  16k  35.6  32k   0.0
ep 1650000     20390s  mean    187162  max   490592  V    125847  |d|     355    450k mv/s  1024  99.8  2048  99.2  4096  95.9  8192  75.0  16k  35.4  32k   0.1
ep 1652000     20427s  mean    185960  max   387572  V    125669  |d|     356    450k mv/s  1024  99.8  2048  99.1  4096  94.8  8192  72.8  16k  36.3  32k   0.0
ep 1654000     20464s  mean    190298  max   387160  V    125515  |d|     359    450k mv/s  1024  99.9  2048  99.0  4096  95.2  8192  75.8  16k  37.6  32k   0.0
ep 1656000     20501s  mean    185490  max   419648  V    126031  |d|     358    450k mv/s  1024 100.0  2048  99.2  4096  95.0  8192  72.2  16k  35.6  32k   0.0
ep 1658000     20537s  mean    183100  max   402648  V    126336  |d|     354    450k mv/s  1024 100.0  2048  99.0  4096  95.2  8192  72.0  16k  34.1  32k   0.0
ep 1660000     20574s  mean    187468  max   397232  V    126045  |d|     356    450k mv/s  1024 100.0  2048  99.2  4096  95.8  8192  74.0  16k  36.8  32k   0.0
ep 1662000     20610s  mean    183964  max   465832  V    126360  |d|     357    450k mv/s  1024 100.0  2048  99.0  4096  95.2  8192  73.4  16k  34.4  32k   0.1
ep 1664000     20646s  mean    182428  max   386836  V    126383  |d|     359    450k mv/s  1024  99.9  2048  99.0  4096  94.8  8192  73.2  16k  33.7  32k   0.0
ep 1666000     20683s  mean    188292  max   387268  V    125932  |d|     359    450k mv/s  1024  99.8  2048  98.6  4096  94.0  8192  74.0  16k  36.8  32k   0.0
ep 1668000     20719s  mean    184232  max   387160  V    126710  |d|     353    450k mv/s  1024  99.8  2048  98.8  4096  94.7  8192  73.0  16k  34.6  32k   0.0
ep 1670000     20756s  mean    186848  max   387356  V    126454  |d|     356    450k mv/s  1024  99.9  2048  98.8  4096  94.2  8192  73.5  16k  35.4  32k   0.0
ep 1672000     20792s  mean    183565  max   387912  V    126801  |d|     358    450k mv/s  1024 100.0  2048  99.0  4096  95.6  8192  72.9  16k  34.5  32k   0.0
ep 1674000     20829s  mean    183600  max   386804  V    127039  |d|     356    450k mv/s  1024  99.8  2048  99.1  4096  93.5  8192  74.0  16k  34.9  32k   0.0
ep 1676000     20865s  mean    185850  max   387448  V    126827  |d|     354    449k mv/s  1024  99.9  2048  98.5  4096  94.9  8192  71.8  16k  35.7  32k   0.0
ep 1678000     20902s  mean    187817  max   386828  V    126889  |d|     358    449k mv/s  1024 100.0  2048  99.4  4096  95.2  8192  73.6  16k  36.7  32k   0.0
ep 1680000     20939s  mean    187953  max   387080  V    126978  |d|     356    449k mv/s  1024  99.9  2048  99.5  4096  96.1  8192  74.0  16k  36.9  32k   0.0
ep 1682000     20976s  mean    187491  max   387172  V    126917  |d|     357    449k mv/s  1024 100.0  2048  99.2  4096  95.2  8192  74.3  16k  35.7  32k   0.0
ep 1684000     21014s  mean    185831  max   386952  V    127404  |d|     355    449k mv/s  1024  99.9  2048  99.0  4096  94.5  8192  74.0  16k  35.0  32k   0.0
ep 1686000     21050s  mean    184109  max   483492  V    127177  |d|     358    449k mv/s  1024  99.7  2048  98.2  4096  94.2  8192  72.2  16k  35.9  32k   0.1
ep 1688000     21087s  mean    185849  max   421396  V    127110  |d|     359    449k mv/s  1024  99.8  2048  98.8  4096  94.0  8192  73.2  16k  34.8  32k   0.0
ep 1690000     21123s  mean    186105  max   405956  V    127461  |d|     356    449k mv/s  1024  99.8  2048  99.1  4096  95.0  8192  74.4  16k  35.0  32k   0.0
ep 1692000     21160s  mean    188809  max   386288  V    127536  |d|     358    449k mv/s  1024  99.9  2048  99.0  4096  94.8  8192  75.8  16k  36.4  32k   0.0
ep 1694000     21196s  mean    183478  max   387236  V    127657  |d|     357    449k mv/s  1024  99.9  2048  99.0  4096  94.7  8192  72.5  16k  34.5  32k   0.0
ep 1696000     21233s  mean    187402  max   387392  V    127454  |d|     357    449k mv/s  1024 100.0  2048  99.2  4096  94.2  8192  74.5  16k  36.2  32k   0.0
ep 1698000     21269s  mean    185058  max   418964  V    127681  |d|     359    449k mv/s  1024  99.8  2048  99.0  4096  94.7  8192  72.7  16k  35.4  32k   0.0
ep 1700000     21306s  mean    185943  max   385732  V    128077  |d|     356    449k mv/s  1024 100.0  2048  99.3  4096  95.0  8192  71.9  16k  36.1  32k   0.0
ep 1702000     21342s  mean    186525  max   388756  V    128042  |d|     357    449k mv/s  1024  99.8  2048  99.0  4096  95.0  8192  71.7  16k  36.9  32k   0.0
ep 1704000     21379s  mean    187724  max   386892  V    128111  |d|     356    448k mv/s  1024  99.8  2048  98.8  4096  94.4  8192  72.8  16k  38.1  32k   0.0
ep 1706000     21416s  mean    187470  max   419496  V    127812  |d|     357    448k mv/s  1024  99.8  2048  98.8  4096  94.3  8192  73.6  16k  36.1  32k   0.0
ep 1708000     21452s  mean    183964  max   387076  V    128249  |d|     358    448k mv/s  1024  99.9  2048  99.2  4096  94.7  8192  72.2  16k  34.6  32k   0.0
ep 1710000     21489s  mean    188410  max   387244  V    127979  |d|     358    448k mv/s  1024  99.8  2048  98.5  4096  94.3  8192  73.8  16k  37.1  32k   0.0
ep 1712000     21525s  mean    184231  max   387288  V    128443  |d|     357    448k mv/s  1024  99.8  2048  99.0  4096  94.5  8192  72.7  16k  35.2  32k   0.0
ep 1714000     21562s  mean    186988  max   387392  V    128211  |d|     360    448k mv/s  1024 100.0  2048  99.3  4096  94.5  8192  72.0  16k  36.9  32k   0.0
ep 1716000     21599s  mean    185164  max   386656  V    128380  |d|     356    448k mv/s  1024  99.9  2048  98.8  4096  93.8  8192  72.5  16k  36.0  32k   0.0
checkpoint -> runs/r10_fresh.bin (ep 1716481)
ep 1718000     21635s  mean    184678  max   585032  V    128469  |d|     358    448k mv/s  1024  99.9  2048  99.2  4096  95.0  8192  71.8  16k  35.5  32k   0.1
ep 1720000     21672s  mean    186475  max   407692  V    128637  |d|     356    448k mv/s  1024 100.0  2048  98.8  4096  94.3  8192  72.5  16k  36.3  32k   0.0
ep 1722000     21709s  mean    188579  max   533752  V    128644  |d|     356    448k mv/s  1024 100.0  2048  98.8  4096  94.5  8192  73.7  16k  37.4  32k   0.1
ep 1724000     21745s  mean    185970  max   388244  V    128715  |d|     358    448k mv/s  1024  99.8  2048  98.9  4096  94.7  8192  73.5  16k  36.2  32k   0.0
ep 1726000     21782s  mean    187803  max   386704  V    128723  |d|     357    448k mv/s  1024  99.8  2048  99.0  4096  94.5  8192  74.4  16k  36.6  32k   0.0
ep 1728000     21818s  mean    181375  max   532936  V    129246  |d|     359    448k mv/s  1024  99.8  2048  98.8  4096  94.2  8192  72.2  16k  34.0  32k   0.1
ep 1730000     21854s  mean    186364  max   387540  V    129019  |d|     358    448k mv/s  1024  99.8  2048  99.0  4096  95.2  8192  73.5  16k  35.5  32k   0.0
ep 1732000     21890s  mean    187491  max   386500  V    128880  |d|     359    448k mv/s  1024  99.9  2048  99.0  4096  94.5  8192  73.7  16k  36.5  32k   0.0
ep 1734000     21928s  mean    189160  max   387732  V    128848  |d|     358    447k mv/s  1024  99.8  2048  98.8  4096  94.7  8192  75.1  16k  37.0  32k   0.0
ep 1736000     21964s  mean    187032  max   418612  V    129259  |d|     356    447k mv/s  1024 100.0  2048  99.2  4096  94.5  8192  73.4  16k  36.3  32k   0.0
ep 1738000     22001s  mean    187253  max   386744  V    129396  |d|     356    447k mv/s  1024  99.8  2048  99.0  4096  94.8  8192  73.9  16k  36.2  32k   0.0
ep 1740000     22039s  mean    191088  max   389108  V    129134  |d|     356    447k mv/s  1024  99.8  2048  99.0  4096  94.3  8192  74.2  16k  38.7  32k   0.0
ep 1742000     22076s  mean    190622  max   507872  V    129183  |d|     359    447k mv/s  1024  99.9  2048  99.2  4096  95.5  8192  74.8  16k  36.6  32k   0.1
ep 1744000     22114s  mean    190401  max   533452  V    129329  |d|     357    447k mv/s  1024  99.8  2048  98.9  4096  94.8  8192  75.0  16k  36.9  32k   0.1
ep 1746000     22151s  mean    186946  max   387268  V    129470  |d|     357    447k mv/s  1024 100.0  2048  99.2  4096  94.0  8192  73.0  16k  36.2  32k   0.0
ep 1748000     22188s  mean    191527  max   434776  V    129428  |d|     356    447k mv/s  1024  99.8  2048  98.9  4096  94.8  8192  74.6  16k  37.9  32k   0.0
ep 1750000     22226s  mean    189848  max   387252  V    129749  |d|     357    447k mv/s  1024 100.0  2048  99.2  4096  95.9  8192  74.4  16k  37.2  32k   0.0
ep 1752000     22263s  mean    189706  max   387308  V    129501  |d|     358    447k mv/s  1024 100.0  2048  99.5  4096  95.3  8192  73.0  16k  37.6  32k   0.0
ep 1754000     22298s  mean    187939  max   421228  V    129817  |d|     356    447k mv/s  1024 100.0  2048  98.9  4096  94.6  8192  73.4  16k  37.0  32k   0.0
ep 1756000     22332s  mean    194182  max   457808  V    129576  |d|     359    447k mv/s  1024  99.8  2048  99.0  4096  95.7  8192  75.8  16k  38.8  32k   0.0
ep 1758000     22364s  mean    188999  max   387516  V    130101  |d|     357    447k mv/s  1024 100.0  2048  99.0  4096  95.0  8192  73.7  16k  37.2  32k   0.0
ep 1760000     22396s  mean    188923  max   439812  V    130192  |d|     357    447k mv/s  1024 100.0  2048  98.8  4096  95.3  8192  74.5  16k  36.2  32k   0.0
ep 1762000     22429s  mean    189612  max   387540  V    130244  |d|     358    447k mv/s  1024  99.9  2048  99.0  4096  95.8  8192  74.7  16k  36.2  32k   0.0
ep 1764000     22461s  mean    188352  max   500356  V    130550  |d|     356    447k mv/s  1024 100.0  2048  98.8  4096  95.4  8192  74.5  16k  36.4  32k   0.1
ep 1766000     22493s  mean    192148  max   386984  V    130048  |d|     359    447k mv/s  1024  99.8  2048  99.1  4096  94.6  8192  74.8  16k  38.2  32k   0.0
ep 1768000     22526s  mean    190402  max   482424  V    130421  |d|     356    447k mv/s  1024  99.9  2048  98.9  4096  94.4  8192  74.6  16k  37.6  32k   0.1
ep 1770000     22559s  mean    185756  max   415956  V    130652  |d|     360    447k mv/s  1024 100.0  2048  98.8  4096  94.4  8192  73.3  16k  35.0  32k   0.0
ep 1772000     22593s  mean    191262  max   426232  V    130195  |d|     361    447k mv/s  1024  99.9  2048  99.2  4096  95.3  8192  74.4  16k  37.5  32k   0.0
ep 1774000     22627s  mean    191162  max   438720  V    130780  |d|     359    447k mv/s  1024  99.9  2048  99.2  4096  95.3  8192  75.0  16k  38.2  32k   0.0
ep 1776000     22658s  mean    186744  max   409020  V    131055  |d|     358    447k mv/s  1024 100.0  2048  99.5  4096  94.0  8192  74.2  16k  35.7  32k   0.0
ep 1778000     22692s  mean    191095  max   386904  V    130947  |d|     356    447k mv/s  1024 100.0  2048  98.8  4096  95.2  8192  75.0  16k  37.5  32k   0.0
ep 1780000     22726s  mean    190621  max   386600  V    130758  |d|     358    447k mv/s  1024  99.8  2048  99.0  4096  95.1  8192  74.2  16k  37.4  32k   0.0
ep 1782000     22760s  mean    189747  max   387068  V    130880  |d|     359    447k mv/s  1024  99.8  2048  99.0  4096  95.0  8192  73.5  16k  37.5  32k   0.0
ep 1784000     22795s  mean    192699  max   419660  V    130807  |d|     358    447k mv/s  1024  99.8  2048  99.0  4096  95.0  8192  75.3  16k  38.4  32k   0.0
ep 1786000     22829s  mean    191351  max   428348  V    130974  |d|     360    447k mv/s  1024  99.7  2048  99.0  4096  95.2  8192  75.8  16k  38.4  32k   0.0
ep 1788000     22863s  mean    193090  max   387220  V    131063  |d|     358    447k mv/s  1024  99.8  2048  99.2  4096  95.9  8192  74.6  16k  39.1  32k   0.0
ep 1790000     22897s  mean    189126  max   386404  V    131405  |d|     359    447k mv/s  1024 100.0  2048  98.9  4096  95.0  8192  74.6  16k  36.8  32k   0.0
ep 1792000     22930s  mean    189569  max   503276  V    130951  |d|     363    447k mv/s  1024 100.0  2048  98.5  4096  94.2  8192  74.0  16k  37.4  32k   0.1
ep 1794000     22963s  mean    188937  max   387004  V    131140  |d|     364    447k mv/s  1024 100.0  2048  99.0  4096  94.6  8192  73.0  16k  37.4  32k   0.0
ep 1796000     22997s  mean    189082  max   531380  V    131497  |d|     362    447k mv/s  1024 100.0  2048  99.1  4096  95.7  8192  73.4  16k  36.5  32k   0.1
ep 1798000     23031s  mean    192585  max   416188  V    131513  |d|     359    447k mv/s  1024  99.8  2048  98.8  4096  94.8  8192  75.3  16k  37.6  32k   0.0
ep 1800000     23066s  mean    193814  max   387268  V    131263  |d|     360    447k mv/s  1024  99.8  2048  98.8  4096  94.2  8192  74.2  16k  39.3  32k   0.0
ep 1802000     23100s  mean    189910  max   387168  V    131658  |d|     363    447k mv/s  1024  99.8  2048  98.4  4096  94.7  8192  73.7  16k  37.4  32k   0.0
ep 1804000     23133s  mean    192646  max   386872  V    131781  |d|     358    447k mv/s  1024  99.9  2048  98.9  4096  95.2  8192  75.2  16k  39.2  32k   0.0
ep 1806000     23166s  mean    188839  max   478484  V    131911  |d|     359    447k mv/s  1024  99.8  2048  99.2  4096  94.7  8192  73.3  16k  37.3  32k   0.1
ep 1808000     23199s  mean    190495  max   387104  V    131943  |d|     359    447k mv/s  1024  99.9  2048  99.0  4096  95.2  8192  74.0  16k  37.6  32k   0.0
ep 1810000     23232s  mean    193396  max   499296  V    131496  |d|     363    447k mv/s  1024  99.8  2048  99.0  4096  94.7  8192  75.2  16k  38.0  32k   0.1
ep 1812000     23265s  mean    188478  max   484344  V    132078  |d|     359    447k mv/s  1024  99.8  2048  98.7  4096  94.7  8192  73.5  16k  36.1  32k   0.1
ep 1814000     23299s  mean    189991  max   420104  V    132274  |d|     359    447k mv/s  1024 100.0  2048  99.1  4096  94.6  8192  73.5  16k  37.8  32k   0.0
ep 1816000     23334s  mean    194925  max   386884  V    131779  |d|     360    447k mv/s  1024 100.0  2048  99.5  4096  95.5  8192  75.7  16k  39.4  32k   0.0
ep 1818000     23368s  mean    193117  max   388416  V    132097  |d|     360    447k mv/s  1024  99.8  2048  98.8  4096  94.5  8192  74.8  16k  38.9  32k   0.0
ep 1820000     23402s  mean    189960  max   438028  V    132499  |d|     359    447k mv/s  1024  99.7  2048  98.8  4096  94.3  8192  73.8  16k  36.6  32k   0.0
checkpoint -> runs/r10_fresh.bin (ep 1820299)
ep 1822000     23435s  mean    191199  max   387036  V    132090  |d|     364    447k mv/s  1024 100.0  2048  99.0  4096  94.2  8192  73.8  16k  37.8  32k   0.0
ep 1824000     23468s  mean    195238  max   387048  V    132437  |d|     359    447k mv/s  1024  99.9  2048  98.7  4096  94.2  8192  75.3  16k  40.4  32k   0.0
ep 1826000     23501s  mean    193678  max   531048  V    132372  |d|     361    447k mv/s  1024 100.0  2048  98.8  4096  94.6  8192  75.8  16k  37.9  32k   0.1
ep 1828000     23533s  mean    187979  max   387320  V    133181  |d|     358    447k mv/s  1024 100.0  2048  99.3  4096  94.6  8192  74.0  16k  36.4  32k   0.0
ep 1830000     23566s  mean    190655  max   387516  V    132320  |d|     361    447k mv/s  1024  99.9  2048  99.0  4096  95.0  8192  73.3  16k  37.0  32k   0.0
ep 1832000     23598s  mean    192556  max   388388  V    132633  |d|     361    447k mv/s  1024 100.0  2048  99.1  4096  94.8  8192  74.2  16k  39.4  32k   0.0
ep 1834000     23632s  mean    194439  max   386756  V    132739  |d|     360    447k mv/s  1024  99.9  2048  99.0  4096  95.9  8192  75.2  16k  38.3  32k   0.0
ep 1836000     23665s  mean    190738  max   579832  V    133111  |d|     361    447k mv/s  1024  99.8  2048  98.8  4096  94.0  8192  74.1  16k  38.2  32k   0.1
ep 1838000     23699s  mean    193990  max   432092  V    132962  |d|     360    447k mv/s  1024  99.8  2048  99.2  4096  95.0  8192  74.0  16k  40.2  32k   0.0
ep 1840000     23733s  mean    196789  max   465616  V    132951  |d|     358    447k mv/s  1024 100.0  2048  99.2  4096  95.5  8192  75.2  16k  39.9  32k   0.1
ep 1842000     23768s  mean    196850  max   386940  V    132807  |d|     359    448k mv/s  1024 100.0  2048  99.2  4096  95.0  8192  76.7  16k  39.2  32k   0.0
ep 1844000     23802s  mean    193789  max   478236  V    133027  |d|     361    448k mv/s  1024  99.8  2048  98.8  4096  94.7  8192  75.0  16k  39.0  32k   0.1
ep 1846000     23836s  mean    191846  max   416668  V    133605  |d|     358    448k mv/s  1024 100.0  2048  99.0  4096  95.2  8192  75.2  16k  38.0  32k   0.0
ep 1848000     23870s  mean    193624  max   387100  V    133809  |d|     358    448k mv/s  1024 100.0  2048  99.2  4096  95.3  8192  75.1  16k  38.5  32k   0.0
ep 1850000     23904s  mean    193425  max   406856  V    133345  |d|     361    448k mv/s  1024  99.8  2048  99.0  4096  94.5  8192  74.6  16k  39.0  32k   0.0
ep 1852000     23938s  mean    192635  max   387112  V    133420  |d|     361    448k mv/s  1024  99.8  2048  98.7  4096  95.2  8192  73.5  16k  38.0  32k   0.0
ep 1854000     23973s  mean    191733  max   386172  V    133907  |d|     359    448k mv/s  1024  99.9  2048  98.8  4096  94.7  8192  76.3  16k  37.6  32k   0.0
ep 1856000     24007s  mean    192662  max   411996  V    134221  |d|     357    448k mv/s  1024  99.9  2048  99.0  4096  95.1  8192  74.5  16k  38.5  32k   0.0
ep 1858000     24040s  mean    194568  max   387988  V    133921  |d|     359    448k mv/s  1024  99.8  2048  98.8  4096  95.0  8192  76.6  16k  38.3  32k   0.0
ep 1860000     24074s  mean    193779  max   386844  V    133401  |d|     361    448k mv/s  1024  99.9  2048  98.9  4096  94.8  8192  74.0  16k  38.7  32k   0.0
ep 1862000     24109s  mean    195888  max   387088  V    134015  |d|     360    448k mv/s  1024  99.8  2048  99.1  4096  95.8  8192  75.2  16k  40.8  32k   0.0
ep 1864000     24143s  mean    190968  max   386836  V    134355  |d|     359    448k mv/s  1024  99.9  2048  99.0  4096  94.6  8192  74.4  16k  37.7  32k   0.0
ep 1866000     24178s  mean    192347  max   507500  V    134432  |d|     359    448k mv/s  1024  99.9  2048  98.9  4096  95.2  8192  76.5  16k  37.6  32k   0.1
ep 1868000     24212s  mean    194331  max   386916  V    134301  |d|     358    448k mv/s  1024  99.9  2048  98.8  4096  95.2  8192  74.3  16k  39.8  32k   0.0
ep 1870000     24246s  mean    194783  max   481548  V    134144  |d|     360    448k mv/s  1024 100.0  2048  99.5  4096  95.8  8192  74.8  16k  39.6  32k   0.1
ep 1872000     24280s  mean    197303  max   387384  V    134119  |d|     361    448k mv/s  1024  99.8  2048  98.7  4096  94.8  8192  75.7  16k  39.9  32k   0.0
ep 1874000     24313s  mean    196582  max   388404  V    134390  |d|     361    448k mv/s  1024  99.9  2048  99.0  4096  95.5  8192  76.2  16k  40.5  32k   0.0
ep 1876000     24346s  mean    190586  max   487236  V    134665  |d|     359    448k mv/s  1024 100.0  2048  98.6  4096  95.0  8192  73.0  16k  37.9  32k   0.1
ep 1878000     24379s  mean    194033  max   398348  V    134322  |d|     365    448k mv/s  1024 100.0  2048  99.2  4096  94.8  8192  75.2  16k  38.5  32k   0.0
ep 1880000     24412s  mean    190695  max   386944  V    134887  |d|     360    448k mv/s  1024  99.7  2048  98.5  4096  94.6  8192  73.8  16k  37.9  32k   0.0
ep 1882000     24445s  mean    192625  max   387084  V    134593  |d|     363    448k mv/s  1024  99.8  2048  99.0  4096  94.3  8192  74.5  16k  38.6  32k   0.0
ep 1884000     24478s  mean    196840  max   387152  V    134841  |d|     361    448k mv/s  1024  99.8  2048  99.3  4096  94.9  8192  74.8  16k  40.2  32k   0.0
ep 1886000     24511s  mean    197389  max   387292  V    134891  |d|     362    448k mv/s  1024 100.0  2048  99.5  4096  95.7  8192  75.8  16k  40.5  32k   0.0
ep 1888000     24544s  mean    198724  max   513516  V    134716  |d|     359    448k mv/s  1024  99.8  2048  99.1  4096  95.8  8192  76.3  16k  40.0  32k   0.1
ep 1890000     24578s  mean    194495  max   386916  V    135073  |d|     360    448k mv/s  1024 100.0  2048  98.8  4096  95.0  8192  74.8  16k  38.9  32k   0.0
ep 1892000     24610s  mean    193420  max   387008  V    135149  |d|     362    448k mv/s  1024  99.8  2048  98.8  4096  95.0  8192  74.0  16k  38.8  32k   0.0
ep 1894000     24643s  mean    194835  max   386544  V    135023  |d|     364    448k mv/s  1024  99.9  2048  98.8  4096  94.8  8192  75.5  16k  39.0  32k   0.0
ep 1896000     24677s  mean    194641  max   468832  V    135443  |d|     361    448k mv/s  1024  99.8  2048  99.2  4096  95.1  8192  75.8  16k  39.1  32k   0.1
ep 1898000     24711s  mean    195864  max   387068  V    135113  |d|     364    448k mv/s  1024  99.9  2048  99.0  4096  95.1  8192  74.0  16k  40.8  32k   0.0
ep 1900000     24745s  mean    196630  max   423452  V    135169  |d|     363    448k mv/s  1024  99.9  2048  99.0  4096  94.5  8192  75.8  16k  39.6  32k   0.0
ep 1902000     24779s  mean    196073  max   387324  V    135768  |d|     361    448k mv/s  1024 100.0  2048  99.3  4096  95.7  8192  76.5  16k  38.8  32k   0.0
ep 1904000     24812s  mean    194526  max   389244  V    135590  |d|     362    448k mv/s  1024  99.8  2048  99.2  4096  95.0  8192  73.5  16k  40.1  32k   0.0
ep 1906000     24845s  mean    197124  max   468972  V    135534  |d|     360    448k mv/s  1024  99.9  2048  99.2  4096  95.0  8192  74.5  16k  40.4  32k   0.1
ep 1908000     24879s  mean    194656  max   499392  V    135861  |d|     363    448k mv/s  1024  99.8  2048  99.1  4096  95.3  8192  75.0  16k  39.9  32k   0.1
ep 1910000     24912s  mean    196323  max   387256  V    135499  |d|     364    448k mv/s  1024 100.0  2048  98.8  4096  94.8  8192  75.9  16k  39.9  32k   0.0
ep 1912000     24946s  mean    198365  max   467692  V    135455  |d|     362    448k mv/s  1024  99.7  2048  99.0  4096  95.1  8192  76.3  16k  40.3  32k   0.1
ep 1914000     24980s  mean    195371  max   387208  V    135752  |d|     364    448k mv/s  1024 100.0  2048  99.2  4096  94.9  8192  74.9  16k  39.6  32k   0.0
ep 1916000     25014s  mean    196865  max   419028  V    135927  |d|     364    448k mv/s  1024 100.0  2048  99.2  4096  95.2  8192  75.6  16k  40.4  32k   0.0
ep 1918000     25048s  mean    195921  max   388956  V    135843  |d|     362    448k mv/s  1024  99.9  2048  99.1  4096  94.5  8192  74.3  16k  41.3  32k   0.0
ep 1920000     25080s  mean    193193  max   389380  V    136252  |d|     361    448k mv/s  1024 100.0  2048  99.0  4096  94.2  8192  73.0  16k  39.4  32k   0.0
ep 1922000     25113s  mean    193132  max   475184  V    136190  |d|     364    448k mv/s  1024  99.9  2048  98.8  4096  95.0  8192  74.0  16k  38.8  32k   0.1
ep 1924000     25147s  mean    196354  max   386860  V    136281  |d|     362    448k mv/s  1024  99.8  2048  99.0  4096  95.2  8192  75.8  16k  40.0  32k   0.0
ep 1926000     25181s  mean    196464  max   387276  V    136372  |d|     361    448k mv/s  1024 100.0  2048  99.3  4096  95.2  8192  74.1  16k  39.6  32k   0.0
checkpoint -> runs/r10_fresh.bin (ep 1927618)
ep 1928000     25214s  mean    194996  max   386936  V    136282  |d|     366    448k mv/s  1024  99.9  2048  98.9  4096  94.8  8192  74.2  16k  39.4  32k   0.0
ep 1930000     25248s  mean    198108  max   387144  V    136600  |d|     360    448k mv/s  1024 100.0  2048  99.2  4096  95.2  8192  74.7  16k  41.4  32k   0.0
ep 1932000     25281s  mean    193217  max   386924  V    136725  |d|     363    448k mv/s  1024  99.9  2048  99.1  4096  94.8  8192  73.8  16k  38.3  32k   0.0
ep 1934000     25315s  mean    196188  max   532960  V    136631  |d|     362    448k mv/s  1024  99.8  2048  99.0  4096  94.3  8192  75.1  16k  39.5  32k   0.1
ep 1936000     25349s  mean    201140  max   516580  V    136479  |d|     360    448k mv/s  1024  99.8  2048  99.1  4096  96.0  8192  74.8  16k  42.5  32k   0.1
ep 1938000     25384s  mean    201456  max   531008  V    136390  |d|     361    448k mv/s  1024  99.8  2048  98.8  4096  95.0  8192  76.4  16k  41.5  32k   0.1
ep 1940000     25418s  mean    199508  max   387244  V    136432  |d|     363    448k mv/s  1024  99.9  2048  99.1  4096  94.7  8192  76.2  16k  41.4  32k   0.0
ep 1942000     25453s  mean    202973  max   387444  V    136620  |d|     361    448k mv/s  1024  99.9  2048  99.3  4096  95.8  8192  77.0  16k  41.6  32k   0.0
ep 1944000     25487s  mean    200341  max   387236  V    137067  |d|     361    448k mv/s  1024  99.8  2048  99.0  4096  95.7  8192  75.8  16k  41.5  32k   0.0
ep 1946000     25522s  mean    197426  max   506780  V    137074  |d|     363    449k mv/s  1024  99.9  2048  99.2  4096  95.1  8192  75.5  16k  39.9  32k   0.1
ep 1948000     25557s  mean    201134  max   427184  V    136831  |d|     365    449k mv/s  1024  99.8  2048  99.1  4096  94.8  8192  75.6  16k  42.6  32k   0.0
ep 1950000     25592s  mean    198813  max   386916  V    137405  |d|     364    449k mv/s  1024  99.9  2048  99.2  4096  95.9  8192  76.8  16k  40.8  32k   0.0
ep 1952000     25626s  mean    198141  max   388284  V    137242  |d|     363    449k mv/s  1024  99.8  2048  99.1  4096  95.2  8192  76.0  16k  40.4  32k   0.0
ep 1954000     25659s  mean    195818  max   387420  V    137449  |d|     366    449k mv/s  1024  99.8  2048  99.2  4096  95.5  8192  75.7  16k  39.0  32k   0.0
ep 1956000     25693s  mean    199697  max   386572  V    137365  |d|     363    449k mv/s  1024  99.8  2048  99.0  4096  94.5  8192  76.0  16k  41.8  32k   0.0
ep 1958000     25726s  mean    197706  max   388736  V    137581  |d|     364    449k mv/s  1024  99.8  2048  99.0  4096  94.3  8192  75.7  16k  41.7  32k   0.0
ep 1960000     25760s  mean    196241  max   387092  V    137680  |d|     364    449k mv/s  1024 100.0  2048  99.4  4096  95.5  8192  73.9  16k  40.2  32k   0.0
ep 1962000     25794s  mean    201915  max   387224  V    137584  |d|     361    449k mv/s  1024  99.9  2048  99.2  4096  96.2  8192  77.0  16k  42.1  32k   0.0
ep 1964000     25827s  mean    193000  max   388768  V    138242  |d|     362    449k mv/s  1024  99.8  2048  98.4  4096  94.5  8192  73.5  16k  39.6  32k   0.0
ep 1966000     25860s  mean    196732  max   390796  V    138041  |d|     361    449k mv/s  1024  99.9  2048  99.2  4096  95.5  8192  75.0  16k  39.9  32k   0.0
ep 1968000     25894s  mean    198144  max   418324  V    137865  |d|     361    449k mv/s  1024  99.9  2048  99.0  4096  95.5  8192  74.8  16k  41.3  32k   0.0
ep 1970000     25927s  mean    194696  max   387880  V    138212  |d|     363    449k mv/s  1024  99.8  2048  99.1  4096  95.0  8192  75.0  16k  39.6  32k   0.0
ep 1972000     25961s  mean    200312  max   509904  V    137833  |d|     363    449k mv/s  1024  99.8  2048  99.0  4096  94.7  8192  74.9  16k  42.1  32k   0.1
ep 1974000     25995s  mean    195586  max   386780  V    138307  |d|     364    449k mv/s  1024  99.9  2048  98.9  4096  95.2  8192  74.8  16k  40.0  32k   0.0
ep 1976000     26029s  mean    198338  max   503256  V    138137  |d|     363    449k mv/s  1024  99.8  2048  99.3  4096  95.5  8192  75.0  16k  41.1  32k   0.1
ep 1978000     26063s  mean    200807  max   529196  V    138138  |d|     366    449k mv/s  1024  99.9  2048  99.2  4096  94.7  8192  76.7  16k  41.4  32k   0.1
ep 1980000     26097s  mean    196429  max   387296  V    138293  |d|     364    449k mv/s  1024 100.0  2048  98.8  4096  95.2  8192  74.8  16k  39.8  32k   0.0
ep 1982000     26131s  mean    200118  max   411396  V    138242  |d|     366    449k mv/s  1024  99.8  2048  99.0  4096  95.2  8192  75.9  16k  41.5  32k   0.0
ep 1984000     26165s  mean    201256  max   408456  V    138524  |d|     364    449k mv/s  1024  99.9  2048  99.3  4096  96.3  8192  77.4  16k  42.1  32k   0.0
ep 1986000     26199s  mean    196985  max   532428  V    138250  |d|     368    449k mv/s  1024  99.8  2048  98.8  4096  94.2  8192  74.3  16k  40.5  32k   0.1
ep 1988000     26233s  mean    194105  max   387012  V    138599  |d|     363    449k mv/s  1024 100.0  2048  98.8  4096  94.1  8192  73.2  16k  38.5  32k   0.0
ep 1990000     26267s  mean    199877  max   387060  V    138346  |d|     366    449k mv/s  1024  99.8  2048  99.0  4096  95.4  8192  75.6  16k  41.2  32k   0.0
ep 1992000     26301s  mean    200794  max   469172  V    138789  |d|     365    449k mv/s  1024 100.0  2048  99.0  4096  95.1  8192  76.1  16k  42.0  32k   0.1
ep 1994000     26335s  mean    203203  max   533136  V    138456  |d|     364    449k mv/s  1024 100.0  2048  99.2  4096  95.7  8192  77.3  16k  43.1  32k   0.1
ep 1996000     26370s  mean    202218  max   387236  V    138603  |d|     365    449k mv/s  1024  99.8  2048  98.8  4096  95.0  8192  75.2  16k  42.1  32k   0.0
ep 1998000     26403s  mean    199920  max   489412  V    138694  |d|     365    449k mv/s  1024 100.0  2048  99.2  4096  95.2  8192  74.0  16k  42.1  32k   0.1
ep 2000000     26437s  mean    197381  max   533108  V    139335  |d|     364    449k mv/s  1024  99.8  2048  99.0  4096  95.2  8192  76.5  16k  40.0  32k   0.1
rescaling TC accumulators at ep 2000097
ep 2002000     26471s  mean    194014  max   386816  V    139414  |d|     364    449k mv/s  1024  99.8  2048  98.8  4096  93.8  8192  72.7  16k  39.9  32k   0.0
ep 2004000     26505s  mean    200093  max   437588  V    138928  |d|     364    449k mv/s  1024 100.0  2048  99.2  4096  95.0  8192  73.8  16k  42.0  32k   0.0
ep 2006000     26540s  mean    202698  max   436860  V    139041  |d|     366    449k mv/s  1024  99.7  2048  99.1  4096  94.2  8192  77.5  16k  43.1  32k   0.0
ep 2008000     26574s  mean    197638  max   386988  V    139451  |d|     364    449k mv/s  1024 100.0  2048  98.9  4096  95.3  8192  74.8  16k  40.5  32k   0.0
ep 2010000     26608s  mean    198363  max   387096  V    139354  |d|     367    449k mv/s  1024 100.0  2048  98.8  4096  94.8  8192  75.4  16k  40.8  32k   0.0
ep 2012000     26642s  mean    200079  max   386900  V    139565  |d|     362    449k mv/s  1024  99.8  2048  99.2  4096  95.7  8192  76.2  16k  41.4  32k   0.0
ep 2014000     26677s  mean    197965  max   436380  V    139769  |d|     364    449k mv/s  1024  99.9  2048  98.8  4096  95.5  8192  74.8  16k  40.8  32k   0.0
ep 2016000     26711s  mean    201381  max   387728  V    139448  |d|     364    449k mv/s  1024  99.9  2048  99.2  4096  95.6  8192  75.5  16k  41.5  32k   0.0
ep 2018000     26746s  mean    200991  max   387644  V    139785  |d|     364    449k mv/s  1024  99.9  2048  99.2  4096  95.5  8192  76.5  16k  41.7  32k   0.0
ep 2020000     26779s  mean    195682  max   467892  V    139929  |d|     366    449k mv/s  1024 100.0  2048  98.9  4096  95.2  8192  74.2  16k  39.9  32k   0.1
ep 2022000     26814s  mean    202722  max   387040  V    139370  |d|     367    449k mv/s  1024  99.9  2048  99.2  4096  95.2  8192  76.5  16k  42.0  32k   0.0
ep 2024000     26848s  mean    195526  max   566260  V    139993  |d|     366    449k mv/s  1024  99.9  2048  99.0  4096  94.2  8192  74.1  16k  40.4  32k   0.1
ep 2026000     26882s  mean    202466  max   386980  V    140261  |d|     363    449k mv/s  1024  99.9  2048  98.9  4096  95.7  8192  76.7  16k  43.1  32k   0.0
ep 2028000     26916s  mean    198396  max   386968  V    140189  |d|     367    449k mv/s  1024  99.8  2048  99.0  4096  94.5  8192  75.5  16k  40.7  32k   0.0
ep 2030000     26954s  mean    200099  max   387056  V    140089  |d|     366    449k mv/s  1024 100.0  2048  99.2  4096  95.9  8192  74.9  16k  41.2  32k   0.0
ep 2032000     26994s  mean    200316  max   386728  V    140396  |d|     364    449k mv/s  1024  99.8  2048  99.1  4096  95.3  8192  76.6  16k  41.5  32k   0.0
checkpoint -> runs/r10_fresh.bin (ep 2032786)
ep 2034000     27033s  mean    198705  max   386524  V    140306  |d|     366    449k mv/s  1024  99.8  2048  99.1  4096  95.2  8192  74.9  16k  40.4  32k   0.0
ep 2036000     27073s  mean    199548  max   508380  V    140552  |d|     366    449k mv/s  1024  99.9  2048  99.3  4096  95.7  8192  76.8  16k  40.5  32k   0.1
ep 2038000     27113s  mean    203972  max   388520  V    140333  |d|     366    449k mv/s  1024 100.0  2048  99.3  4096  96.2  8192  76.8  16k  43.5  32k   0.0
ep 2040000     27152s  mean    200948  max   411236  V    140439  |d|     364    449k mv/s  1024  99.8  2048  99.0  4096  95.5  8192  76.7  16k  41.5  32k   0.0
ep 2042000     27193s  mean    206426  max   386896  V    140207  |d|     363    449k mv/s  1024  99.8  2048  99.0  4096  95.2  8192  76.9  16k  44.2  32k   0.0
ep 2044000     27233s  mean    205814  max   411004  V    140353  |d|     365    449k mv/s  1024 100.0  2048  99.3  4096  95.7  8192  77.0  16k  44.7  32k   0.0
ep 2046000     27272s  mean    199269  max   387156  V    140856  |d|     365    449k mv/s  1024 100.0  2048  99.2  4096  94.8  8192  75.9  16k  41.5  32k   0.0
ep 2048000     27311s  mean    201586  max   386468  V    140679  |d|     366    449k mv/s  1024 100.0  2048  99.0  4096  94.8  8192  77.2  16k  42.2  32k   0.0
ep 2050000     27351s  mean    200358  max   387188  V    140765  |d|     365    449k mv/s  1024  99.8  2048  98.7  4096  95.0  8192  77.0  16k  41.8  32k   0.0
ep 2052000     27390s  mean    202024  max   387284  V    140936  |d|     366    449k mv/s  1024  99.9  2048  99.0  4096  95.1  8192  76.6  16k  41.9  32k   0.0
ep 2054000     27430s  mean    201529  max   485008  V    141156  |d|     364    449k mv/s  1024  99.9  2048  99.0  4096  95.0  8192  75.9  16k  41.9  32k   0.1
ep 2056000     27468s  mean    197314  max   408260  V    141307  |d|     366    448k mv/s  1024 100.0  2048  98.8  4096  95.0  8192  75.5  16k  40.6  32k   0.0
ep 2058000     27508s  mean    200018  max   504860  V    141289  |d|     363    448k mv/s  1024 100.0  2048  99.2  4096  95.0  8192  76.1  16k  41.7  32k   0.1
ep 2060000     27547s  mean    201482  max   419784  V    141398  |d|     365    448k mv/s  1024 100.0  2048  99.2  4096  94.8  8192  77.0  16k  42.4  32k   0.0
ep 2062000     27587s  mean    201667  max   387220  V    141296  |d|     363    448k mv/s  1024  99.9  2048  99.4  4096  95.3  8192  75.7  16k  42.4  32k   0.0
ep 2064000     27626s  mean    196484  max   387016  V    141488  |d|     365    448k mv/s  1024  99.8  2048  98.9  4096  94.3  8192  73.8  16k  40.5  32k   0.0
ep 2066000     27666s  mean    202258  max   386916  V    141430  |d|     368    448k mv/s  1024 100.0  2048  99.3  4096  95.5  8192  76.5  16k  42.3  32k   0.0
ep 2068000     27705s  mean    201742  max   387240  V    141436  |d|     365    448k mv/s  1024  99.8  2048  98.9  4096  94.5  8192  75.1  16k  42.0  32k   0.0
ep 2070000     27746s  mean    205310  max   386912  V    141245  |d|     366    448k mv/s  1024 100.0  2048  99.4  4096  95.8  8192  78.0  16k  43.6  32k   0.0
ep 2072000     27785s  mean    200801  max   388272  V    141922  |d|     365    448k mv/s  1024  99.8  2048  98.7  4096  95.0  8192  76.2  16k  42.4  32k   0.0
ep 2074000     27826s  mean    202516  max   531072  V    141798  |d|     363    448k mv/s  1024 100.0  2048  98.9  4096  95.7  8192  76.7  16k  41.8  32k   0.1
ep 2076000     27866s  mean    203389  max   504796  V    141581  |d|     366    448k mv/s  1024 100.0  2048  99.3  4096  95.2  8192  76.8  16k  42.1  32k   0.1
ep 2078000     27906s  mean    203438  max   386872  V    142156  |d|     361    448k mv/s  1024 100.0  2048  99.4  4096  95.7  8192  76.7  16k  43.4  32k   0.0
ep 2080000     27945s  mean    201213  max   387028  V    141949  |d|     368    448k mv/s  1024  99.8  2048  99.2  4096  95.7  8192  77.0  16k  41.0  32k   0.0
ep 2082000     27987s  mean    206688  max   474000  V    141686  |d|     365    448k mv/s  1024  99.8  2048  99.2  4096  96.0  8192  75.8  16k  44.5  32k   0.1
ep 2084000     28027s  mean    206141  max   387356  V    142016  |d|     365    448k mv/s  1024  99.8  2048  99.3  4096  95.8  8192  77.5  16k  44.2  32k   0.0
ep 2086000     28067s  mean    203129  max   489868  V    141783  |d|     368    447k mv/s  1024  99.8  2048  99.2  4096  95.5  8192  74.0  16k  42.9  32k   0.1
ep 2088000     28108s  mean    206047  max   512904  V    142010  |d|     367    447k mv/s  1024 100.0  2048  99.5  4096  95.6  8192  78.0  16k  43.4  32k   0.1
ep 2090000     28148s  mean    201928  max   531416  V    142302  |d|     367    447k mv/s  1024  99.9  2048  98.3  4096  94.5  8192  76.4  16k  42.8  32k   0.1
ep 2092000     28189s  mean    206308  max   513388  V    142070  |d|     367    447k mv/s  1024  99.9  2048  99.0  4096  96.1  8192  78.2  16k  43.9  32k   0.1
ep 2094000     28229s  mean    205951  max   527892  V    141975  |d|     367    447k mv/s  1024  99.8  2048  99.2  4096  96.0  8192  77.4  16k  43.2  32k   0.1
ep 2096000     28270s  mean    205690  max   524812  V    142397  |d|     365    447k mv/s  1024  99.9  2048  99.0  4096  95.2  8192  77.3  16k  43.7  32k   0.1
ep 2098000     28311s  mean    203601  max   388576  V    142425  |d|     368    447k mv/s  1024  99.8  2048  98.7  4096  95.1  8192  77.8  16k  42.3  32k   0.0
ep 2100000     28351s  mean    201271  max   387104  V    142480  |d|     370    447k mv/s  1024  99.8  2048  98.5  4096  95.3  8192  77.5  16k  41.8  32k   0.0
ep 2102000     28392s  mean    201949  max   386900  V    142801  |d|     367    447k mv/s  1024 100.0  2048  99.0  4096  95.3  8192  76.7  16k  42.2  32k   0.0
ep 2104000     28432s  mean    202866  max   386780  V    142965  |d|     368    447k mv/s  1024 100.0  2048  98.9  4096  96.0  8192  78.3  16k  41.8  32k   0.0
ep 2106000     28472s  mean    205001  max   502076  V    142332  |d|     369    447k mv/s  1024 100.0  2048  99.0  4096  94.8  8192  76.2  16k  43.2  32k   0.1
ep 2108000     28511s  mean    200813  max   464248  V    142785  |d|     368    447k mv/s  1024 100.0  2048  99.3  4096  95.1  8192  74.8  16k  42.4  32k   0.1
ep 2110000     28551s  mean    201213  max   506048  V    142965  |d|     368    447k mv/s  1024  99.9  2048  99.0  4096  95.3  8192  76.2  16k  41.9  32k   0.1
ep 2112000     28592s  mean    206963  max   387192  V    142719  |d|     366    447k mv/s  1024  99.8  2048  99.2  4096  95.7  8192  77.6  16k  44.7  32k   0.0
ep 2114000     28632s  mean    205335  max   386904  V    142934  |d|     367    447k mv/s  1024  99.9  2048  99.2  4096  95.5  8192  77.8  16k  43.6  32k   0.0
ep 2116000     28672s  mean    203528  max   481968  V    143078  |d|     365    447k mv/s  1024 100.0  2048  99.0  4096  95.0  8192  76.0  16k  43.2  32k   0.1
ep 2118000     28712s  mean    202526  max   387116  V    143389  |d|     365    446k mv/s  1024 100.0  2048  99.3  4096  95.3  8192  76.8  16k  41.8  32k   0.0
ep 2120000     28754s  mean    208205  max   387356  V    142883  |d|     368    446k mv/s  1024  99.9  2048  98.9  4096  95.6  8192  77.5  16k  44.8  32k   0.0
ep 2122000     28794s  mean    205104  max   468408  V    143210  |d|     367    446k mv/s  1024 100.0  2048  98.9  4096  94.5  8192  76.2  16k  43.8  32k   0.1
checkpoint -> runs/r10_fresh.bin (ep 2122881)
ep 2124000     28834s  mean    205674  max   496260  V    143616  |d|     364    446k mv/s  1024 100.0  2048  99.3  4096  95.5  8192  77.3  16k  44.5  32k   0.1
ep 2126000     28873s  mean    200951  max   440772  V    143796  |d|     366    446k mv/s  1024  99.7  2048  99.0  4096  95.5  8192  75.9  16k  41.3  32k   0.0
ep 2128000     28913s  mean    200250  max   511628  V    143821  |d|     365    446k mv/s  1024  99.9  2048  99.2  4096  95.3  8192  74.8  16k  42.2  32k   0.1
ep 2130000     28953s  mean    204333  max   386944  V    143579  |d|     366    446k mv/s  1024  99.9  2048  99.0  4096  95.0  8192  77.5  16k  43.5  32k   0.0
ep 2132000     28993s  mean    205848  max   386824  V    143729  |d|     365    446k mv/s  1024  99.8  2048  99.3  4096  96.1  8192  76.7  16k  44.0  32k   0.0
ep 2134000     29033s  mean    206550  max   387096  V    143878  |d|     365    446k mv/s  1024  99.8  2048  99.0  4096  95.3  8192  76.8  16k  44.2  32k   0.0
ep 2136000     29072s  mean    200502  max   387184  V    144041  |d|     367    446k mv/s  1024  99.8  2048  99.0  4096  94.9  8192  75.9  16k  42.0  32k   0.0
ep 2138000     29114s  mean    208362  max   509012  V    143895  |d|     368    446k mv/s  1024  99.8  2048  99.0  4096  95.8  8192  79.0  16k  44.4  32k   0.1
ep 2140000     29153s  mean    201157  max   481612  V    144110  |d|     367    446k mv/s  1024  99.8  2048  99.4  4096  95.0  8192  76.0  16k  42.6  32k   0.1
ep 2142000     29193s  mean    202748  max   387352  V    144120  |d|     368    446k mv/s  1024  99.8  2048  98.8  4096  95.5  8192  76.3  16k  42.0  32k   0.0
ep 2144000     29235s  mean    204697  max   491980  V    144357  |d|     366    446k mv/s  1024 100.0  2048  99.3  4096  95.7  8192  76.6  16k  43.1  32k   0.1
ep 2146000     29275s  mean    204693  max   411216  V    144052  |d|     369    446k mv/s  1024 100.0  2048  99.5  4096  95.4  8192  76.1  16k  43.8  32k   0.0
ep 2148000     29315s  mean    203780  max   387236  V    144302  |d|     367    446k mv/s  1024  99.9  2048  99.0  4096  95.3  8192  76.7  16k  42.4  32k   0.0
ep 2150000     29355s  mean    201822  max   387108  V    144451  |d|     365    446k mv/s  1024  99.9  2048  99.3  4096  95.8  8192  74.7  16k  42.5  32k   0.0
ep 2152000     29396s  mean    203625  max   489620  V    144618  |d|     367    445k mv/s  1024  99.9  2048  99.2  4096  95.5  8192  75.8  16k  44.0  32k   0.1
ep 2154000     29436s  mean    202227  max   408808  V    144440  |d|     368    445k mv/s  1024  99.8  2048  99.0  4096  95.0  8192  76.2  16k  42.9  32k   0.0
ep 2156000     29475s  mean    203015  max   387052  V    144714  |d|     368    445k mv/s  1024 100.0  2048  99.4  4096  95.1  8192  77.2  16k  41.7  32k   0.0
ep 2158000     29514s  mean    202096  max   544916  V    144660  |d|     369    445k mv/s  1024 100.0  2048  98.8  4096  95.0  8192  74.8  16k  42.8  32k   0.1
ep 2160000     29555s  mean    206976  max   387052  V    144413  |d|     368    445k mv/s  1024 100.0  2048  99.0  4096  95.5  8192  77.7  16k  45.0  32k   0.0
ep 2162000     29593s  mean    207128  max   433564  V    144595  |d|     368    445k mv/s  1024  99.9  2048  98.8  4096  95.1  8192  77.0  16k  45.0  32k   0.0
ep 2164000     29629s  mean    208840  max   386744  V    144252  |d|     370    445k mv/s  1024 100.0  2048  99.0  4096  95.7  8192  77.7  16k  45.0  32k   0.0
ep 2166000     29665s  mean    207848  max   547568  V    144860  |d|     366    445k mv/s  1024  99.9  2048  99.0  4096  95.2  8192  77.0  16k  45.0  32k   0.1
ep 2168000     29699s  mean    202397  max   497148  V    144896  |d|     370    445k mv/s  1024  99.9  2048  98.7  4096  94.5  8192  75.0  16k  42.9  32k   0.1
ep 2170000     29734s  mean    209912  max   387220  V    144643  |d|     368    445k mv/s  1024  99.9  2048  99.0  4096  95.7  8192  78.3  16k  45.5  32k   0.0
ep 2172000     29769s  mean    202749  max   436756  V    145138  |d|     366    445k mv/s  1024  99.9  2048  99.0  4096  95.5  8192  76.6  16k  42.0  32k   0.0
ep 2174000     29804s  mean    204275  max   410832  V    144987  |d|     370    445k mv/s  1024  99.7  2048  99.0  4096  95.2  8192  77.8  16k  42.4  32k   0.0
ep 2176000     29838s  mean    203008  max   407440  V    145395  |d|     364    445k mv/s  1024  99.9  2048  99.2  4096  94.5  8192  76.5  16k  42.4  32k   0.0
ep 2178000     29874s  mean    205624  max   406496  V    145329  |d|     368    445k mv/s  1024  99.6  2048  98.8  4096  95.6  8192  76.5  16k  44.2  32k   0.0
ep 2180000     29909s  mean    207527  max   529204  V    144983  |d|     368    445k mv/s  1024  99.9  2048  98.7  4096  95.2  8192  77.1  16k  44.4  32k   0.1
ep 2182000     29945s  mean    203866  max   387032  V    145221  |d|     368    445k mv/s  1024 100.0  2048  99.1  4096  94.5  8192  75.6  16k  43.0  32k   0.0
ep 2184000     29979s  mean    205080  max   525472  V    145427  |d|     368    445k mv/s  1024  99.8  2048  99.0  4096  94.8  8192  77.1  16k  43.4  32k   0.1
ep 2186000     30014s  mean    204899  max   405632  V    145626  |d|     368    445k mv/s  1024  99.9  2048  99.4  4096  96.0  8192  76.5  16k  44.2  32k   0.0
ep 2188000     30050s  mean    207716  max   388816  V    145223  |d|     371    445k mv/s  1024 100.0  2048  99.3  4096  95.6  8192  78.0  16k  44.4  32k   0.0
ep 2190000     30085s  mean    201461  max   387096  V    146209  |d|     366    445k mv/s  1024  99.9  2048  98.5  4096  94.0  8192  75.3  16k  42.2  32k   0.0
ep 2192000     30121s  mean    212320  max   386716  V    145370  |d|     367    446k mv/s  1024 100.0  2048  99.5  4096  96.2  8192  79.0  16k  46.0  32k   0.0
ep 2194000     30157s  mean    204105  max   386944  V    145853  |d|     367    446k mv/s  1024  99.8  2048  99.3  4096  94.8  8192  75.4  16k  42.9  32k   0.0
ep 2196000     30192s  mean    205821  max   387380  V    145739  |d|     369    446k mv/s  1024  99.8  2048  98.7  4096  95.0  8192  76.0  16k  44.0  32k   0.0
ep 2198000     30226s  mean    204300  max   386984  V    145896  |d|     370    446k mv/s  1024 100.0  2048  99.2  4096  95.7  8192  75.8  16k  43.0  32k   0.0
ep 2200000     30261s  mean    204500  max   412920  V    145968  |d|     370    446k mv/s  1024  99.8  2048  98.9  4096  94.8  8192  75.4  16k  43.5  32k   0.0
ep 2202000     30296s  mean    203121  max   489556  V    145959  |d|     369    446k mv/s  1024  99.9  2048  99.3  4096  95.2  8192  75.3  16k  42.4  32k   0.1
ep 2204000     30332s  mean    208704  max   460848  V    146124  |d|     367    446k mv/s  1024  99.8  2048  98.5  4096  95.5  8192  77.0  16k  45.4  32k   0.1
ep 2206000     30368s  mean    206297  max   387088  V    146062  |d|     369    446k mv/s  1024  99.8  2048  99.2  4096  95.4  8192  77.8  16k  43.8  32k   0.0
ep 2208000     30404s  mean    210206  max   386276  V    146147  |d|     366    446k mv/s  1024 100.0  2048  99.1  4096  95.8  8192  78.1  16k  45.6  32k   0.0
ep 2210000     30439s  mean    206216  max   386852  V    146534  |d|     367    446k mv/s  1024  99.9  2048  99.3  4096  95.8  8192  77.7  16k  43.1  32k   0.0
ep 2212000     30474s  mean    207619  max   530088  V    146420  |d|     369    446k mv/s  1024 100.0  2048  99.4  4096  95.5  8192  78.2  16k  43.6  32k   0.1
ep 2214000     30508s  mean    203182  max   386796  V    146671  |d|     367    446k mv/s  1024  99.7  2048  98.7  4096  94.8  8192  76.5  16k  42.9  32k   0.0
ep 2216000     30543s  mean    205948  max   517632  V    146775  |d|     367    446k mv/s  1024  99.9  2048  99.0  4096  95.7  8192  77.5  16k  43.8  32k   0.1
ep 2218000     30579s  mean    206181  max   388288  V    146593  |d|     369    446k mv/s  1024 100.0  2048  99.0  4096  95.2  8192  78.0  16k  43.6  32k   0.0
checkpoint -> runs/r10_fresh.bin (ep 2219894)
ep 2220000     30614s  mean    208614  max   387248  V    146808  |d|     367    446k mv/s  1024  99.8  2048  99.1  4096  94.8  8192  76.0  16k  45.5  32k   0.0
ep 2222000     30649s  mean    201164  max   387000  V    146853  |d|     370    446k mv/s  1024  99.9  2048  98.5  4096  95.0  8192  74.2  16k  41.6  32k   0.0
ep 2224000     30684s  mean    207608  max   387276  V    146652  |d|     371    446k mv/s  1024  99.8  2048  99.0  4096  95.7  8192  77.7  16k  44.5  32k   0.0
ep 2226000     30719s  mean    203799  max   386944  V    146980  |d|     368    446k mv/s  1024  99.8  2048  99.2  4096  95.1  8192  75.2  16k  43.5  32k   0.0
ep 2228000     30754s  mean    204693  max   387312  V    146957  |d|     367    446k mv/s  1024  99.9  2048  99.1  4096  95.4  8192  77.4  16k  43.2  32k   0.0
ep 2230000     30789s  mean    203466  max   387036  V    147141  |d|     372    446k mv/s  1024  99.5  2048  99.0  4096  95.7  8192  76.8  16k  42.4  32k   0.0
ep 2232000     30824s  mean    207299  max   387328  V    147004  |d|     368    446k mv/s  1024  99.8  2048  99.1  4096  95.8  8192  77.7  16k  43.8  32k   0.0
ep 2234000     30859s  mean    204184  max   409384  V    147177  |d|     369    446k mv/s  1024  99.8  2048  99.1  4096  95.5  8192  75.5  16k  43.4  32k   0.0
ep 2236000     30894s  mean    204502  max   386608  V    147236  |d|     371    446k mv/s  1024  99.9  2048  98.8  4096  95.5  8192  77.5  16k  42.8  32k   0.0
ep 2238000     30929s  mean    205298  max   388572  V    147256  |d|     372    446k mv/s  1024  99.9  2048  99.3  4096  95.7  8192  76.2  16k  44.4  32k   0.0
ep 2240000     30964s  mean    206400  max   386772  V    147349  |d|     370    446k mv/s  1024  99.9  2048  99.3  4096  96.3  8192  76.8  16k  44.1  32k   0.0
ep 2242000     31000s  mean    209158  max   386632  V    147018  |d|     370    446k mv/s  1024 100.0  2048  98.8  4096  95.2  8192  78.1  16k  45.2  32k   0.0
ep 2244000     31036s  mean    210867  max   387000  V    147078  |d|     368    446k mv/s  1024 100.0  2048  99.0  4096  95.2  8192  77.6  16k  46.3  32k   0.0
ep 2246000     31071s  mean    207428  max   387188  V    147173  |d|     371    446k mv/s  1024 100.0  2048  99.3  4096  95.8  8192  77.0  16k  44.3  32k   0.0
ep 2248000     31106s  mean    205658  max   387500  V    147689  |d|     368    446k mv/s  1024 100.0  2048  99.0  4096  95.3  8192  76.7  16k  43.5  32k   0.0
ep 2250000     31142s  mean    209424  max   408872  V    147588  |d|     368    446k mv/s  1024 100.0  2048  99.0  4096  95.8  8192  76.3  16k  45.3  32k   0.0
ep 2252000     31177s  mean    208806  max   524124  V    147475  |d|     371    446k mv/s  1024  99.8  2048  99.0  4096  95.7  8192  78.0  16k  44.7  32k   0.1
ep 2254000     31212s  mean    207960  max   387128  V    147653  |d|     370    446k mv/s  1024  99.8  2048  98.7  4096  95.5  8192  77.9  16k  44.7  32k   0.0
ep 2256000     31248s  mean    211268  max   387192  V    147730  |d|     368    446k mv/s  1024  99.9  2048  99.3  4096  96.0  8192  78.0  16k  45.2  32k   0.0
ep 2258000     31283s  mean    207546  max   387184  V    147953  |d|     369    446k mv/s  1024 100.0  2048  98.9  4096  95.3  8192  77.0  16k  45.2  32k   0.0
ep 2260000     31318s  mean    207649  max   387296  V    147768  |d|     370    446k mv/s  1024  99.9  2048  99.1  4096  95.5  8192  76.4  16k  45.0  32k   0.0
ep 2262000     31354s  mean    207396  max   387448  V    148075  |d|     368    446k mv/s  1024 100.0  2048  99.1  4096  95.5  8192  76.5  16k  45.0  32k   0.0
ep 2264000     31389s  mean    210536  max   392460  V    147861  |d|     367    446k mv/s  1024  99.9  2048  99.0  4096  95.3  8192  77.6  16k  45.6  32k   0.0
ep 2266000     31425s  mean    206787  max   387332  V    148314  |d|     368    446k mv/s  1024 100.0  2048  99.1  4096  95.5  8192  77.4  16k  43.9  32k   0.0
ep 2268000     31461s  mean    209257  max   387132  V    148113  |d|     370    446k mv/s  1024  99.8  2048  98.8  4096  95.4  8192  77.3  16k  45.5  32k   0.0
ep 2270000     31496s  mean    208977  max   387056  V    148219  |d|     370    446k mv/s  1024  99.9  2048  99.3  4096  95.0  8192  77.7  16k  44.6  32k   0.0
ep 2272000     31532s  mean    207282  max   387076  V    148353  |d|     370    446k mv/s  1024  99.8  2048  99.2  4096  95.8  8192  78.3  16k  43.8  32k   0.0
ep 2274000     31568s  mean    207821  max   386776  V    148032  |d|     374    446k mv/s  1024  99.8  2048  99.2  4096  94.8  8192  77.7  16k  44.3  32k   0.0
ep 2276000     31604s  mean    205689  max   388316  V    148602  |d|     372    446k mv/s  1024  99.8  2048  99.4  4096  96.4  8192  77.2  16k  43.0  32k   0.0
ep 2278000     31640s  mean    206936  max   387180  V    148722  |d|     369    446k mv/s  1024  99.8  2048  99.2  4096  95.5  8192  77.5  16k  43.8  32k   0.0
ep 2280000     31677s  mean    206451  max   387552  V    148644  |d|     370    446k mv/s  1024 100.0  2048  99.4  4096  95.8  8192  77.3  16k  43.1  32k   0.0
ep 2282000     31714s  mean    208448  max   387416  V    148615  |d|     372    446k mv/s  1024  99.8  2048  99.0  4096  96.0  8192  77.2  16k  44.1  32k   0.0
ep 2284000     31750s  mean    209647  max   520176  V    148716  |d|     370    446k mv/s  1024 100.0  2048  99.0  4096  95.1  8192  78.0  16k  45.1  32k   0.1
ep 2286000     31786s  mean    206274  max   409892  V    149033  |d|     372    446k mv/s  1024  99.8  2048  99.0  4096  95.5  8192  78.0  16k  43.2  32k   0.0
ep 2288000     31822s  mean    209393  max   398528  V    148845  |d|     370    446k mv/s  1024  99.9  2048  99.3  4096  95.3  8192  77.5  16k  45.5  32k   0.0
ep 2290000     31858s  mean    209232  max   387436  V    148872  |d|     369    446k mv/s  1024  99.8  2048  99.1  4096  94.5  8192  77.4  16k  45.1  32k   0.0
ep 2292000     31893s  mean    204883  max   387028  V    148913  |d|     370    446k mv/s  1024  99.8  2048  99.0  4096  94.8  8192  75.3  16k  44.0  32k   0.0
ep 2294000     31928s  mean    206508  max   387184  V    149031  |d|     371    446k mv/s  1024 100.0  2048  99.0  4096  95.2  8192  77.0  16k  43.6  32k   0.0
ep 2296000     31964s  mean    210466  max   386772  V    149104  |d|     369    447k mv/s  1024  99.8  2048  99.3  4096  96.3  8192  77.3  16k  44.2  32k   0.0
ep 2298000     32000s  mean    210139  max   386420  V    148868  |d|     371    447k mv/s  1024  99.8  2048  98.8  4096  95.3  8192  77.1  16k  45.9  32k   0.0
ep 2300000     32036s  mean    210966  max   387848  V    148856  |d|     371    447k mv/s  1024  99.8  2048  99.0  4096  95.2  8192  78.0  16k  45.4  32k   0.0
ep 2302000     32072s  mean    209316  max   389108  V    149102  |d|     371    447k mv/s  1024 100.0  2048  99.0  4096  96.0  8192  77.5  16k  44.4  32k   0.0
ep 2304000     32108s  mean    206684  max   420036  V    149550  |d|     369    447k mv/s  1024  99.6  2048  98.7  4096  95.2  8192  77.1  16k  43.8  32k   0.0
ep 2306000     32143s  mean    210646  max   388704  V    149489  |d|     367    447k mv/s  1024  99.8  2048  99.0  4096  96.3  8192  76.8  16k  46.1  32k   0.0
ep 2308000     32179s  mean    209580  max   386528  V    149069  |d|     374    447k mv/s  1024  99.8  2048  98.7  4096  94.8  8192  76.8  16k  45.5  32k   0.0
ep 2310000     32215s  mean    210099  max   386232  V    149416  |d|     370    447k mv/s  1024 100.0  2048  99.3  4096  95.2  8192  77.7  16k  45.0  32k   0.0
ep 2312000     32252s  mean    211352  max   386976  V    149630  |d|     367    447k mv/s  1024  99.9  2048  99.0  4096  95.7  8192  78.0  16k  46.2  32k   0.0
ep 2314000     32288s  mean    209284  max   388864  V    149389  |d|     372    447k mv/s  1024  99.9  2048  99.0  4096  95.5  8192  76.6  16k  45.9  32k   0.0
ep 2316000     32324s  mean    212770  max   387212  V    149453  |d|     373    447k mv/s  1024 100.0  2048  99.2  4096  96.0  8192  78.4  16k  46.8  32k   0.0
ep 2318000     32360s  mean    211780  max   513172  V    149739  |d|     371    447k mv/s  1024 100.0  2048  98.9  4096  96.0  8192  78.3  16k  46.0  32k   0.1
ep 2320000     32396s  mean    210494  max   477712  V    149462  |d|     371    447k mv/s  1024  99.8  2048  98.8  4096  94.8  8192  76.8  16k  45.8  32k   0.1
checkpoint -> runs/r10_fresh.bin (ep 2320967)
ep 2322000     32432s  mean    210266  max   530848  V    149895  |d|     374    447k mv/s  1024 100.0  2048  99.3  4096  95.4  8192  78.3  16k  45.6  32k   0.1
ep 2324000     32471s  mean    216086  max   404884  V    149666  |d|     370    447k mv/s  1024  99.8  2048  98.7  4096  96.0  8192  79.4  16k  47.6  32k   0.0
ep 2326000     32509s  mean    208135  max   453776  V    150111  |d|     373    447k mv/s  1024  99.8  2048  99.0  4096  95.2  8192  77.0  16k  44.5  32k   0.0
ep 2328000     32548s  mean    214443  max   387084  V    149933  |d|     369    447k mv/s  1024  99.8  2048  99.0  4096  96.1  8192  77.9  16k  46.9  32k   0.0
ep 2330000     32585s  mean    204980  max   387196  V    150791  |d|     370    447k mv/s  1024  99.8  2048  99.0  4096  95.8  8192  76.5  16k  43.0  32k   0.0
ep 2332000     32623s  mean    210453  max   387108  V    150019  |d|     373    447k mv/s  1024  99.8  2048  98.5  4096  94.7  8192  76.9  16k  46.4  32k   0.0
ep 2334000     32661s  mean    211716  max   386628  V    150439  |d|     367    447k mv/s  1024  99.8  2048  98.8  4096  95.5  8192  78.7  16k  46.0  32k   0.0
ep 2336000     32700s  mean    209196  max   387148  V    150360  |d|     374    447k mv/s  1024  99.9  2048  99.2  4096  95.3  8192  76.4  16k  45.5  32k   0.0
ep 2338000     32739s  mean    211620  max   387276  V    150250  |d|     370    447k mv/s  1024  99.8  2048  99.1  4096  95.8  8192  78.2  16k  46.4  32k   0.0
ep 2340000     32779s  mean    209239  max   387684  V    150706  |d|     370    447k mv/s  1024  99.8  2048  98.8  4096  95.8  8192  76.5  16k  45.5  32k   0.0
ep 2342000     32819s  mean    210446  max   532444  V    150694  |d|     371    447k mv/s  1024 100.0  2048  99.0  4096  95.1  8192  78.3  16k  45.1  32k   0.1
ep 2344000     32858s  mean    209661  max   387380  V    150867  |d|     370    447k mv/s  1024  99.7  2048  99.0  4096  95.7  8192  77.7  16k  45.3  32k   0.0
ep 2346000     32895s  mean    207432  max   386876  V    151023  |d|     369    447k mv/s  1024  99.9  2048  99.2  4096  95.6  8192  77.7  16k  44.0  32k   0.0
ep 2348000     32934s  mean    213303  max   386756  V    150398  |d|     372    447k mv/s  1024  99.9  2048  98.8  4096  95.5  8192  78.5  16k  46.1  32k   0.0
ep 2350000     32971s  mean    209074  max   387372  V    150865  |d|     372    446k mv/s  1024 100.0  2048  99.3  4096  96.1  8192  77.1  16k  45.0  32k   0.0
ep 2352000     33008s  mean    212345  max   386832  V    150761  |d|     372    447k mv/s  1024  99.8  2048  99.0  4096  95.5  8192  77.6  16k  46.4  32k   0.0
ep 2354000     33045s  mean    212626  max   388232  V    150915  |d|     371    447k mv/s  1024  99.9  2048  99.3  4096  95.8  8192  78.8  16k  45.4  32k   0.0
ep 2356000     33082s  mean    212385  max   566168  V    151020  |d|     371    447k mv/s  1024 100.0  2048  99.1  4096  96.0  8192  77.8  16k  46.5  32k   0.1
ep 2358000     33121s  mean    211195  max   387288  V    150772  |d|     373    447k mv/s  1024  99.8  2048  98.8  4096  94.9  8192  77.0  16k  45.0  32k   0.0
ep 2360000     33158s  mean    207988  max   387448  V    151505  |d|     370    446k mv/s  1024 100.0  2048  99.3  4096  95.1  8192  77.0  16k  44.0  32k   0.0
ep 2362000     33197s  mean    208903  max   389532  V    151504  |d|     372    446k mv/s  1024  99.9  2048  99.0  4096  95.5  8192  76.6  16k  44.6  32k   0.0
ep 2364000     33236s  mean    208998  max   387000  V    151653  |d|     372    446k mv/s  1024  99.8  2048  99.1  4096  96.0  8192  78.8  16k  44.1  32k   0.0
ep 2366000     33275s  mean    211063  max   387016  V    151534  |d|     370    446k mv/s  1024  99.9  2048  99.2  4096  95.8  8192  78.3  16k  45.4  32k   0.0
ep 2368000     33313s  mean    209139  max   386992  V    151352  |d|     374    446k mv/s  1024  99.9  2048  98.9  4096  96.0  8192  77.5  16k  44.2  32k   0.0
ep 2370000     33351s  mean    210019  max   386892  V    151479  |d|     372    446k mv/s  1024 100.0  2048  98.8  4096  95.5  8192  76.8  16k  45.9  32k   0.0
ep 2372000     33390s  mean    216995  max   386916  V    151311  |d|     369    446k mv/s  1024  99.8  2048  98.8  4096  95.3  8192  80.0  16k  47.5  32k   0.0
ep 2374000     33430s  mean    213808  max   410636  V    151298  |d|     373    446k mv/s  1024  99.9  2048  99.4  4096  96.0  8192  78.1  16k  46.8  32k   0.0
ep 2376000     33471s  mean    209433  max   386924  V    152036  |d|     369    446k mv/s  1024  99.9  2048  98.8  4096  94.5  8192  77.7  16k  45.5  32k   0.0
ep 2378000     33512s  mean    211633  max   511496  V    151622  |d|     373    446k mv/s  1024  99.9  2048  99.2  4096  95.2  8192  76.8  16k  45.6  32k   0.1
ep 2380000     33551s  mean    209228  max   386636  V    152085  |d|     372    446k mv/s  1024  99.8  2048  99.2  4096  96.0  8192  77.0  16k  44.9  32k   0.0
ep 2382000     33589s  mean    215407  max   488840  V    151861  |d|     370    446k mv/s  1024 100.0  2048  99.5  4096  96.2  8192  78.7  16k  47.2  32k   0.1
ep 2384000     33626s  mean    210758  max   387128  V    152141  |d|     370    446k mv/s  1024 100.0  2048  99.0  4096  95.7  8192  78.0  16k  45.5  32k   0.0
ep 2386000     33663s  mean    213101  max   460060  V    152198  |d|     371    446k mv/s  1024  99.8  2048  99.3  4096  96.5  8192  78.2  16k  46.3  32k   0.1
ep 2388000     33699s  mean    207371  max   387308  V    152190  |d|     375    446k mv/s  1024  99.8  2048  99.0  4096  95.2  8192  77.0  16k  43.8  32k   0.0
ep 2390000     33737s  mean    210768  max   387128  V    152354  |d|     370    446k mv/s  1024 100.0  2048  99.2  4096  95.9  8192  77.8  16k  45.1  32k   0.0
ep 2392000     33774s  mean    213178  max   387188  V    152093  |d|     374    446k mv/s  1024  99.8  2048  99.2  4096  96.1  8192  78.8  16k  46.4  32k   0.0
ep 2394000     33812s  mean    209981  max   433484  V    152283  |d|     374    446k mv/s  1024 100.0  2048  99.5  4096  95.8  8192  77.8  16k  44.4  32k   0.0
ep 2396000     33850s  mean    213166  max   387028  V    152390  |d|     370    446k mv/s  1024  99.8  2048  99.1  4096  95.6  8192  78.0  16k  46.4  32k   0.0
ep 2398000     33888s  mean    214145  max   387040  V    152422  |d|     371    446k mv/s  1024  99.8  2048  99.2  4096  96.1  8192  79.0  16k  46.9  32k   0.0
ep 2400000     33928s  mean    214299  max   532364  V    152530  |d|     371    446k mv/s  1024 100.0  2048  99.4  4096  96.5  8192  78.5  16k  46.5  32k   0.1
ep 2402000     33967s  mean    209639  max   387996  V    152379  |d|     373    446k mv/s  1024  99.9  2048  99.0  4096  95.7  8192  76.3  16k  45.1  32k   0.0
ep 2404000     34007s  mean    215248  max   386916  V    152471  |d|     373    446k mv/s  1024  99.9  2048  99.3  4096  96.8  8192  79.5  16k  46.6  32k   0.0
ep 2406000     34046s  mean    215806  max   389144  V    152598  |d|     372    446k mv/s  1024 100.0  2048  99.0  4096  95.7  8192  78.7  16k  47.3  32k   0.0
ep 2408000     34085s  mean    210307  max   462024  V    152925  |d|     374    446k mv/s  1024  99.9  2048  98.9  4096  95.3  8192  76.8  16k  45.5  32k   0.1
ep 2410000     34123s  mean    214163  max   404968  V    152596  |d|     372    446k mv/s  1024 100.0  2048  99.0  4096  95.5  8192  77.7  16k  46.5  32k   0.0
ep 2412000     34162s  mean    214895  max   411492  V    152946  |d|     370    446k mv/s  1024 100.0  2048  99.3  4096  96.5  8192  78.7  16k  46.9  32k   0.0
ep 2414000     34202s  mean    212404  max   389168  V    152931  |d|     373    446k mv/s  1024  99.7  2048  98.8  4096  94.9  8192  78.0  16k  46.0  32k   0.0
checkpoint -> runs/r10_fresh.bin (ep 2414646)
ep 2416000     34241s  mean    210840  max   386944  V    153193  |d|     375    446k mv/s  1024 100.0  2048  99.2  4096  95.3  8192  77.2  16k  45.9  32k   0.0
ep 2418000     34280s  mean    214260  max   387068  V    153030  |d|     374    446k mv/s  1024 100.0  2048  99.3  4096  95.3  8192  79.2  16k  46.5  32k   0.0
ep 2420000     34319s  mean    208348  max   540456  V    153440  |d|     374    446k mv/s  1024 100.0  2048  99.1  4096  95.2  8192  77.1  16k  44.6  32k   0.1
ep 2422000     34356s  mean    207129  max   387100  V    153233  |d|     375    446k mv/s  1024  99.9  2048  99.1  4096  94.8  8192  77.3  16k  44.0  32k   0.0
ep 2424000     34393s  mean    211994  max   388088  V    153412  |d|     371    446k mv/s  1024  99.9  2048  99.0  4096  95.9  8192  78.3  16k  45.4  32k   0.0
ep 2426000     34430s  mean    209400  max   386824  V    153411  |d|     374    446k mv/s  1024  99.8  2048  99.4  4096  95.2  8192  77.0  16k  44.4  32k   0.0
ep 2428000     34468s  mean    216933  max   386944  V    153006  |d|     376    446k mv/s  1024 100.0  2048  99.5  4096  96.2  8192  80.2  16k  46.9  32k   0.0
ep 2430000     34507s  mean    218501  max   387152  V    153050  |d|     375    446k mv/s  1024  99.8  2048  99.2  4096  96.2  8192  80.8  16k  48.1  32k   0.0
ep 2432000     34546s  mean    215826  max   417824  V    153795  |d|     370    446k mv/s  1024 100.0  2048  99.0  4096  95.3  8192  79.5  16k  46.8  32k   0.0
ep 2434000     34584s  mean    212563  max   531020  V    153352  |d|     375    446k mv/s  1024  99.8  2048  98.8  4096  95.5  8192  78.8  16k  45.8  32k   0.1
ep 2436000     34622s  mean    214308  max   387064  V    153817  |d|     371    446k mv/s  1024  99.8  2048  99.1  4096  96.0  8192  78.2  16k  47.1  32k   0.0
ep 2438000     34658s  mean    213406  max   387320  V    153960  |d|     372    446k mv/s  1024  99.8  2048  99.1  4096  95.2  8192  78.0  16k  47.4  32k   0.0
ep 2440000     34694s  mean    207035  max   387028  V    153794  |d|     376    446k mv/s  1024  99.8  2048  98.8  4096  94.3  8192  75.5  16k  44.5  32k   0.0
ep 2442000     34732s  mean    213457  max   386060  V    153666  |d|     373    446k mv/s  1024  99.9  2048  99.0  4096  95.6  8192  78.0  16k  46.2  32k   0.0
ep 2444000     34769s  mean    212875  max   387324  V    153839  |d|     374    446k mv/s  1024  99.9  2048  99.1  4096  95.6  8192  77.8  16k  46.6  32k   0.0
ep 2446000     34807s  mean    212483  max   489580  V    154154  |d|     371    446k mv/s  1024 100.0  2048  99.0  4096  95.5  8192  77.8  16k  46.0  32k   0.1
ep 2448000     34843s  mean    215072  max   402696  V    154171  |d|     371    446k mv/s  1024  99.8  2048  98.8  4096  95.4  8192  77.4  16k  47.3  32k   0.0
ep 2450000     34879s  mean    213548  max   386676  V    154064  |d|     375    446k mv/s  1024 100.0  2048  99.0  4096  95.2  8192  78.2  16k  45.9  32k   0.0
ep 2452000     34916s  mean    214397  max   386552  V    154268  |d|     373    446k mv/s  1024  99.9  2048  99.0  4096  94.8  8192  78.8  16k  47.1  32k   0.0
ep 2454000     34952s  mean    214584  max   387260  V    154112  |d|     375    446k mv/s  1024  99.9  2048  99.5  4096  95.8  8192  77.6  16k  47.8  32k   0.0
ep 2456000     34987s  mean    211892  max   386956  V    154441  |d|     372    446k mv/s  1024 100.0  2048  99.0  4096  95.2  8192  77.3  16k  45.7  32k   0.0
ep 2458000     35023s  mean    213432  max   386780  V    154296  |d|     374    446k mv/s  1024  99.7  2048  98.9  4096  95.9  8192  78.8  16k  46.6  32k   0.0
ep 2460000     35058s  mean    213617  max   387220  V    154736  |d|     370    446k mv/s  1024 100.0  2048  99.5  4096  96.3  8192  78.3  16k  45.6  32k   0.0
ep 2462000     35094s  mean    214554  max   484020  V    154157  |d|     374    446k mv/s  1024 100.0  2048  98.9  4096  95.2  8192  78.6  16k  46.8  32k   0.1
ep 2464000     35131s  mean    214565  max   386636  V    154578  |d|     373    446k mv/s  1024 100.0  2048  99.3  4096  96.1  8192  78.8  16k  46.2  32k   0.0
ep 2466000     35166s  mean    212042  max   387336  V    154724  |d|     375    446k mv/s  1024 100.0  2048  99.2  4096  95.2  8192  77.7  16k  46.0  32k   0.0
ep 2468000     35202s  mean    213472  max   432652  V    154572  |d|     374    446k mv/s  1024  99.7  2048  98.8  4096  95.0  8192  77.5  16k  47.3  32k   0.0
ep 2470000     35239s  mean    215019  max   386996  V    154463  |d|     372    446k mv/s  1024 100.0  2048  99.2  4096  96.3  8192  78.8  16k  46.4  32k   0.0
ep 2472000     35275s  mean    213680  max   389016  V    154860  |d|     374    446k mv/s  1024  99.8  2048  98.8  4096  95.1  8192  78.5  16k  47.3  32k   0.0
ep 2474000     35312s  mean    215444  max   387316  V    154803  |d|     375    446k mv/s  1024  99.8  2048  99.0  4096  96.5  8192  80.0  16k  47.5  32k   0.0
ep 2476000     35349s  mean    218039  max   532872  V    154772  |d|     373    446k mv/s  1024 100.0  2048  99.1  4096  95.7  8192  80.0  16k  48.2  32k   0.1
ep 2478000     35387s  mean    216121  max   387108  V    154563  |d|     377    446k mv/s  1024 100.0  2048  99.0  4096  95.5  8192  79.1  16k  47.5  32k   0.0
ep 2480000     35423s  mean    210848  max   387012  V    154941  |d|     373    446k mv/s  1024  99.8  2048  99.0  4096  95.4  8192  77.8  16k  45.9  32k   0.0
ep 2482000     35459s  mean    215683  max   387040  V    154882  |d|     375    446k mv/s  1024  99.8  2048  99.4  4096  95.5  8192  78.3  16k  47.1  32k   0.0
ep 2484000     35495s  mean    215233  max   387232  V    155055  |d|     375    446k mv/s  1024 100.0  2048  99.2  4096  96.1  8192  79.0  16k  47.3  32k   0.0
ep 2486000     35532s  mean    214104  max   472252  V    155293  |d|     373    446k mv/s  1024 100.0  2048  99.2  4096  95.8  8192  77.2  16k  47.0  32k   0.1
ep 2488000     35569s  mean    217156  max   386908  V    155087  |d|     372    447k mv/s  1024 100.0  2048  99.0  4096  95.8  8192  79.0  16k  47.6  32k   0.0
ep 2490000     35605s  mean    218575  max   469088  V    155070  |d|     376    447k mv/s  1024  99.9  2048  99.2  4096  95.8  8192  80.2  16k  48.5  32k   0.1
ep 2492000     35643s  mean    219723  max   522888  V    155184  |d|     372    447k mv/s  1024  99.8  2048  99.3  4096  96.0  8192  79.2  16k  49.0  32k   0.1
ep 2494000     35680s  mean    212514  max   386732  V    155125  |d|     375    447k mv/s  1024  99.8  2048  99.0  4096  94.5  8192  76.5  16k  46.9  32k   0.0
ep 2496000     35716s  mean    215678  max   536056  V    154996  |d|     376    447k mv/s  1024  99.8  2048  99.1  4096  94.7  8192  77.7  16k  47.1  32k   0.1
ep 2498000     35753s  mean    216531  max   387256  V    155411  |d|     375    447k mv/s  1024  99.8  2048  99.0  4096  95.7  8192  79.0  16k  47.0  32k   0.0
ep 2500000     35790s  mean    217943  max   386992  V    155679  |d|     374    447k mv/s  1024  99.9  2048  99.2  4096  95.9  8192  78.8  16k  48.6  32k   0.0
ep 2502000     35826s  mean    216709  max   467544  V    155601  |d|     373    447k mv/s  1024 100.0  2048  99.2  4096  96.5  8192  79.3  16k  47.4  32k   0.1
ep 2504000     35862s  mean    216518  max   389324  V    155517  |d|     375    447k mv/s  1024  99.8  2048  99.0  4096  95.6  8192  79.2  16k  48.6  32k   0.0
ep 2506000     35899s  mean    216603  max   468716  V    155902  |d|     371    447k mv/s  1024  99.8  2048  99.5  4096  96.5  8192  79.4  16k  47.5  32k   0.1
ep 2508000     35935s  mean    214420  max   387132  V    155832  |d|     373    447k mv/s  1024 100.0  2048  99.0  4096  95.6  8192  77.7  16k  46.4  32k   0.0
ep 2510000     35972s  mean    218869  max   386756  V    155991  |d|     374    447k mv/s  1024  99.9  2048  99.3  4096  96.2  8192  80.7  16k  48.1  32k   0.0
ep 2512000     36009s  mean    215192  max   419192  V    156240  |d|     371    447k mv/s  1024  99.8  2048  99.1  4096  96.3  8192  79.5  16k  46.0  32k   0.0
checkpoint -> runs/r10_fresh.bin (ep 2512389)
ep 2514000     36045s  mean    215834  max   387112  V    155924  |d|     373    447k mv/s  1024  99.9  2048  99.0  4096  96.0  8192  79.0  16k  47.1  32k   0.0
ep 2516000     36082s  mean    217513  max   409016  V    156199  |d|     373    447k mv/s  1024  99.8  2048  99.2  4096  96.0  8192  79.5  16k  48.1  32k   0.0
ep 2518000     36118s  mean    213604  max   387160  V    156197  |d|     375    447k mv/s  1024  99.8  2048  98.8  4096  95.7  8192  77.3  16k  46.6  32k   0.0
ep 2520000     36154s  mean    216229  max   387200  V    156297  |d|     376    447k mv/s  1024  99.8  2048  99.2  4096  95.6  8192  80.3  16k  47.0  32k   0.0
ep 2522000     36190s  mean    217296  max   389996  V    156087  |d|     374    447k mv/s  1024  99.8  2048  99.1  4096  95.5  8192  78.3  16k  48.9  32k   0.0
ep 2524000     36226s  mean    217703  max   387020  V    156025  |d|     376    447k mv/s  1024  99.8  2048  99.3  4096  96.3  8192  79.0  16k  47.1  32k   0.0
ep 2526000     36262s  mean    215944  max   387048  V    156647  |d|     374    447k mv/s  1024 100.0  2048  99.0  4096  95.3  8192  78.3  16k  48.8  32k   0.0
ep 2528000     36299s  mean    221821  max   500000  V    156317  |d|     375    447k mv/s  1024 100.0  2048  99.2  4096  96.8  8192  80.5  16k  50.5  32k   0.1
ep 2530000     36334s  mean    214014  max   389212  V    156430  |d|     377    447k mv/s  1024  99.9  2048  99.1  4096  95.3  8192  77.3  16k  46.4  32k   0.0
ep 2532000     36370s  mean    216133  max   489664  V    156657  |d|     374    447k mv/s  1024  99.8  2048  98.9  4096  95.3  8192  78.4  16k  47.9  32k   0.1
ep 2534000     36406s  mean    214933  max   387008  V    156845  |d|     374    447k mv/s  1024 100.0  2048  98.8  4096  95.6  8192  78.1  16k  46.9  32k   0.0
ep 2536000     36443s  mean    219349  max   405164  V    156583  |d|     374    447k mv/s  1024  99.9  2048  99.0  4096  95.5  8192  80.4  16k  49.3  32k   0.0
ep 2538000     36479s  mean    218452  max   389288  V    156686  |d|     372    447k mv/s  1024 100.0  2048  99.2  4096  95.3  8192  79.6  16k  48.0  32k   0.0
ep 2540000     36515s  mean    215121  max   503020  V    156908  |d|     374    447k mv/s  1024  99.8  2048  98.7  4096  94.7  8192  78.6  16k  46.4  32k   0.1
ep 2542000     36551s  mean    217513  max   461652  V    157028  |d|     373    447k mv/s  1024  99.9  2048  99.2  4096  96.3  8192  80.2  16k  47.5  32k   0.1
ep 2544000     36587s  mean    215336  max   387168  V    156991  |d|     376    447k mv/s  1024  99.8  2048  98.8  4096  95.0  8192  77.8  16k  48.5  32k   0.0
ep 2546000     36623s  mean    215940  max   387032  V    157069  |d|     373    447k mv/s  1024  99.9  2048  99.0  4096  96.0  8192  77.7  16k  47.9  32k   0.0
ep 2548000     36659s  mean    213854  max   386384  V    157344  |d|     374    447k mv/s  1024  99.8  2048  99.0  4096  95.8  8192  76.9  16k  47.1  32k   0.0
ep 2550000     36696s  mean    216367  max   473224  V    157184  |d|     376    447k mv/s  1024  99.9  2048  98.8  4096  95.3  8192  79.5  16k  47.5  32k   0.1
ep 2552000     36732s  mean    210059  max   386672  V    157535  |d|     376    447k mv/s  1024  99.9  2048  98.8  4096  95.2  8192  77.3  16k  45.5  32k   0.0
ep 2554000     36769s  mean    217782  max   480076  V    157125  |d|     377    447k mv/s  1024 100.0  2048  98.8  4096  95.8  8192  79.2  16k  48.3  32k   0.0
ep 2556000     36806s  mean    219926  max   387344  V    157391  |d|     373    447k mv/s  1024 100.0  2048  99.2  4096  96.4  8192  79.7  16k  49.4  32k   0.0
ep 2558000     36842s  mean    215715  max   387036  V    157299  |d|     377    447k mv/s  1024 100.0  2048  99.1  4096  96.0  8192  78.2  16k  47.2  32k   0.0
ep 2560000     36879s  mean    215732  max   408600  V    157513  |d|     376    447k mv/s  1024  99.8  2048  99.0  4096  95.5  8192  77.8  16k  47.6  32k   0.0
ep 2562000     36915s  mean    218547  max   536472  V    157390  |d|     376    447k mv/s  1024 100.0  2048  99.2  4096  95.9  8192  79.3  16k  48.1  32k   0.1
ep 2564000     36951s  mean    215727  max   387308  V    157419  |d|     378    447k mv/s  1024  99.8  2048  99.0  4096  95.6  8192  78.0  16k  47.2  32k   0.0
ep 2566000     36989s  mean    218761  max   600984  V    157542  |d|     375    447k mv/s  1024 100.0  2048  99.3  4096  95.5  8192  79.2  16k  49.1  32k   0.1
ep 2568000     37025s  mean    215681  max   386884  V    157988  |d|     374    447k mv/s  1024  99.9  2048  98.8  4096  95.5  8192  79.4  16k  47.9  32k   0.0
ep 2570000     37062s  mean    218634  max   486600  V    157636  |d|     374    447k mv/s  1024 100.0  2048  99.3  4096  96.8  8192  80.2  16k  47.1  32k   0.1
ep 2572000     37099s  mean    218793  max   390296  V    157774  |d|     375    447k mv/s  1024  99.9  2048  99.2  4096  96.5  8192  79.4  16k  48.1  32k   0.0
ep 2574000     37135s  mean    218683  max   512236  V    157436  |d|     379    447k mv/s  1024  99.8  2048  99.0  4096  95.1  8192  78.3  16k  48.7  32k   0.1
ep 2576000     37173s  mean    219563  max   387208  V    158247  |d|     372    447k mv/s  1024  99.8  2048  99.0  4096  95.8  8192  80.4  16k  48.3  32k   0.0
ep 2578000     37210s  mean    217971  max   387096  V    157880  |d|     373    447k mv/s  1024  99.8  2048  99.2  4096  95.8  8192  78.8  16k  47.9  32k   0.0
ep 2580000     37247s  mean    219464  max   393072  V    158233  |d|     372    448k mv/s  1024  99.8  2048  99.0  4096  95.3  8192  80.2  16k  48.9  32k   0.0
ep 2582000     37283s  mean    215011  max   526032  V    158135  |d|     378    448k mv/s  1024  99.9  2048  99.2  4096  96.0  8192  78.5  16k  46.6  32k   0.1
ep 2584000     37320s  mean    217787  max   460048  V    158053  |d|     374    448k mv/s  1024 100.0  2048  99.0  4096  94.8  8192  78.0  16k  48.5  32k   0.1
ep 2586000     37357s  mean    218173  max   393908  V    158223  |d|     376    448k mv/s  1024 100.0  2048  99.3  4096  96.3  8192  78.8  16k  48.1  32k   0.0
ep 2588000     37394s  mean    217015  max   389012  V    158299  |d|     375    448k mv/s  1024  99.9  2048  99.1  4096  95.8  8192  78.8  16k  48.0  32k   0.0
ep 2590000     37431s  mean    217347  max   464680  V    158538  |d|     372    448k mv/s  1024  99.8  2048  99.3  4096  96.2  8192  78.3  16k  48.1  32k   0.1
ep 2592000     37468s  mean    217236  max   507544  V    158686  |d|     375    448k mv/s  1024 100.0  2048  99.3  4096  95.5  8192  79.0  16k  47.5  32k   0.1
ep 2594000     37504s  mean    215445  max   512140  V    158499  |d|     378    448k mv/s  1024 100.0  2048  99.3  4096  95.8  8192  79.0  16k  47.4  32k   0.1
ep 2596000     37541s  mean    215265  max   468088  V    158967  |d|     374    448k mv/s  1024  99.8  2048  99.0  4096  95.8  8192  78.1  16k  47.1  32k   0.1
ep 2598000     37578s  mean    215470  max   490376  V    158865  |d|     377    448k mv/s  1024  99.8  2048  99.2  4096  96.1  8192  79.0  16k  46.1  32k   0.1
ep 2600000     37615s  mean    219457  max   386976  V    158527  |d|     378    448k mv/s  1024  99.9  2048  98.9  4096  95.8  8192  80.2  16k  48.6  32k   0.0
ep 2602000     37653s  mean    218581  max   492348  V    158787  |d|     375    448k mv/s  1024  99.9  2048  99.3  4096  95.3  8192  78.8  16k  49.3  32k   0.1
ep 2604000     37691s  mean    214217  max   553004  V    159200  |d|     375    448k mv/s  1024 100.0  2048  99.0  4096  95.4  8192  78.0  16k  47.1  32k   0.1
ep 2606000     37728s  mean    218377  max   386700  V    159051  |d|     374    448k mv/s  1024 100.0  2048  99.1  4096  95.5  8192  78.5  16k  48.9  32k   0.0
ep 2608000     37765s  mean    215564  max   388484  V    158806  |d|     378    448k mv/s  1024 100.0  2048  99.3  4096  96.0  8192  78.4  16k  48.0  32k   0.0
ep 2610000     37803s  mean    218147  max   386932  V    158916  |d|     377    448k mv/s  1024  99.8  2048  99.2  4096  95.5  8192  77.8  16k  48.8  32k   0.0
checkpoint -> runs/r10_fresh.bin (ep 2610732)
ep 2612000     37840s  mean    218129  max   397928  V    159124  |d|     375    448k mv/s  1024  99.9  2048  99.0  4096  95.4  8192  78.1  16k  48.1  32k   0.0
ep 2614000     37876s  mean    215236  max   388000  V    159143  |d|     376    448k mv/s  1024 100.0  2048  99.4  4096  95.2  8192  77.9  16k  47.0  32k   0.0
ep 2616000     37913s  mean    216280  max   388824  V    159328  |d|     374    448k mv/s  1024 100.0  2048  99.0  4096  96.0  8192  78.6  16k  47.0  32k   0.0
ep 2618000     37950s  mean    219769  max   460152  V    159018  |d|     375    448k mv/s  1024  99.8  2048  98.7  4096  95.3  8192  78.9  16k  48.8  32k   0.1
ep 2620000     37986s  mean    216964  max   387032  V    159360  |d|     377    448k mv/s  1024  99.9  2048  99.3  4096  95.9  8192  79.0  16k  46.5  32k   0.0
ep 2622000     38024s  mean    220954  max   387128  V    159236  |d|     376    448k mv/s  1024  99.8  2048  99.2  4096  96.2  8192  79.8  16k  49.6  32k   0.0
ep 2624000     38062s  mean    218429  max   386976  V    159606  |d|     376    448k mv/s  1024  99.9  2048  99.0  4096  95.7  8192  79.7  16k  48.5  32k   0.0
ep 2626000     38099s  mean    217153  max   540052  V    159291  |d|     377    448k mv/s  1024 100.0  2048  99.3  4096  94.7  8192  78.2  16k  47.6  32k   0.1
ep 2628000     38136s  mean    217422  max   387272  V    159481  |d|     377    448k mv/s  1024 100.0  2048  99.2  4096  96.3  8192  79.1  16k  47.7  32k   0.0
ep 2630000     38174s  mean    218632  max   533244  V    159593  |d|     378    448k mv/s  1024  99.8  2048  99.0  4096  95.7  8192  79.4  16k  48.5  32k   0.1
ep 2632000     38211s  mean    220450  max   387068  V    159652  |d|     378    448k mv/s  1024  99.8  2048  98.6  4096  95.4  8192  79.7  16k  49.3  32k   0.0
ep 2634000     38248s  mean    217601  max   491812  V    159829  |d|     375    448k mv/s  1024  99.9  2048  99.0  4096  95.7  8192  79.2  16k  47.0  32k   0.1
ep 2636000     38286s  mean    218408  max   387056  V    159646  |d|     379    448k mv/s  1024  99.8  2048  99.2  4096  96.5  8192  79.7  16k  47.8  32k   0.0
ep 2638000     38324s  mean    221319  max   387092  V    159577  |d|     377    448k mv/s  1024  99.9  2048  99.2  4096  96.4  8192  80.3  16k  49.2  32k   0.0
ep 2640000     38359s  mean    218223  max   386756  V    159904  |d|     375    448k mv/s  1024  99.8  2048  98.8  4096  95.3  8192  78.8  16k  48.6  32k   0.0
ep 2642000     38396s  mean    215180  max   497900  V    160184  |d|     377    448k mv/s  1024  99.9  2048  98.8  4096  95.3  8192  77.8  16k  47.2  32k   0.1
ep 2644000     38431s  mean    218712  max   497912  V    159679  |d|     381    448k mv/s  1024 100.0  2048  99.2  4096  96.2  8192  78.8  16k  47.8  32k   0.0
ep 2646000     38468s  mean    218682  max   386984  V    159773  |d|     379    448k mv/s  1024  99.8  2048  99.3  4096  96.2  8192  79.0  16k  47.9  32k   0.0
ep 2648000     38505s  mean    217624  max   409508  V    160286  |d|     377    448k mv/s  1024  99.9  2048  99.2  4096  95.7  8192  79.5  16k  48.0  32k   0.0
ep 2650000     38542s  mean    219838  max   387232  V    160154  |d|     374    448k mv/s  1024  99.8  2048  98.8  4096  95.3  8192  79.0  16k  48.3  32k   0.0
ep 2652000     38577s  mean    212656  max   386868  V    160827  |d|     373    448k mv/s  1024  99.8  2048  99.2  4096  95.8  8192  77.0  16k  46.4  32k   0.0
ep 2654000     38613s  mean    221502  max   386640  V    160294  |d|     374    448k mv/s  1024 100.0  2048  99.2  4096  95.8  8192  80.4  16k  49.4  32k   0.0
ep 2656000     38649s  mean    216448  max   397824  V    160424  |d|     380    448k mv/s  1024  99.9  2048  99.2  4096  96.2  8192  78.2  16k  48.0  32k   0.0
ep 2658000     38685s  mean    219401  max   490124  V    160278  |d|     378    448k mv/s  1024  99.8  2048  99.0  4096  96.1  8192  79.5  16k  49.1  32k   0.1
ep 2660000     38721s  mean    220057  max   386948  V    160332  |d|     375    448k mv/s  1024  99.8  2048  99.2  4096  95.5  8192  78.3  16k  49.0  32k   0.0
ep 2662000     38758s  mean    221147  max   473560  V    160210  |d|     377    448k mv/s  1024 100.0  2048  99.1  4096  96.1  8192  79.3  16k  49.0  32k   0.1
ep 2664000     38794s  mean    217308  max   386856  V    160440  |d|     377    448k mv/s  1024  99.8  2048  98.7  4096  95.3  8192  77.9  16k  47.2  32k   0.0
ep 2666000     38832s  mean    218662  max   387140  V    160856  |d|     378    448k mv/s  1024 100.0  2048  99.5  4096  96.9  8192  81.4  16k  47.1  32k   0.0
ep 2668000     38870s  mean    223431  max   387348  V    160474  |d|     375    448k mv/s  1024 100.0  2048  99.0  4096  96.2  8192  80.5  16k  50.6  32k   0.0
ep 2670000     38908s  mean    215918  max   530816  V    160721  |d|     379    448k mv/s  1024 100.0  2048  99.4  4096  96.0  8192  78.8  16k  46.6  32k   0.1
ep 2672000     38947s  mean    223491  max   387308  V    160628  |d|     376    448k mv/s  1024  99.9  2048  99.3  4096  95.8  8192  80.5  16k  50.6  32k   0.0
ep 2674000     38984s  mean    219652  max   471120  V    160600  |d|     378    448k mv/s  1024  99.8  2048  99.2  4096  96.1  8192  78.3  16k  49.0  32k   0.1
ep 2676000     39022s  mean    220708  max   410596  V    160983  |d|     375    448k mv/s  1024 100.0  2048  99.0  4096  95.5  8192  79.6  16k  49.1  32k   0.0
ep 2678000     39059s  mean    217474  max   409388  V    160903  |d|     378    448k mv/s  1024 100.0  2048  99.0  4096  95.3  8192  77.8  16k  48.4  32k   0.0
ep 2680000     39097s  mean    220605  max   387344  V    160551  |d|     378    448k mv/s  1024  99.7  2048  99.0  4096  95.2  8192  79.5  16k  49.1  32k   0.0
ep 2682000     39135s  mean    218505  max   529396  V    161028  |d|     378    448k mv/s  1024  99.9  2048  99.4  4096  95.6  8192  79.3  16k  48.1  32k   0.1
ep 2684000     39172s  mean    217874  max   386840  V    160981  |d|     378    448k mv/s  1024 100.0  2048  99.0  4096  95.7  8192  79.3  16k  48.5  32k   0.0
ep 2686000     39209s  mean    217076  max   387384  V    161037  |d|     380    448k mv/s  1024  99.8  2048  99.2  4096  95.9  8192  78.7  16k  47.3  32k   0.0
ep 2688000     39246s  mean    221108  max   465772  V    160916  |d|     378    448k mv/s  1024 100.0  2048  99.3  4096  96.1  8192  79.0  16k  49.1  32k   0.1
ep 2690000     39283s  mean    221149  max   387316  V    161154  |d|     378    448k mv/s  1024 100.0  2048  99.4  4096  95.7  8192  79.6  16k  49.2  32k   0.0
ep 2692000     39320s  mean    222633  max   387348  V    160893  |d|     377    448k mv/s  1024 100.0  2048  99.1  4096  96.0  8192  79.5  16k  50.1  32k   0.0
ep 2694000     39357s  mean    220224  max   387260  V    161124  |d|     380    448k mv/s  1024  99.9  2048  98.8  4096  95.6  8192  79.8  16k  49.1  32k   0.0
ep 2696000     39395s  mean    222277  max   532100  V    161227  |d|     375    448k mv/s  1024 100.0  2048  99.0  4096  96.2  8192  80.2  16k  49.7  32k   0.1
ep 2698000     39432s  mean    217479  max   411288  V    161698  |d|     377    448k mv/s  1024 100.0  2048  99.5  4096  96.0  8192  79.0  16k  48.5  32k   0.0
ep 2700000     39469s  mean    223305  max   509152  V    161215  |d|     376    448k mv/s  1024  99.8  2048  99.0  4096  96.1  8192  79.3  16k  50.3  32k   0.1
ep 2702000     39507s  mean    219604  max   387352  V    161670  |d|     377    448k mv/s  1024  99.8  2048  99.0  4096  96.1  8192  78.8  16k  49.0  32k   0.0
ep 2704000     39544s  mean    222064  max   387292  V    161668  |d|     375    449k mv/s  1024 100.0  2048  99.0  4096  96.0  8192  79.5  16k  50.2  32k   0.0
ep 2706000     39581s  mean    222654  max   533012  V    161532  |d|     379    449k mv/s  1024  99.8  2048  99.0  4096  95.8  8192  80.5  16k  50.3  32k   0.1
checkpoint -> runs/r10_fresh.bin (ep 2707952)
ep 2708000     39618s  mean    220828  max   551160  V    161767  |d|     377    449k mv/s  1024  99.9  2048  98.8  4096  96.6  8192  78.8  16k  49.2  32k   0.1
ep 2710000     39655s  mean    220804  max   387192  V    161614  |d|     377    449k mv/s  1024 100.0  2048  98.8  4096  95.7  8192  79.2  16k  49.4  32k   0.0
ep 2712000     39694s  mean    217909  max   388300  V    161654  |d|     380    449k mv/s  1024  99.9  2048  99.2  4096  95.4  8192  79.2  16k  47.9  32k   0.0
ep 2714000     39732s  mean    218406  max   510744  V    161828  |d|     378    449k mv/s  1024 100.0  2048  99.0  4096  95.2  8192  77.5  16k  48.5  32k   0.1
ep 2716000     39768s  mean    218457  max   487360  V    162082  |d|     379    449k mv/s  1024  99.8  2048  99.1  4096  96.2  8192  78.8  16k  48.6  32k   0.1
ep 2718000     39805s  mean    219731  max   387184  V    162245  |d|     375    449k mv/s  1024  99.8  2048  98.9  4096  95.8  8192  79.1  16k  49.2  32k   0.0
ep 2720000     39843s  mean    220484  max   387096  V    161939  |d|     378    449k mv/s  1024  99.9  2048  99.2  4096  95.8  8192  79.5  16k  49.6  32k   0.0
ep 2722000     39881s  mean    223421  max   386852  V    162374  |d|     372    449k mv/s  1024 100.0  2048  99.1  4096  95.7  8192  79.0  16k  51.1  32k   0.0
ep 2724000     39919s  mean    221790  max   496260  V    162232  |d|     377    449k mv/s  1024 100.0  2048  99.2  4096  96.6  8192  78.7  16k  49.2  32k   0.1
ep 2726000     39956s  mean    217550  max   464228  V    162499  |d|     377    449k mv/s  1024  99.8  2048  98.9  4096  95.0  8192  78.3  16k  48.2  32k   0.1
ep 2728000     39994s  mean    224044  max   486144  V    162102  |d|     378    449k mv/s  1024  99.9  2048  99.7  4096  96.8  8192  80.0  16k  50.5  32k   0.1
ep 2730000     40032s  mean    223978  max   461788  V    162213  |d|     377    449k mv/s  1024 100.0  2048  99.1  4096  95.7  8192  79.7  16k  50.8  32k   0.1
ep 2732000     40069s  mean    222096  max   533068  V    162293  |d|     379    449k mv/s  1024  99.9  2048  99.5  4096  96.5  8192  79.3  16k  50.0  32k   0.1
ep 2734000     40106s  mean    222457  max   534684  V    162062  |d|     379    449k mv/s  1024 100.0  2048  99.2  4096  95.9  8192  80.3  16k  49.0  32k   0.1
ep 2736000     40144s  mean    223559  max   472852  V    162366  |d|     378    449k mv/s  1024  99.8  2048  99.3  4096  96.0  8192  81.9  16k  50.5  32k   0.1
ep 2738000     40182s  mean    220922  max   386772  V    162572  |d|     377    449k mv/s  1024 100.0  2048  99.0  4096  95.8  8192  78.8  16k  48.5  32k   0.0
ep 2740000     40218s  mean    220173  max   507428  V    162601  |d|     377    449k mv/s  1024  99.8  2048  99.1  4096  95.3  8192  79.3  16k  49.4  32k   0.1
ep 2742000     40254s  mean    218058  max   488296  V    163022  |d|     376    449k mv/s  1024 100.0  2048  98.8  4096  95.4  8192  78.6  16k  48.1  32k   0.1
ep 2744000     40292s  mean    223870  max   387168  V    162600  |d|     375    449k mv/s  1024  99.9  2048  99.2  4096  95.8  8192  80.1  16k  50.1  32k   0.0
ep 2746000     40328s  mean    216100  max   387532  V    163169  |d|     376    449k mv/s  1024  99.8  2048  98.8  4096  95.7  8192  77.7  16k  46.5  32k   0.0
ep 2748000     40364s  mean    221545  max   387316  V    162920  |d|     375    449k mv/s  1024  99.9  2048  99.0  4096  95.7  8192  78.5  16k  50.5  32k   0.0
ep 2750000     40401s  mean    222601  max   506540  V    162796  |d|     377    449k mv/s  1024 100.0  2048  99.1  4096  96.0  8192  79.5  16k  49.8  32k   0.1
ep 2752000     40437s  mean    222901  max   387412  V    162677  |d|     377    449k mv/s  1024 100.0  2048  99.0  4096  95.2  8192  78.6  16k  50.0  32k   0.0
ep 2754000     40474s  mean    222480  max   514600  V    162903  |d|     379    449k mv/s  1024  99.8  2048  99.0  4096  96.2  8192  79.4  16k  50.3  32k   0.1
ep 2756000     40513s  mean    222504  max   387492  V    162870  |d|     380    449k mv/s  1024 100.0  2048  99.0  4096  96.2  8192  79.8  16k  50.0  32k   0.0
ep 2758000     40551s  mean    221872  max   508600  V    163420  |d|     377    449k mv/s  1024 100.0  2048  99.3  4096  96.5  8192  79.5  16k  49.9  32k   0.1
ep 2760000     40589s  mean    222250  max   397772  V    163189  |d|     378    449k mv/s  1024 100.0  2048  99.0  4096  96.5  8192  79.2  16k  50.2  32k   0.0
ep 2762000     40626s  mean    219441  max   469080  V    163296  |d|     378    449k mv/s  1024 100.0  2048  99.2  4096  96.4  8192  79.1  16k  47.9  32k   0.1
ep 2764000     40665s  mean    224675  max   397272  V    162937  |d|     380    449k mv/s  1024 100.0  2048  99.3  4096  96.0  8192  79.8  16k  50.6  32k   0.0
ep 2766000     40703s  mean    223923  max   504320  V    163351  |d|     379    449k mv/s  1024  99.8  2048  99.2  4096  95.5  8192  80.5  16k  50.6  32k   0.1
ep 2768000     40740s  mean    220927  max   477892  V    163582  |d|     378    449k mv/s  1024 100.0  2048  99.2  4096  96.1  8192  80.3  16k  48.5  32k   0.1
ep 2770000     40777s  mean    218823  max   428128  V    163472  |d|     380    449k mv/s  1024 100.0  2048  99.0  4096  95.2  8192  79.6  16k  48.1  32k   0.0
ep 2772000     40815s  mean    222048  max   386576  V    163508  |d|     378    449k mv/s  1024 100.0  2048  99.2  4096  95.6  8192  79.7  16k  49.2  32k   0.0
ep 2774000     40852s  mean    222841  max   511252  V    163338  |d|     380    449k mv/s  1024  99.8  2048  98.7  4096  95.2  8192  79.4  16k  50.5  32k   0.1
ep 2776000     40890s  mean    223405  max   387316  V    163366  |d|     377    449k mv/s  1024  99.9  2048  99.0  4096  95.7  8192  79.5  16k  50.8  32k   0.0
ep 2778000     40928s  mean    223585  max   387040  V    163618  |d|     378    449k mv/s  1024 100.0  2048  99.0  4096  96.6  8192  80.4  16k  50.2  32k   0.0
ep 2780000     40966s  mean    221693  max   400616  V    163639  |d|     378    449k mv/s  1024  99.9  2048  99.1  4096  95.7  8192  78.7  16k  49.1  32k   0.0
ep 2782000     41004s  mean    224452  max   509112  V    163609  |d|     378    449k mv/s  1024  99.9  2048  99.2  4096  96.5  8192  80.4  16k  50.5  32k   0.1
ep 2784000     41041s  mean    221847  max   478372  V    163831  |d|     379    449k mv/s  1024  99.8  2048  98.7  4096  95.6  8192  80.0  16k  49.1  32k   0.1
ep 2786000     41078s  mean    221984  max   387452  V    163948  |d|     376    449k mv/s  1024  99.9  2048  99.3  4096  96.0  8192  78.6  16k  49.5  32k   0.0
ep 2788000     41115s  mean    221921  max   387284  V    164073  |d|     382    449k mv/s  1024  99.9  2048  99.3  4096  95.8  8192  79.7  16k  50.3  32k   0.0
ep 2790000     41152s  mean    222857  max   386976  V    163854  |d|     380    449k mv/s  1024  99.8  2048  99.0  4096  95.5  8192  78.8  16k  50.9  32k   0.0
ep 2792000     41190s  mean    219834  max   481760  V    164022  |d|     379    449k mv/s  1024  99.8  2048  99.2  4096  95.8  8192  79.0  16k  48.4  32k   0.1
ep 2794000     41230s  mean    222927  max   398108  V    164261  |d|     374    449k mv/s  1024 100.0  2048  99.0  4096  95.8  8192  78.8  16k  50.2  32k   0.0
ep 2796000     41268s  mean    222045  max   386792  V    164015  |d|     381    449k mv/s  1024 100.0  2048  99.5  4096  96.5  8192  79.8  16k  48.8  32k   0.0
ep 2798000     41307s  mean    223054  max   387376  V    163892  |d|     378    449k mv/s  1024 100.0  2048  98.8  4096  96.0  8192  78.8  16k  50.2  32k   0.0
ep 2800000     41346s  mean    224870  max   386960  V    164146  |d|     377    449k mv/s  1024  99.8  2048  99.3  4096  96.0  8192  80.2  16k  50.9  32k   0.0
ep 2802000     41384s  mean    216555  max   387420  V    164976  |d|     377    449k mv/s  1024  99.9  2048  99.2  4096  95.9  8192  78.2  16k  47.4  32k   0.0
checkpoint -> runs/r10_fresh.bin (ep 2803734)
ep 2804000     41423s  mean    222801  max   386908  V    164257  |d|     379    449k mv/s  1024 100.0  2048  99.2  4096  95.9  8192  79.3  16k  49.3  32k   0.0
ep 2806000     41460s  mean    218131  max   410864  V    164901  |d|     375    449k mv/s  1024  99.8  2048  99.0  4096  95.0  8192  78.5  16k  48.6  32k   0.0
ep 2808000     41498s  mean    222690  max   481332  V    164469  |d|     380    449k mv/s  1024  99.9  2048  99.2  4096  95.7  8192  79.1  16k  50.4  32k   0.1
ep 2810000     41536s  mean    219260  max   386924  V    164255  |d|     382    449k mv/s  1024  99.8  2048  99.0  4096  95.4  8192  78.0  16k  48.6  32k   0.0
ep 2812000     41575s  mean    224808  max   386980  V    164345  |d|     379    449k mv/s  1024  99.9  2048  99.2  4096  96.0  8192  80.5  16k  50.6  32k   0.0
ep 2814000     41613s  mean    222204  max   387516  V    164783  |d|     378    449k mv/s  1024 100.0  2048  99.0  4096  95.7  8192  79.7  16k  50.0  32k   0.0
ep 2816000     41652s  mean    221584  max   387112  V    164659  |d|     381    449k mv/s  1024  99.8  2048  99.2  4096  95.5  8192  79.0  16k  50.6  32k   0.0
ep 2818000     41690s  mean    223987  max   402140  V    164597  |d|     380    449k mv/s  1024  99.9  2048  99.0  4096  95.6  8192  79.5  16k  50.6  32k   0.0
ep 2820000     41728s  mean    220108  max   469752  V    164941  |d|     379    449k mv/s  1024  99.8  2048  99.2  4096  96.1  8192  78.2  16k  48.5  32k   0.1
ep 2822000     41765s  mean    218868  max   386700  V    164870  |d|     379    449k mv/s  1024 100.0  2048  99.2  4096  96.0  8192  78.2  16k  47.8  32k   0.0
ep 2824000     41805s  mean    228664  max   388512  V    164500  |d|     377    449k mv/s  1024  99.9  2048  99.2  4096  96.7  8192  81.0  16k  52.3  32k   0.0
ep 2826000     41843s  mean    222305  max   484052  V    164788  |d|     381    449k mv/s  1024  99.8  2048  99.3  4096  95.3  8192  79.2  16k  49.6  32k   0.1
ep 2828000     41880s  mean    220728  max   497000  V    165073  |d|     380    449k mv/s  1024  99.8  2048  99.1  4096  96.0  8192  78.8  16k  49.1  32k   0.1
ep 2830000     41918s  mean    219189  max   385732  V    165375  |d|     378    449k mv/s  1024 100.0  2048  99.0  4096  95.2  8192  79.0  16k  48.9  32k   0.0
ep 2832000     41957s  mean    225420  max   572796  V    164598  |d|     381    449k mv/s  1024  99.8  2048  99.1  4096  96.2  8192  80.2  16k  51.2  32k   0.1
ep 2834000     41995s  mean    218044  max   386824  V    165631  |d|     378    449k mv/s  1024 100.0  2048  99.2  4096  96.0  8192  78.0  16k  48.1  32k   0.0
ep 2836000     42033s  mean    223228  max   386860  V    164994  |d|     379    449k mv/s  1024 100.0  2048  99.2  4096  95.8  8192  79.8  16k  50.1  32k   0.0
ep 2838000     42070s  mean    218773  max   387240  V    165304  |d|     381    449k mv/s  1024  99.8  2048  99.1  4096  95.2  8192  78.5  16k  47.5  32k   0.0
ep 2840000     42109s  mean    223950  max   387192  V    165407  |d|     378    449k mv/s  1024  99.9  2048  99.0  4096  94.9  8192  79.9  16k  51.2  32k   0.0
ep 2842000     42147s  mean    221676  max   386552  V    165577  |d|     379    449k mv/s  1024  99.9  2048  99.1  4096  95.8  8192  78.5  16k  50.1  32k   0.0
ep 2844000     42186s  mean    224067  max   387480  V    165569  |d|     379    449k mv/s  1024 100.0  2048  99.3  4096  96.2  8192  80.5  16k  50.3  32k   0.0
ep 2846000     42224s  mean    222212  max   399804  V    165350  |d|     380    449k mv/s  1024  99.8  2048  99.1  4096  96.0  8192  79.0  16k  49.6  32k   0.0
ep 2848000     42263s  mean    226597  max   487656  V    165203  |d|     380    449k mv/s  1024  99.9  2048  99.5  4096  95.8  8192  79.8  16k  51.3  32k   0.1
ep 2850000     42301s  mean    221198  max   525740  V    165703  |d|     380    449k mv/s  1024  99.9  2048  98.9  4096  95.9  8192  78.7  16k  49.7  32k   0.1
ep 2852000     42340s  mean    223897  max   473840  V    165480  |d|     381    449k mv/s  1024 100.0  2048  99.2  4096  96.2  8192  81.2  16k  49.1  32k   0.0
ep 2854000     42378s  mean    223489  max   447716  V    165547  |d|     378    449k mv/s  1024  99.9  2048  99.2  4096  96.6  8192  79.5  16k  50.2  32k   0.0
ep 2856000     42416s  mean    219855  max   388972  V    166113  |d|     379    449k mv/s  1024  99.7  2048  98.6  4096  95.6  8192  79.0  16k  48.7  32k   0.0
ep 2858000     42455s  mean    220903  max   387340  V    165987  |d|     379    449k mv/s  1024  99.8  2048  98.8  4096  95.3  8192  78.7  16k  49.4  32k   0.0
ep 2860000     42493s  mean    223092  max   388912  V    165882  |d|     379    449k mv/s  1024 100.0  2048  98.9  4096  95.9  8192  78.9  16k  50.7  32k   0.0
ep 2862000     42531s  mean    226014  max   388724  V    165694  |d|     378    449k mv/s  1024  99.8  2048  99.2  4096  96.1  8192  80.7  16k  51.9  32k   0.0
ep 2864000     42570s  mean    221793  max   387116  V    165919  |d|     380    449k mv/s  1024  99.8  2048  99.0  4096  95.5  8192  78.4  16k  50.1  32k   0.0
ep 2866000     42607s  mean    221640  max   386608  V    166127  |d|     378    449k mv/s  1024 100.0  2048  99.2  4096  95.8  8192  79.0  16k  49.9  32k   0.0
ep 2868000     42645s  mean    224575  max   514664  V    165833  |d|     379    449k mv/s  1024  99.8  2048  99.0  4096  96.0  8192  78.7  16k  51.1  32k   0.1
ep 2870000     42683s  mean    222222  max   391952  V    166086  |d|     380    449k mv/s  1024 100.0  2048  99.3  4096  96.2  8192  79.3  16k  49.6  32k   0.0
ep 2872000     42721s  mean    221761  max   387320  V    166081  |d|     381    449k mv/s  1024  99.8  2048  98.7  4096  95.8  8192  79.3  16k  49.6  32k   0.0
ep 2874000     42760s  mean    226442  max   391448  V    165979  |d|     381    449k mv/s  1024 100.0  2048  99.2  4096  95.5  8192  80.2  16k  51.5  32k   0.0
ep 2876000     42798s  mean    221154  max   386636  V    165823  |d|     383    449k mv/s  1024  99.8  2048  99.0  4096  95.3  8192  77.0  16k  49.5  32k   0.0
ep 2878000     42836s  mean    220530  max   388196  V    166449  |d|     379    450k mv/s  1024  99.8  2048  99.2  4096  96.5  8192  78.9  16k  48.8  32k   0.0
ep 2880000     42873s  mean    218832  max   391148  V    166502  |d|     383    450k mv/s  1024  99.8  2048  98.8  4096  96.0  8192  78.5  16k  47.6  32k   0.0
ep 2882000     42911s  mean    222880  max   387116  V    166531  |d|     379    450k mv/s  1024  99.8  2048  99.1  4096  96.2  8192  78.2  16k  50.1  32k   0.0
ep 2884000     42950s  mean    227163  max   486340  V    166198  |d|     381    450k mv/s  1024  99.8  2048  99.2  4096  96.2  8192  80.1  16k  52.1  32k   0.1
ep 2886000     42989s  mean    224025  max   386928  V    166245  |d|     381    450k mv/s  1024  99.9  2048  98.8  4096  96.1  8192  79.7  16k  49.9  32k   0.0
ep 2888000     43027s  mean    220636  max   387060  V    166718  |d|     382    450k mv/s  1024  99.8  2048  99.0  4096  95.4  8192  78.7  16k  49.0  32k   0.0
ep 2890000     43066s  mean    224977  max   387104  V    166495  |d|     378    450k mv/s  1024  99.9  2048  99.3  4096  95.8  8192  79.5  16k  51.3  32k   0.0
ep 2892000     43104s  mean    221764  max   387656  V    166722  |d|     382    450k mv/s  1024  99.8  2048  99.4  4096  95.5  8192  79.7  16k  49.8  32k   0.0
ep 2894000     43143s  mean    224605  max   387224  V    166805  |d|     380    450k mv/s  1024  99.8  2048  98.9  4096  96.5  8192  80.9  16k  49.8  32k   0.0
ep 2896000     43182s  mean    222195  max   386708  V    166820  |d|     380    450k mv/s  1024  99.9  2048  98.8  4096  96.0  8192  79.2  16k  49.7  32k   0.0
saving final checkpoint -> runs/r10_fresh.bin
done: 2897002 episodes, 19421519711 moves, 43207.4 s
