episodes,elapsed_s,mean_score,max_score,moves_per_s,r1024,r2048,r4096,r8192,r16384,r32768,mean_value,mean_abs_td_error,restart_episodes,restart_32k,pool_size
2000,3.4,10325.4,36572,388061,39.0000,1.6000,0.0000,0.0000,0.0000,0.0000,925.90,58.63,0,0,0
4000,7.7,14919.5,50788,407376,68.6500,9.0000,0.0500,0.0000,0.0000,0.0000,1950.16,79.43,0,0,0
6000,12.4,17680.2,62304,417713,81.2000,19.2500,0.1000,0.0000,0.0000,0.0000,2724.81,90.73,0,0,0
8000,17.7,19731.1,61228,419652,85.3500,29.2500,0.2500,0.0000,0.0000,0.0000,3400.86,98.72,0,0,0
10000,23.1,21435.1,63040,425841,89.3000,36.3000,0.4500,0.0000,0.0000,0.0000,3999.88,104.98,0,0,0
12000,28.9,22691.3,65204,428367,90.7000,41.4000,0.9000,0.0000,0.0000,0.0000,4591.80,109.30,0,0,0
14000,34.8,23838.3,66476,430238,92.8000,46.8000,1.0000,0.0000,0.0000,0.0000,5131.28,113.55,0,0,0
16000,40.9,25288.8,64276,433487,93.7500,53.2500,1.2500,0.0000,0.0000,0.0000,5587.45,117.87,0,0,0
18000,47.3,26596.0,78652,436191,95.4000,57.5000,1.4500,0.0000,0.0000,0.0000,6046.07,120.64,0,0,0
20000,53.9,26995.1,80292,436795,95.1500,59.1000,1.7000,0.0000,0.0000,0.0000,6521.11,122.51,0,0,0
22000,60.5,27668.6,72472,438167,95.3500,60.6500,3.0000,0.0000,0.0000,0.0000,6955.34,126.13,0,0,0
24000,67.2,28662.5,76272,439823,95.8500,65.2500,3.4000,0.0000,0.0000,0.0000,7356.42,128.40,0,0,0
26000,74.2,29620.4,72732,441116,97.2500,68.3000,3.5500,0.0000,0.0000,0.0000,7770.02,131.07,0,0,0
28000,81.2,30401.7,80512,442369,97.0500,68.3000,5.2000,0.0000,0.0000,0.0000,8125.02,134.62,0,0,0
30000,88.7,32113.5,81192,442883,98.3000,72.2000,7.9500,0.0000,0.0000,0.0000,8469.87,137.40,0,0,0
32000,96.3,32832.9,80944,443485,97.9500,75.0000,8.4500,0.0000,0.0000,0.0000,8827.32,140.26,0,0,0
34000,104.3,33890.9,84396,443525,98.4000,76.5500,8.9000,0.0000,0.0000,0.0000,9179.91,141.80,0,0,0
36000,112.2,34373.5,93368,443966,98.5000,76.3500,9.5000,0.0000,0.0000,0.0000,9561.20,144.12,0,0,0
38000,120.4,34935.2,95704,444024,98.3500,78.3000,11.5500,0.0000,0.0000,0.0000,9965.93,145.65,0,0,0
40000,128.9,35976.3,84380,443344,98.5000,77.7500,13.8000,0.0000,0.0000,0.0000,10277.91,148.64,0,0,0
42000,137.8,36935.1,91632,442289,99.1000,78.1500,15.6000,0.0000,0.0000,0.0000,10619.40,150.30,0,0,0
44000,146.6,37422.6,89508,441761,98.9500,79.1000,15.5000,0.0000,0.0000,0.0000,10964.75,152.38,0,0,0
46000,155.4,38466.6,109552,442037,98.9500,80.9500,17.2000,0.0500,0.0000,0.0000,11276.97,154.68,0,0,0
48000,164.3,38936.1,133680,442202,98.5000,80.0500,19.1000,0.1500,0.0000,0.0000,11595.87,156.51,0,0,0
50000,173.4,39692.6,111656,442164,98.9000,81.1000,22.0000,0.0500,0.0000,0.0000,11916.32,158.30,0,0,0
52000,182.8,40525.2,125212,441808,98.9500,81.8500,23.4000,0.1500,0.0000,0.0000,12207.70,159.68,0,0,0
54000,192.2,41287.5,117684,441833,99.0500,81.7500,25.2500,0.0500,0.0000,0.0000,12540.75,161.22,0,0,0
56000,202.0,42709.5,120724,441653,99.2500,84.0500,27.7000,0.0500,0.0000,0.0000,12809.79,163.12,0,0,0
58000,212.0,42838.6,124056,441042,98.9500,82.6500,29.3500,0.1500,0.0000,0.0000,13170.88,163.95,0,0,0
60000,222.1,43226.8,121496,440486,98.8500,82.7500,30.0500,0.1000,0.0000,0.0000,13436.50,166.27,0,0,0
62000,232.2,44124.4,134404,440182,99.0000,83.9500,31.8000,0.3500,0.0000,0.0000,13737.24,167.53,0,0,0
64000,242.0,44318.4,129252,440575,99.0500,82.8500,31.7000,0.4500,0.0000,0.0000,14042.15,168.71,0,0,0
66000,252.2,46061.3,127824,440831,98.8500,84.9000,36.4000,0.2000,0.0000,0.0000,14248.69,170.83,0,0,0
68000,262.5,46584.4,126468,440965,99.4000,84.6500,37.1500,0.4500,0.0000,0.0000,14511.19,172.81,0,0,0
70000,273.2,47769.5,140744,440983,99.3500,86.4000,38.5500,0.4500,0.0000,0.0000,14813.77,173.71,0,0,0
72000,283.4,47395.5,126528,441456,99.2000,84.4000,38.3000,0.7000,0.0000,0.0000,15153.95,174.64,0,0,0
74000,293.7,47852.3,155172,441974,99.2500,84.8500,39.4000,0.6500,0.0000,0.0000,15436.46,176.70,0,0,0
76000,304.2,49500.1,149084,442641,99.5000,86.7000,42.1500,1.0500,0.0000,0.0000,15719.59,178.41,0,0,0
78000,315.2,50654.0,135044,442932,99.3500,86.4000,43.9000,0.9000,0.0000,0.0000,15968.71,179.86,0,0,0
80000,326.1,50356.0,154176,443085,99.4000,87.0000,42.6000,1.0500,0.0000,0.0000,16321.27,180.29,0,0,0
82000,337.4,50870.6,152288,443025,99.2000,87.7500,42.6500,1.4000,0.0000,0.0000,16639.89,181.20,0,0,0
84000,348.5,52002.5,144604,443394,99.3500,88.2000,46.1000,1.1000,0.0000,0.0000,16899.59,182.98,0,0,0
86000,359.9,52936.9,153000,443552,99.4000,89.1000,46.1500,1.2500,0.0000,0.0000,17252.00,182.85,0,0,0
88000,371.6,53254.5,164260,443450,99.5000,88.6000,46.4500,1.8000,0.0000,0.0000,17546.28,183.59,0,0,0
90000,383.1,53470.8,153172,443622,99.1500,89.7000,47.1000,1.7500,0.0000,0.0000,17811.78,186.19,0,0,0
92000,395.2,55687.7,153624,443591,99.3000,90.2500,50.8000,2.0000,0.0000,0.0000,18158.32,185.65,0,0,0
94000,407.2,55781.8,157828,443678,99.4000,89.5500,50.5500,2.4000,0.0000,0.0000,18440.82,187.43,0,0,0
96000,419.5,55811.7,154768,443527,99.3000,90.1500,50.9500,1.8500,0.0000,0.0000,18812.54,186.55,0,0,0
98000,431.8,57174.4,161268,443541,99.4500,90.8000,52.3500,2.7500,0.0000,0.0000,19108.95,188.05,0,0,0
100000,443.9,57476.3,154004,443812,99.4000,90.9000,53.2000,2.8000,0.0000,0.0000,19395.46,190.48,0,0,0
102000,456.4,57825.0,178996,443781,99.5000,92.0000,52.1000,3.0500,0.0000,0.0000,19735.96,191.32,0,0,0
104000,469.1,58882.8,152468,443734,99.2000,90.6500,54.9000,3.0500,0.0000,0.0000,19981.05,192.48,0,0,0
106000,481.8,58135.2,165108,443616,99.3000,91.2500,52.6000,3.4000,0.0000,0.0000,20353.91,193.65,0,0,0
108000,494.7,60376.5,154540,443639,99.4500,91.4000,57.1500,3.2000,0.0000,0.0000,20593.52,193.79,0,0,0
110000,507.8,60172.8,160408,443494,99.4500,91.9000,55.6000,3.7500,0.0000,0.0000,20938.49,195.18,0,0,0
112000,520.6,60074.8,162752,443520,99.5000,90.4000,56.1000,4.6000,0.0000,0.0000,21245.72,196.34,0,0,0
114000,533.4,59785.3,177028,443523,99.6000,90.9000,55.4500,3.7000,0.0000,0.0000,21559.35,197.61,0,0,0
116000,546.4,62449.4,157592,443817,99.4500,93.6000,57.8500,5.2000,0.0000,0.0000,21741.65,197.64,0,0,0
118000,559.2,61757.8,168856,444105,99.4000,91.5500,57.8500,5.2000,0.0000,0.0000,22061.86,199.45,0,0,0
120000,571.9,62329.2,166896,444565,99.4500,91.8000,59.1000,4.4000,0.0000,0.0000,22373.43,199.82,0,0,0
122000,584.8,62381.8,162816,444862,99.4000,92.7000,59.1000,4.7000,0.0000,0.0000,22659.00,201.57,0,0,0
124000,597.6,62838.3,174036,445208,99.4000,93.1000,58.6000,5.7000,0.0000,0.0000,22957.51,202.14,0,0,0
126000,610.8,62900.1,156064,445327,99.4500,91.8500,59.2500,5.3500,0.0000,0.0000,23265.00,202.94,0,0,0
128000,624.2,63540.0,164020,445372,99.1500,92.2500,60.3500,5.1500,0.0000,0.0000,23541.29,203.14,0,0,0
130000,638.0,63862.8,167952,445209,99.4500,91.5000,59.9000,6.2500,0.0000,0.0000,23799.77,204.70,0,0,0
132000,652.2,65899.3,163064,444979,99.5500,93.3000,61.8000,7.7500,0.0000,0.0000,24018.39,205.96,0,0,0
134000,666.0,64969.3,165728,444930,99.3000,93.1500,60.5500,7.0500,0.0000,0.0000,24364.34,206.82,0,0,0
136000,679.7,63437.1,161952,444797,99.6500,93.1500,59.1500,6.0500,0.0000,0.0000,24724.58,207.70,0,0,0
138000,693.8,65323.1,178184,444596,99.7000,92.9500,61.2000,6.9000,0.0000,0.0000,24927.26,208.75,0,0,0
140000,707.6,65457.8,174896,444600,99.5000,93.5000,61.5500,7.9000,0.0000,0.0000,25148.63,211.55,0,0,0
142000,721.4,66497.1,190024,444741,99.6000,93.7500,62.3500,7.6000,0.0000,0.0000,25375.28,210.52,0,0,0
144000,735.4,67572.7,178864,444859,99.4500,93.9000,64.3000,8.4000,0.0000,0.0000,25616.23,212.05,0,0,0
146000,749.3,66528.5,168956,444887,99.5000,93.6000,62.4000,8.0500,0.0000,0.0000,25879.73,213.04,0,0,0
148000,763.2,66976.7,173240,444989,99.4000,93.4500,63.9000,8.0000,0.0000,0.0000,26183.22,213.90,0,0,0
150000,777.2,67998.1,176628,445135,99.8000,94.0000,63.2500,10.0000,0.0000,0.0000,26431.38,214.19,0,0,0
152000,791.2,67585.0,174016,445235,99.5000,93.4000,64.8000,8.3500,0.0000,0.0000,26664.92,214.90,0,0,0
154000,805.4,68542.7,177948,445307,99.6000,93.1500,64.5000,8.8500,0.0000,0.0000,26857.94,215.39,0,0,0
156000,819.6,69359.4,178380,445518,99.3000,94.0000,65.7500,9.8000,0.0000,0.0000,27082.83,217.05,0,0,0
158000,834.0,68252.9,226396,445406,99.6500,93.6500,63.6500,9.7500,0.0500,0.0000,27352.45,219.15,0,0,0
160000,848.5,70698.4,178680,445583,99.4500,95.4500,66.9500,10.2500,0.0000,0.0000,27556.84,218.81,0,0,0
162000,862.9,69094.8,176180,445584,99.3500,94.2000,65.4000,9.8500,0.0000,0.0000,27893.08,218.06,0,0,0
164000,878.1,70637.2,179036,445352,99.4500,94.6500,66.8500,9.6000,0.0000,0.0000,28102.27,218.10,0,0,0
166000,892.8,70071.9,179064,445300,99.5000,94.7500,65.6500,9.5000,0.0000,0.0000,28378.67,217.82,0,0,0
168000,907.7,71299.4,178668,445310,99.7500,95.2000,67.5500,11.1500,0.0000,0.0000,28548.78,219.95,0,0,0
170000,922.5,71432.0,177480,445327,99.7000,95.0500,66.0000,10.5000,0.0000,0.0000,28790.83,219.26,0,0,0
172000,937.5,71294.1,199132,445290,99.4500,94.9500,66.3000,11.3000,0.0000,0.0000,29057.58,219.74,0,0,0
174000,952.4,71164.6,227728,445261,99.4000,93.6000,66.2500,10.6500,0.0500,0.0000,29330.11,220.67,0,0,0
176000,967.2,70902.9,188500,445243,99.6000,94.5500,66.7000,9.7500,0.0000,0.0000,29621.05,220.52,0,0,0
178000,982.4,73109.7,173656,445223,99.6500,94.5000,70.0500,11.8500,0.0000,0.0000,29840.13,220.42,0,0,0
180000,997.6,71396.5,177748,445074,99.6500,94.5500,67.5500,10.3500,0.0000,0.0000,30141.04,220.58,0,0,0
182000,1012.6,72432.8,177364,445109,99.5000,95.1000,67.9000,11.3000,0.0000,0.0000,30275.63,223.00,0,0,0
184000,1027.8,72535.6,179032,445081,99.7500,95.5500,68.1500,11.7500,0.0000,0.0000,30451.23,224.90,0,0,0
186000,1043.4,74340.9,193584,444981,99.6500,95.1500,68.9000,13.4000,0.0000,0.0000,30727.30,223.31,0,0,0
188000,1059.2,75077.6,181212,444862,99.6500,94.9500,68.7000,14.6000,0.0000,0.0000,30902.68,224.54,0,0,0
190000,1074.7,74617.0,201544,444826,99.8000,95.6000,70.8500,12.7500,0.0000,0.0000,31232.15,224.62,0,0,0
192000,1090.1,73494.0,179252,444780,99.8000,94.8500,69.5500,11.5500,0.0000,0.0000,31429.72,226.03,0,0,0
194000,1105.4,74831.7,197224,444855,99.6500,95.2500,69.1500,14.7000,0.0000,0.0000,31632.03,226.43,0,0,0
196000,1120.8,76109.4,177924,445005,99.6500,96.0000,69.9500,15.0500,0.0000,0.0000,31786.66,226.71,0,0,0
198000,1136.3,75788.3,189912,445051,99.5500,94.8000,71.6500,14.3000,0.0000,0.0000,32142.93,226.33,0,0,0
200000,1152.0,77494.9,219572,445158,99.7500,95.9000,71.7500,14.4500,0.0500,0.0000,32258.82,225.31,0,0,0
202000,1167.8,76476.0,188412,445154,99.6000,95.1500,70.7500,14.5000,0.0000,0.0000,32611.90,225.94,0,0,0
204000,1183.7,77071.7,180584,445155,99.8500,95.4500,72.3500,14.1500,0.0000,0.0000,32780.66,228.33,0,0,0
206000,1199.6,77508.0,178824,445198,99.6500,96.0000,72.3500,15.1000,0.0000,0.0000,33028.45,229.01,0,0,0
208000,1215.5,77365.6,191580,445218,99.6000,95.8000,71.8500,15.0500,0.0000,0.0000,33235.10,229.49,0,0,0
210000,1231.5,78251.3,232656,445244,99.7000,95.8000,70.8000,16.6000,0.0500,0.0000,33449.14,230.05,0,0,0
212000,1247.5,77960.6,200392,445244,99.7000,95.7500,72.2000,15.4500,0.0000,0.0000,33676.47,231.66,0,0,0
214000,1263.8,78560.1,268404,445197,99.6000,96.0000,71.7000,15.4000,0.0500,0.0000,33934.46,229.93,0,0,0
216000,1280.2,79266.2,215724,445162,99.6500,95.9500,73.4000,16.1500,0.0500,0.0000,34231.95,229.04,0,0,0
218000,1296.4,79524.9,196276,445204,99.4500,95.3000,72.5500,16.5000,0.0000,0.0000,34387.72,230.87,0,0,0
220000,1312.7,79580.1,196720,445216,99.5500,96.1500,74.2500,16.1500,0.0000,0.0000,34637.42,231.23,0,0,0
222000,1329.0,79329.4,235084,445212,99.6500,95.5500,73.3500,16.1000,0.0500,0.0000,34927.28,231.67,0,0,0
224000,1345.6,81017.7,188324,445212,99.7500,96.4000,75.9000,17.2000,0.0000,0.0000,35014.23,234.45,0,0,0
226000,1362.2,81122.0,192596,445227,99.8500,95.9500,77.2000,15.6000,0.0000,0.0000,35292.05,233.62,0,0,0
228000,1378.4,81219.7,192136,445363,99.7500,96.1000,75.0500,17.5500,0.0000,0.0000,35530.87,233.18,0,0,0
230000,1394.8,80893.3,192496,445417,99.7500,96.1000,73.9000,17.3500,0.0000,0.0000,35767.92,235.25,0,0,0
232000,1411.3,81494.7,200040,445473,99.7500,95.0000,75.0000,18.8500,0.0000,0.0000,35938.49,236.93,0,0,0
234000,1428.1,81781.3,217424,445440,99.8500,96.1000,76.3000,17.8000,0.0500,0.0000,36158.69,235.97,0,0,0
236000,1445.2,84055.8,198340,445458,99.6500,96.4000,77.5000,20.0500,0.0000,0.0000,36370.86,234.81,0,0,0
238000,1462.2,83237.3,231116,445430,99.8000,95.8500,76.8500,20.0500,0.0500,0.0000,36676.64,235.50,0,0,0
240000,1479.1,83493.7,201128,445474,99.7500,96.7000,76.0500,19.6000,0.0000,0.0000,36836.16,236.88,0,0,0
242000,1496.3,83118.5,218040,445416,99.9000,95.8500,75.6000,19.9500,0.0500,0.0000,37113.40,235.87,0,0,0
244000,1513.6,84796.0,261368,445391,99.9000,96.6500,77.7000,21.4000,0.1000,0.0000,37327.78,237.36,0,0,0
246000,1530.8,85328.9,228156,445411,99.6500,96.5500,77.8500,21.9000,0.0500,0.0000,37519.23,238.08,0,0,0
248000,1547.6,83552.2,249976,445467,99.8500,96.3000,75.9500,19.7500,0.1000,0.0000,37833.56,238.54,0,0,0
250000,1565.1,85707.4,213896,445451,99.5500,95.9500,79.1000,21.4000,0.0000,0.0000,37952.88,238.55,0,0,0
252000,1582.6,86253.7,256368,445451,99.5000,96.4000,77.2000,21.9000,0.1500,0.0000,38139.07,240.69,0,0,0
254000,1600.0,86330.8,250200,445476,99.6500,96.6000,77.8000,22.5500,0.1000,0.0000,38359.23,240.60,0,0,0
256000,1617.5,86222.7,255948,445473,99.9000,96.0500,78.0000,22.6000,0.0500,0.0000,38622.35,239.96,0,0,0
258000,1634.5,86179.1,246248,445619,99.7500,97.0500,79.1500,21.5500,0.0500,0.0000,38894.69,241.51,0,0,0
260000,1651.3,87182.5,279444,445835,99.7500,96.7500,80.1000,23.3500,0.0500,0.0000,39036.76,243.04,0,0,0
262000,1669.4,87571.5,246484,445728,99.7000,96.8000,79.9000,22.8500,0.1500,0.0000,39275.68,242.54,0,0,0
264000,1687.5,88727.8,217460,445666,99.6000,96.9000,79.5500,24.4500,0.1000,0.0000,39394.05,243.54,0,0,0
266000,1705.5,87187.0,241420,445595,99.7500,96.6000,78.4500,23.1000,0.1000,0.0000,39721.25,243.26,0,0,0
268000,1723.1,88363.4,246452,445654,99.7000,96.2500,78.9500,23.9500,0.1000,0.0000,39879.36,243.31,0,0,0
270000,1740.6,87787.5,262980,445710,99.7500,96.5500,79.0000,23.3000,0.1000,0.0000,40164.80,244.38,0,0,0
272000,1758.7,88896.5,259852,445673,99.8500,96.7000,79.1000,25.3500,0.1000,0.0000,40253.21,246.05,0,0,0
274000,1777.0,89745.5,212940,445606,99.5500,96.3500,81.0000,25.2500,0.0000,0.0000,40461.99,245.32,0,0,0
276000,1794.8,89520.5,232908,445677,99.8000,97.0000,80.3000,25.5000,0.1500,0.0000,40740.66,246.14,0,0,0
278000,1812.5,89898.7,277488,445767,99.8000,96.9000,81.1000,25.7500,0.3000,0.0000,40926.35,247.14,0,0,0
280000,1829.9,88896.5,233420,445896,99.7500,96.1500,79.6500,25.2000,0.1000,0.0000,41161.12,247.14,0,0,0
282000,1847.6,88985.3,277324,445961,99.8000,96.6000,79.1500,25.7000,0.3000,0.0000,41373.58,247.52,0,0,0
284000,1865.5,88631.2,212708,445951,99.7500,96.2500,79.3500,25.4500,0.0000,0.0000,41607.66,246.92,0,0,0
286000,1883.5,90339.4,261404,445989,99.8000,96.5500,79.6000,27.8000,0.3000,0.0000,41671.74,249.93,0,0,0
288000,1901.5,89769.0,262160,445999,99.7500,96.2500,81.7000,25.9500,0.1500,0.0000,42018.37,248.41,0,0,0
290000,1920.1,92061.0,261976,445971,99.8500,97.8500,82.6000,27.9000,0.3000,0.0000,42024.47,250.82,0,0,0
292000,1938.8,91237.9,282056,445856,99.8500,97.0000,80.5500,28.4500,0.2500,0.0000,42306.80,249.71,0,0,0
294000,1957.0,90876.3,290192,445880,99.7000,97.2500,81.1000,27.5500,0.2500,0.0000,42500.66,249.86,0,0,0
296000,1975.2,92031.7,222920,445927,99.7500,97.4000,82.6000,28.3000,0.0500,0.0000,42623.91,251.92,0,0,0
298000,1993.4,90310.7,247632,445918,99.9000,96.8000,80.2000,26.9000,0.1500,0.0000,43026.43,250.10,0,0,0
300000,2012.2,92584.3,270948,445860,99.7000,97.1500,81.5500,28.9500,0.1500,0.0000,43048.50,250.66,0,0,0
302000,2030.2,91501.7,262936,445942,99.9500,97.5000,80.5000,28.0000,0.3500,0.0000,43346.81,251.91,0,0,0
304000,2047.8,91513.6,268108,446103,99.7000,97.5000,80.9500,28.3000,0.2000,0.0000,43617.80,250.46,0,0,0
306000,2066.3,93267.6,225564,446142,99.7000,96.8500,81.6500,30.7500,0.0500,0.0000,43669.50,251.32,0,0,0
308000,2085.0,93818.4,261316,446156,99.8000,97.4000,82.2000,29.9500,0.1500,0.0000,43860.55,251.85,0,0,0
310000,2102.9,93885.8,267128,446331,99.7000,96.7500,82.8000,29.4500,0.3000,0.0000,44109.37,251.01,0,0,0
312000,2120.5,92148.4,261248,446501,99.7500,97.3000,80.8500,30.1500,0.2500,0.0000,44368.53,252.68,0,0,0
314000,2138.4,94279.5,248644,446683,99.7500,96.6500,81.9500,32.5500,0.1500,0.0000,44453.46,253.16,0,0,0
316000,2156.4,94938.6,249980,446870,99.8000,96.5500,81.4500,33.4000,0.3000,0.0000,44616.46,252.91,0,0,0
318000,2174.1,94784.7,264816,447088,99.8500,97.2000,80.9500,33.4000,0.3000,0.0000,44823.35,254.85,0,0,0
320000,2191.9,93967.2,255668,447276,99.7000,97.5000,81.0000,32.2500,0.4000,0.0000,45078.41,254.79,0,0,0
322000,2210.0,95237.4,255680,447428,99.8000,96.6500,81.6500,33.4500,0.2500,0.0000,45114.70,255.82,0,0,0
324000,2228.1,94562.2,290888,447567,99.7500,96.6500,81.5500,31.9000,0.3500,0.0000,45424.70,254.42,0,0,0
326000,2247.0,95653.3,272744,447589,99.9000,97.2500,82.6000,33.3500,0.4000,0.0000,45640.64,253.52,0,0,0
328000,2265.8,96667.5,307084,447648,99.5000,97.1500,84.0500,33.8000,0.3500,0.0000,45771.08,255.21,0,0,0
330000,2284.6,95822.5,258016,447699,99.7500,96.7500,81.7000,33.1000,0.4500,0.0000,45952.44,254.09,0,0,0
332000,2303.4,95998.7,292048,447738,99.7500,97.2500,82.3500,34.0000,0.3500,0.0000,46209.46,254.24,0,0,0
334000,2321.7,95607.3,283196,447851,99.7000,96.7500,81.8500,33.3000,0.5000,0.0000,46335.94,255.82,0,0,0
336000,2340.1,98032.7,266420,448018,99.5000,97.0500,82.1500,36.5000,0.6500,0.0000,46404.97,257.22,0,0,0
338000,2358.5,98060.1,291848,448195,99.8500,97.1000,83.7500,36.5000,0.5000,0.0000,46598.60,258.16,0,0,0
340000,2377.2,96773.4,290492,448282,99.6500,97.1500,82.5500,33.9000,0.5500,0.0000,46868.82,258.26,0,0,0
342000,2396.5,96251.7,274140,448236,99.8500,96.8500,82.8500,33.7500,0.3500,0.0000,47152.60,256.59,0,0,0
344000,2416.0,98176.4,262560,448200,99.9500,97.7000,83.0500,35.5000,0.6500,0.0000,47197.81,257.44,0,0,0
346000,2435.7,97849.3,270816,448139,99.7000,96.9500,82.4500,35.6500,0.6500,0.0000,47364.95,259.77,0,0,0
348000,2455.0,98235.7,274208,448145,99.7000,97.4500,83.1500,35.3000,0.6500,0.0000,47607.43,258.16,0,0,0
350000,2473.8,96066.8,288784,448167,99.6500,96.5500,82.2000,33.6000,0.6500,0.0000,47921.36,258.83,0,0,0
352000,2492.8,97906.2,302576,448229,99.9000,97.1000,82.3000,36.4000,0.5000,0.0000,47901.08,259.91,0,0,0
354000,2511.5,98124.4,265848,448346,99.7000,97.5500,83.3500,35.8500,0.6000,0.0000,48131.70,258.79,0,0,0
356000,2530.4,99819.7,301336,448467,99.9000,97.6000,84.5500,37.3000,0.7000,0.0000,48198.07,260.43,0,0,0
358000,2549.0,99471.0,292040,448628,99.6500,97.3000,83.3500,38.0500,0.6500,0.0000,48388.63,260.61,0,0,0
360000,2567.9,99810.2,265664,448747,99.7500,97.2000,84.9000,37.2000,0.6000,0.0000,48661.61,259.32,0,0,0
362000,2587.0,99711.6,282688,448829,99.9000,97.5000,83.6500,36.7000,0.9000,0.0000,48807.12,258.37,0,0,0
364000,2606.0,99553.9,271976,448919,99.5000,96.8500,84.4000,37.4500,0.6500,0.0000,49063.88,257.67,0,0,0
366000,2625.4,100699.6,266312,448977,99.8500,97.2000,83.7500,39.0000,0.6500,0.0000,49074.38,261.05,0,0,0
368000,2645.3,103367.3,290628,449014,99.8000,97.7000,85.0000,41.2000,1.0000,0.0000,49160.33,261.18,0,0,0
370000,2664.9,101822.8,280056,449072,99.8000,97.4500,84.0500,39.3500,0.7500,0.0000,49486.97,259.82,0,0,0
372000,2684.9,102287.4,291924,449071,99.6000,97.0000,84.2500,40.0500,1.0500,0.0000,49470.09,263.70,0,0,0
374000,2704.9,101581.7,286812,449040,99.7000,97.3500,83.3000,39.2000,1.2500,0.0000,49790.41,261.35,0,0,0
376000,2725.3,103622.0,292048,449020,99.8500,97.6000,84.4000,41.1500,1.1000,0.0000,49877.18,261.54,0,0,0
378000,2745.0,101871.9,272524,449042,99.8000,97.8000,85.5500,39.4000,0.8000,0.0000,50307.42,259.54,0,0,0
380000,2764.9,103423.1,268968,449099,99.7000,97.6500,85.3500,41.6000,0.8500,0.0000,50323.06,261.79,0,0,0
382000,2784.8,102149.1,290720,449109,99.9000,97.7000,84.1500,40.3500,0.8000,0.0000,50534.71,261.81,0,0,0
384000,2804.6,101312.4,286480,449093,99.6000,96.9000,83.5000,39.6500,1.1000,0.0000,50688.07,264.14,0,0,0
386000,2824.3,101825.9,265280,449126,99.7000,97.1000,84.5000,39.8500,1.0000,0.0000,50886.83,263.10,0,0,0
388000,2844.4,104211.9,285448,449154,99.7500,98.1000,85.4000,42.0500,1.1500,0.0000,50911.26,263.15,0,0,0
390000,2864.1,104101.5,290080,449242,99.7500,97.6500,84.3000,42.3500,1.7000,0.0000,51162.89,263.71,0,0,0
392000,2883.2,103120.4,289540,449385,99.8500,97.4000,84.5500,42.2000,1.1000,0.0000,51337.12,264.00,0,0,0
394000,2903.1,102995.9,273836,449420,99.8000,97.5000,85.3000,42.4000,0.8000,0.0000,51556.91,263.18,0,0,0
396000,2923.0,103865.3,279432,449455,99.8500,97.5000,84.6000,41.4000,1.2500,0.0000,51710.04,264.13,0,0,0
398000,2943.6,104263.6,295508,449405,99.6000,97.4500,85.0500,43.5500,0.9500,0.0000,51736.08,265.44,0,0,0
400000,2963.7,102375.3,291984,449390,99.6500,97.5500,84.6500,40.6000,1.1500,0.0000,52095.66,265.04,0,0,0
402000,2984.1,103288.5,297636,449347,99.9500,97.2500,84.3500,41.3500,1.4000,0.0000,52197.03,266.09,0,0,0
404000,3004.2,103985.6,294276,449355,99.9000,98.0000,84.6500,42.1000,1.5500,0.0000,52384.95,265.85,0,0,0
406000,3024.1,105199.6,281736,449434,99.8000,97.5000,85.6000,43.7500,0.7000,0.0000,52406.05,266.25,0,0,0
408000,3044.3,106095.2,290212,449499,99.7500,97.8000,86.5500,44.2000,0.9000,0.0000,52577.96,265.73,0,0,0
410000,3064.6,105311.6,294096,449517,99.8500,97.0000,86.4000,43.8000,1.3500,0.0000,52942.13,263.19,0,0,0
412000,3085.0,104540.5,291936,449505,99.7000,97.2000,84.8500,41.3000,1.6000,0.0000,52998.10,266.36,0,0,0
414000,3105.8,107074.8,290544,449487,99.7500,98.1000,86.4000,44.5500,1.9500,0.0000,53017.73,267.43,0,0,0
416000,3125.6,104288.6,286008,449565,99.9000,97.4000,84.5500,42.8500,0.8500,0.0000,53299.79,268.58,0,0,0
418000,3145.5,105718.7,310056,449651,99.6000,97.3000,85.5500,45.1500,1.3000,0.0000,53539.29,266.05,0,0,0
420000,3165.2,105740.5,280476,449762,99.7500,97.1000,86.1000,43.6000,1.4000,0.0000,53689.40,266.60,0,0,0
422000,3185.1,106615.2,306544,449864,99.9500,97.4500,86.3000,44.5000,1.8500,0.0000,53731.50,269.03,0,0,0
424000,3206.0,108104.5,301624,449855,99.8000,97.5500,84.9000,46.1500,2.2500,0.0000,53746.09,269.12,0,0,0
426000,3226.7,106595.8,291136,449844,99.7500,98.3000,85.6000,45.0000,1.4000,0.0000,54105.45,268.26,0,0,0
428000,3247.1,106618.5,305452,449878,99.7000,98.0000,85.3500,43.5000,1.5500,0.0000,54363.74,266.53,0,0,0
430000,3267.3,106457.8,307404,449943,99.7500,97.6500,86.0000,43.5000,1.7000,0.0000,54386.54,270.80,0,0,0
432000,3288.0,107237.5,291512,449937,99.8000,97.0000,85.5500,45.0000,1.8500,0.0000,54567.46,269.80,0,0,0
434000,3308.4,106677.9,310752,449967,99.7000,97.3500,85.0000,45.3000,1.5500,0.0000,54737.82,268.96,0,0,0
436000,3329.2,109812.1,288120,450018,99.8500,98.2000,86.6500,47.8500,1.6500,0.0000,54693.10,270.39,0,0,0
438000,3349.7,108036.0,308000,450071,99.8000,97.6500,85.2500,44.8500,2.4500,0.0000,54977.29,272.04,0,0,0
440000,3370.2,108271.0,314552,450121,99.8500,97.8500,86.4000,44.9000,1.4000,0.0000,55182.43,269.77,0,0,0
442000,3391.3,109740.4,353276,450130,99.8000,98.1000,86.9000,46.4000,2.0500,0.0000,55267.45,270.87,0,0,0
444000,3412.7,110455.7,286996,450119,99.8000,97.7000,87.2000,47.4500,1.9500,0.0000,55333.99,271.72,0,0,0
446000,3433.7,108283.5,316184,450097,99.8500,98.0000,86.4000,44.8500,2.4000,0.0000,55770.03,270.35,0,0,0
448000,3454.9,108505.7,307724,450066,100.0000,97.6000,84.7500,45.6500,2.2500,0.0000,55818.82,271.41,0,0,0
450000,3476.1,110255.6,301540,450075,99.8000,97.7500,86.7500,47.0000,1.8000,0.0000,55981.59,270.69,0,0,0
452000,3496.8,108759.6,290796,450114,99.9500,97.9000,86.8000,45.9000,1.9500,0.0000,56293.51,270.07,0,0,0
454000,3518.8,112229.2,310596,450047,99.7500,97.9000,87.2500,48.3500,2.9500,0.0000,56136.90,274.03,0,0,0
456000,3539.3,110232.7,291564,450144,99.8500,98.0500,86.4000,47.0000,2.3000,0.0000,56460.93,272.87,0,0,0
458000,3559.6,111719.9,321752,450290,99.7500,97.8500,87.5500,48.5500,2.9500,0.0000,56649.08,271.87,0,0,0
460000,3579.8,109968.4,308584,450398,99.8000,97.0000,86.6000,45.6500,2.9000,0.0000,56854.78,272.52,0,0,0
462000,3600.6,110784.4,304960,450463,99.8500,98.2500,86.9500,47.1500,2.6500,0.0000,56871.40,274.95,0,0,0
464000,3621.7,110713.5,294764,450485,99.8000,97.6000,85.8000,46.9000,2.3500,0.0000,56964.80,274.81,0,0,0
466000,3643.0,112774.0,286156,450538,99.8500,98.0000,87.7500,47.6500,2.5500,0.0000,57209.01,272.20,0,0,0
468000,3664.4,112049.3,316040,450541,99.7000,97.2500,86.5000,47.2500,3.2500,0.0000,57377.70,273.16,0,0,0
470000,3685.8,113652.0,292016,450587,99.7000,98.0000,87.5000,48.6000,3.5500,0.0000,57503.61,274.68,0,0,0
472000,3707.5,111869.1,291536,450564,99.6500,97.2500,86.7500,48.2000,3.2000,0.0000,57702.85,275.55,0,0,0
474000,3728.7,111502.5,306696,450584,99.8000,98.1000,86.3000,47.6500,2.3500,0.0000,57989.07,274.37,0,0,0
476000,3749.8,112490.2,358960,450639,99.8500,97.8000,87.9000,47.0000,3.4000,0.0000,58122.63,274.88,0,0,0
478000,3771.4,113445.5,344320,450652,99.8000,98.2000,86.0500,48.0500,3.8000,0.0000,58189.34,275.75,0,0,0
480000,3793.3,114106.4,313632,450650,99.8000,97.9500,87.6500,48.7500,2.7000,0.0000,58236.74,275.43,0,0,0
482000,3815.2,113661.7,315924,450639,99.8000,97.9000,88.7000,48.5000,3.0500,0.0000,58623.60,274.07,0,0,0
484000,3837.1,113702.2,329976,450613,99.8000,98.0500,87.2000,49.1500,3.7000,0.0000,58702.88,276.17,0,0,0
486000,3859.6,115078.5,318812,450560,99.8000,98.1000,88.1500,48.5000,3.6500,0.0000,58758.69,276.42,0,0,0
488000,3880.9,112931.0,324064,450596,99.8000,98.2500,86.8500,47.7000,3.8000,0.0000,59108.68,277.18,0,0,0
490000,3902.4,113099.4,314320,450620,99.8000,98.0500,87.0500,46.7000,3.8000,0.0000,59282.27,275.50,0,0,0
492000,3923.9,114501.9,309912,450669,99.9500,97.8500,88.1500,48.5500,3.2000,0.0000,59272.37,277.06,0,0,0
494000,3945.6,113351.2,331984,450674,99.7500,97.3500,87.2000,48.1000,3.6000,0.0000,59573.06,278.09,0,0,0
496000,3967.6,115277.4,314528,450675,99.9500,98.0500,87.9500,50.2000,3.6000,0.0000,59696.81,276.95,0,0,0
498000,3989.2,113069.6,317204,450679,99.8000,98.1500,87.1500,46.7000,3.7500,0.0000,59841.12,278.60,0,0,0
500000,4011.2,114036.5,344000,450659,99.9000,97.5500,86.6500,48.2500,3.8500,0.0000,59983.51,278.71,0,0,0
502000,4033.1,114991.6,306372,450659,99.6500,97.0500,87.4500,49.4000,3.8500,0.0000,60058.69,278.85,0,0,0
504000,4055.8,117540.5,313840,450630,99.8500,97.9000,87.9500,50.8500,4.7500,0.0000,60224.84,277.94,0,0,0
506000,4078.6,117146.4,325664,450576,99.8000,98.2000,88.7500,50.6500,4.3500,0.0000,60257.28,282.10,0,0,0
508000,4101.0,116522.1,318388,450557,99.6500,97.6000,87.5500,50.5000,3.9500,0.0000,60392.97,280.60,0,0,0
510000,4123.5,116759.7,314284,450535,99.9000,98.1000,87.7000,50.5000,3.9500,0.0000,60709.01,279.40,0,0,0
512000,4146.5,119222.6,317652,450495,99.9500,97.6000,88.9000,52.4000,4.7500,0.0000,60840.08,278.82,0,0,0
514000,4169.1,116966.7,303488,450460,99.6000,98.0000,87.8500,50.4500,4.9000,0.0000,61138.66,280.04,0,0,0
516000,4191.5,116481.8,327048,450439,99.8500,97.8500,87.5500,49.8000,4.7000,0.0000,61237.18,281.18,0,0,0
518000,4214.7,120436.5,342888,450406,99.7000,97.7500,88.5000,53.7500,5.2000,0.0000,61252.46,281.49,0,0,0
520000,4237.5,117302.7,336368,450356,99.7500,97.8500,88.2500,49.1500,5.1500,0.0000,61692.79,280.42,0,0,0
522000,4259.8,119445.5,331528,450397,99.9000,97.4000,87.5500,51.7000,6.0000,0.0000,61737.97,281.45,0,0,0
524000,4282.1,119698.6,328680,450445,99.5500,98.2000,90.1500,53.1500,4.3000,0.0000,61811.82,282.43,0,0,0
526000,4304.7,117801.2,334708,450436,99.7500,97.6500,88.1500,50.8000,5.2500,0.0000,62128.54,282.76,0,0,0
528000,4327.6,119174.8,316928,450403,99.7500,97.2500,87.7000,50.8000,5.2500,0.0000,62125.65,282.42,0,0,0
530000,4350.6,118875.3,334164,450367,99.7500,97.9000,87.6500,51.7000,4.6500,0.0000,62269.50,283.32,0,0,0
532000,4373.8,120884.4,325192,450341,99.7000,97.8000,88.7000,52.3500,6.3500,0.0000,62346.93,284.88,0,0,0
534000,4396.6,119089.8,339660,450324,99.9000,98.0000,89.2000,51.7500,4.9000,0.0000,62549.62,285.19,0,0,0
536000,4419.5,119644.9,316120,450313,99.9000,98.0500,87.7000,51.3500,5.1500,0.0000,62748.74,282.49,0,0,0
538000,4442.1,117462.3,325016,450296,99.8500,97.8500,87.8000,50.5000,5.1500,0.0000,63049.56,285.06,0,0,0
540000,4464.9,120350.5,350064,450301,99.8500,97.1500,87.4500,52.2500,5.5000,0.0000,62924.98,285.26,0,0,0
542000,4486.8,120461.3,334340,450395,99.8500,97.8500,88.8500,52.1000,5.3500,0.0000,63327.15,284.25,0,0,0
544000,4509.5,123575.9,358744,450469,99.8500,97.7500,88.5500,53.7000,6.3500,0.0000,63241.68,286.83,0,0,0
546000,4532.3,122889.9,335428,450512,99.9000,98.6500,89.3500,53.5500,6.5000,0.0000,63465.25,286.32,0,0,0
548000,4553.9,119764.8,325716,450627,99.9000,98.4500,89.1000,51.9000,5.1500,0.0000,63937.31,283.54,0,0,0
550000,4577.1,120993.6,322560,450602,99.8500,97.3500,89.1500,53.4500,5.7500,0.0000,63929.82,286.47,0,0,0
552000,4600.3,121453.8,326268,450580,99.7500,97.9000,88.6000,52.8500,6.7500,0.0000,64124.67,286.96,0,0,0
554000,4623.1,121622.3,338680,450609,99.8500,98.5000,89.9000,52.1000,5.8500,0.0000,64125.07,286.68,0,0,0
556000,4645.9,121166.2,325612,450626,99.7000,98.4500,88.8500,52.9000,6.7500,0.0000,64354.46,287.92,0,0,0
558000,4669.4,122864.0,365160,450596,99.9500,97.8000,87.9500,52.7500,6.7000,0.0000,64268.64,288.64,0,0,0
560000,4692.5,121668.7,335916,450598,100.0000,98.5500,88.6000,52.9500,6.0500,0.0000,64702.20,286.86,0,0,0
562000,4715.1,119599.9,326688,450609,99.9000,97.8500,87.5500,50.6500,6.3000,0.0000,65063.18,285.69,0,0,0
564000,4737.5,120273.6,333816,450646,99.8000,98.0500,88.5000,52.2000,6.2500,0.0000,65033.70,286.78,0,0,0
566000,4760.4,121403.4,331972,450654,100.0000,98.5500,89.1500,51.3000,6.5500,0.0000,65274.05,285.12,0,0,0
568000,4782.8,118638.7,342440,450672,99.8500,97.7000,88.7500,49.2000,5.9500,0.0000,65426.92,286.31,0,0,0
570000,4805.8,123275.0,322940,450693,99.7500,98.1000,89.2000,54.6500,6.0000,0.0000,65340.57,286.83,0,0,0
572000,4828.7,123533.1,334628,450742,99.9500,98.1500,89.6500,53.0500,7.1000,0.0000,65587.99,286.48,0,0,0
574000,4851.7,121299.4,333368,450737,99.7500,97.8000,88.8000,51.3000,6.9000,0.0000,65810.51,286.97,0,0,0
576000,4873.8,122911.4,327288,450846,99.7500,97.9000,89.6500,53.4500,6.4000,0.0000,66035.05,283.79,0,0,0
578000,4895.8,121375.4,358044,450933,99.8000,97.7500,88.5000,53.2000,6.4500,0.0000,66244.06,286.73,0,0,0
580000,4918.1,122901.2,337508,451025,99.6000,97.3500,88.7000,53.2500,6.8000,0.0000,66225.76,286.38,0,0,0
582000,4940.5,125528.2,329496,451140,99.8500,98.0500,90.6000,54.7000,7.2000,0.0000,66308.41,286.37,0,0,0
584000,4963.0,124563.1,350000,451229,99.8500,98.1000,89.2500,54.1500,7.4500,0.0000,66557.13,286.82,0,0,0
586000,4985.2,122819.3,342412,451314,99.8500,98.6000,88.8500,52.6000,7.4000,0.0000,66926.01,286.57,0,0,0
588000,5008.0,125651.4,326608,451394,99.8000,98.1000,89.4000,55.7500,7.1000,0.0000,66841.93,286.72,0,0,0
590000,5030.5,123635.8,360756,451472,99.9000,98.2500,88.5000,53.6500,6.9000,0.0000,67205.61,284.59,0,0,0
592000,5053.3,125836.4,332588,451543,99.8500,97.6500,88.1500,55.2000,8.3500,0.0000,67132.24,288.11,0,0,0
594000,5075.6,122464.0,328696,451619,99.7500,98.1000,88.3000,52.6500,6.5000,0.0000,67486.14,287.48,0,0,0
596000,5098.6,126857.1,334588,451693,99.8500,98.4000,89.2500,55.3000,8.5500,0.0000,67336.82,289.42,0,0,0
598000,5121.7,126653.2,334912,451756,99.9000,98.4500,89.7500,55.9000,7.8000,0.0000,67690.74,286.70,0,0,0
600000,5144.4,125234.7,342992,451829,99.7000,98.2500,89.2500,54.5500,7.1500,0.0000,67887.61,287.49,0,0,0
602000,5167.3,125233.4,332392,451887,99.8500,97.0500,87.3500,54.3500,8.1500,0.0000,67969.50,290.07,0,0,0
604000,5190.8,128249.6,357780,451939,99.9500,98.5500,89.7000,56.2000,8.0500,0.0000,67949.59,290.52,0,0,0
606000,5213.4,125020.5,342408,452022,99.8500,98.4500,89.8500,54.1500,7.1000,0.0000,68295.33,289.89,0,0,0
608000,5236.6,129427.3,344632,452103,99.8000,98.1000,89.9000,57.3500,9.3500,0.0000,68345.74,288.65,0,0,0
610000,5259.7,127827.0,333896,452177,99.7500,98.0500,90.4000,56.4500,7.9500,0.0000,68397.25,291.80,0,0,0
612000,5282.7,126573.8,329080,452243,99.8000,97.3500,89.3000,54.3500,8.8500,0.0000,68710.44,289.94,0,0,0
614000,5306.1,126855.2,341396,452275,99.9000,97.6500,89.2000,56.0500,7.9500,0.0000,68817.91,289.79,0,0,0
616000,5330.4,128729.1,340956,452257,99.9000,98.6500,89.9000,56.9500,8.5500,0.0000,69093.10,288.04,0,0,0
618000,5353.6,126395.4,335256,452303,99.9000,98.3500,90.2000,54.0000,8.2000,0.0000,69270.48,289.43,0,0,0
620000,5377.7,129469.0,344660,452315,99.9000,98.5000,89.7500,57.0500,9.5500,0.0000,69227.15,290.40,0,0,0
622000,5401.2,128093.5,333164,452346,99.6500,97.9000,88.0000,56.1000,9.5500,0.0000,69501.58,290.27,0,0,0
624000,5425.2,129746.2,368808,452370,99.7500,98.6500,90.0000,55.4500,9.6500,0.0000,69539.67,291.17,0,0,0
626000,5449.4,127149.9,339000,452340,99.7000,97.6500,88.9000,55.9000,8.7500,0.0000,69866.06,291.46,0,0,0
628000,5473.7,128381.3,343108,452309,99.9500,98.0000,88.2500,55.7000,10.2000,0.0000,70059.59,290.86,0,0,0
630000,5498.2,130096.6,346856,452299,99.8000,97.7000,89.5500,56.6000,9.3500,0.0000,70050.13,290.41,0,0,0
632000,5523.1,131644.6,340916,452267,99.9000,97.8500,90.2000,59.0000,9.6500,0.0000,70064.85,293.57,0,0,0
634000,5547.6,130659.8,335744,452260,99.9500,98.7000,91.2500,57.6000,9.6500,0.0000,70406.09,292.98,0,0,0
636000,5572.4,132011.9,338760,452246,99.9500,98.5000,90.5500,57.4000,10.2000,0.0000,70478.71,291.07,0,0,0
638000,5596.9,130382.3,334096,452233,99.8500,98.1500,89.1500,56.0500,10.7000,0.0000,70697.42,292.40,0,0,0
640000,5621.7,130924.4,343848,452207,99.8500,98.7500,90.0000,56.0000,10.7500,0.0000,70871.63,292.94,0,0,0
642000,5645.9,130221.0,353484,452218,99.8000,97.8500,88.9000,55.0000,10.8000,0.0000,71028.06,292.78,0,0,0
644000,5670.5,132365.0,341188,452219,99.9000,98.2500,89.6500,57.2500,10.7500,0.0000,71052.31,293.09,0,0,0
646000,5695.2,130598.6,356980,452195,99.7500,98.2500,89.5000,58.4000,9.3000,0.0000,71297.19,293.72,0,0,0
648000,5719.9,129781.3,356876,452161,99.8500,98.5000,88.5500,56.6000,9.9500,0.0000,71653.84,291.23,0,0,0
650000,5744.6,130549.6,337380,452131,99.9500,97.5500,88.9000,57.1000,10.4000,0.0000,71729.31,292.15,0,0,0
652000,5769.7,132364.1,333820,452099,99.7500,98.1500,89.4500,57.8500,11.0000,0.0000,71734.89,294.20,0,0,0
654000,5794.5,130722.6,332120,452069,99.9000,98.2500,90.3000,55.4500,10.3500,0.0000,71969.34,294.59,0,0,0
656000,5818.6,132430.8,362792,452120,99.7000,98.4000,89.8000,57.6500,10.4000,0.0000,72038.33,293.77,0,0,0
658000,5842.8,132513.6,343048,452151,99.6500,98.3000,89.7500,57.4500,11.5000,0.0000,72260.88,295.03,0,0,0
660000,5867.6,133378.8,358452,452157,99.8500,98.7500,90.6500,58.6000,11.1500,0.0000,72416.89,294.25,0,0,0
662000,5891.7,131959.1,342020,452193,99.9000,98.2000,89.8500,57.8000,10.0500,0.0000,72483.22,295.33,0,0,0
664000,5916.1,133061.0,362196,452225,99.9000,98.6500,90.1000,57.9500,10.6000,0.0000,72606.42,294.73,0,0,0
666000,5941.5,134075.9,354868,452190,99.8000,98.4500,90.6500,58.7000,10.8500,0.0000,72770.32,295.28,0,0,0
668000,5966.5,132133.2,378296,452164,100.0000,98.4000,90.0500,57.3000,10.4000,0.0000,73039.27,295.67,0,0,0
670000,5991.9,133388.7,329088,452120,100.0000,98.5000,91.0000,58.7000,11.2500,0.0000,73402.20,292.79,0,0,0
672000,6017.4,134513.4,366980,452082,99.8000,97.9500,90.2000,59.8500,11.7500,0.0000,73251.74,295.22,0,0,0
674000,6042.7,134893.9,352096,452066,99.8000,98.2000,89.6500,58.8000,12.0500,0.0000,73433.22,294.49,0,0,0
676000,6067.9,134754.8,344440,452061,99.7500,98.1000,90.8000,58.0500,11.5000,0.0000,73577.56,294.98,0,0,0
678000,6092.6,133303.6,343856,452065,99.9500,98.1000,90.2500,56.1500,11.6000,0.0000,73689.64,296.25,0,0,0
680000,6117.4,133245.5,360400,452070,99.9000,98.4000,90.6000,57.5000,11.2000,0.0000,74050.58,295.08,0,0,0
682000,6142.4,135807.9,334752,452087,99.9000,98.1500,90.3500,60.4000,12.1500,0.0000,73956.23,297.21,0,0,0
684000,6167.5,135236.5,353816,452088,99.8500,98.3500,89.8500,57.7500,13.0500,0.0000,74343.34,295.92,0,0,0
686000,6192.7,135856.0,357908,452087,99.9000,98.8500,90.8000,59.4000,11.5500,0.0000,74236.34,298.41,0,0,0
688000,6217.5,134859.8,380520,452105,99.9500,98.6500,90.7000,57.7000,12.5000,0.0000,74464.51,296.81,0,0,0
690000,6243.5,138620.6,342732,452087,99.6500,98.4500,91.2000,60.6500,13.3000,0.0000,74532.54,298.49,0,0,0
692000,6269.1,136811.1,343432,452064,99.8500,98.4500,89.7000,59.2500,13.0500,0.0000,74731.50,297.94,0,0,0
694000,6294.2,135128.6,343524,452069,99.8500,98.3500,91.0500,58.2000,11.8000,0.0000,75042.15,295.93,0,0,0
696000,6319.5,137037.8,346800,452078,99.9500,98.4500,91.7500,59.2500,12.9500,0.0000,75165.63,296.82,0,0,0
698000,6344.2,134964.5,354132,452104,99.9000,98.3500,90.4000,58.4000,11.9500,0.0000,75380.76,296.47,0,0,0
700000,6369.5,136665.6,359276,452110,99.8000,97.9500,90.0500,58.6500,13.4500,0.0000,75375.68,298.35,0,0,0
702000,6394.9,135550.7,364920,452095,99.8500,97.9500,90.1000,58.1000,12.2500,0.0000,75536.22,297.21,0,0,0
704000,6420.6,137117.7,342200,452074,100.0000,98.5000,90.6500,59.2500,13.4000,0.0000,75637.27,299.13,0,0,0
706000,6446.5,137040.9,333824,452039,99.8500,98.4500,90.9000,59.1000,12.2000,0.0000,75845.06,296.55,0,0,0
708000,6472.2,134854.8,360040,451997,99.9500,98.1000,88.9500,58.1000,12.5500,0.0000,76230.53,296.08,0,0,0
710000,6498.0,134987.3,335376,451950,99.8000,98.0500,90.3500,58.6500,11.4500,0.0000,76301.82,296.48,0,0,0
712000,6524.2,138377.3,362368,451915,99.8500,98.5500,91.0500,60.6500,12.2000,0.0000,76129.29,299.08,0,0,0
714000,6549.6,135973.3,358940,451899,99.7500,98.4000,90.1500,58.3000,12.9500,0.0000,76575.64,297.84,0,0,0
716000,6575.6,138239.8,334476,451872,99.7500,98.4500,90.4000,60.5000,13.4500,0.0000,76675.79,297.69,0,0,0
718000,6602.0,138900.8,361320,451830,100.0000,98.7500,91.7000,59.7000,13.5500,0.0000,76624.75,299.24,0,0,0
720000,6627.7,135163.4,363256,451795,99.8500,98.7500,91.2000,58.7000,11.7000,0.0000,77022.14,298.51,0,0,0
722000,6653.1,136799.7,360940,451790,99.9500,97.5500,88.9000,57.5500,14.2000,0.0000,77130.50,299.33,0,0,0
724000,6679.0,138301.0,363208,451769,99.8500,98.5000,91.0500,60.8500,12.8500,0.0000,77281.10,297.78,0,0,0
726000,6705.0,139336.9,368052,451755,100.0000,98.9500,90.1500,60.3500,13.6500,0.0000,77161.08,301.13,0,0,0
728000,6730.8,138053.7,350304,451740,99.9000,98.9500,90.4500,58.3500,14.0500,0.0000,77549.80,300.83,0,0,0
730000,6756.4,136277.3,362992,451722,99.9500,98.3500,90.5500,58.8000,13.0000,0.0000,77848.11,297.38,0,0,0
732000,6782.1,137292.5,368568,451703,99.9500,98.2000,89.9500,60.3500,13.4500,0.0000,77767.78,302.47,0,0,0
734000,6808.3,139854.1,369064,451684,99.9000,99.0000,91.8000,60.5500,13.8000,0.0000,77863.32,301.48,0,0,0
736000,6834.6,140241.0,354024,451660,99.8500,98.8500,91.3500,60.6500,13.9000,0.0000,78011.52,300.70,0,0,0
738000,6861.2,141170.9,379036,451635,99.8500,98.3000,91.3000,60.7000,14.1000,0.0000,78095.07,301.21,0,0,0
740000,6887.4,139456.1,338348,451608,99.9000,98.5000,91.5500,60.6000,13.8500,0.0000,78369.86,300.42,0,0,0
742000,6913.7,140798.0,344300,451587,99.9500,98.2000,90.3000,61.2500,15.1000,0.0000,78415.32,302.60,0,0,0
744000,6939.6,139091.1,366496,451576,99.9000,98.4000,90.9500,60.2000,13.9000,0.0000,78621.30,303.08,0,0,0
746000,6966.0,141023.8,376288,451557,100.0000,99.0500,91.5500,61.3000,13.7000,0.0000,78670.76,302.12,0,0,0
748000,6992.2,139797.5,362912,451540,99.8000,98.3000,91.8500,59.3500,14.5000,0.0000,78977.99,302.96,0,0,0
750000,7018.8,142077.5,342412,451513,99.8000,98.3000,91.5500,61.5000,15.4000,0.0000,79046.66,302.04,0,0,0
752000,7045.1,138665.3,378164,451476,99.9500,98.6500,91.2500,59.7500,13.0000,0.0000,79356.87,302.48,0,0,0
754000,7071.7,142588.7,361160,451459,99.8000,98.7000,92.3000,62.6000,15.3000,0.0000,79493.00,301.22,0,0,0
756000,7097.8,140232.5,360340,451448,99.9000,98.3500,90.6000,60.2000,14.6500,0.0000,79660.45,301.71,0,0,0
758000,7123.9,142913.8,375916,451464,99.8500,98.7000,92.4000,63.0000,14.8000,0.0000,79643.53,301.58,0,0,0
760000,7150.5,142459.5,377132,451448,99.8500,98.4500,91.7000,62.2500,14.8500,0.0000,79906.50,301.60,0,0,0
762000,7176.3,139208.8,367336,451450,99.9000,98.4500,91.4500,60.1500,13.6000,0.0000,79916.09,305.92,0,0,0
764000,7203.3,142882.4,381748,451409,99.8500,98.5500,90.8500,62.9000,15.4000,0.0000,80006.57,305.19,0,0,0
766000,7230.3,142992.7,362744,451370,99.9500,98.8000,91.4000,60.6500,15.2500,0.0000,80169.44,305.44,0,0,0
768000,7256.6,139917.5,343592,451351,99.9000,98.5000,90.6500,61.2000,13.2500,0.0000,80414.73,303.49,0,0,0
770000,7282.7,139829.4,367168,451339,99.8000,98.1000,91.3500,61.6500,13.3000,0.0000,80705.98,302.52,0,0,0
772000,7308.6,139304.9,353612,451330,99.8000,98.0000,91.2000,60.3000,13.9500,0.0000,80742.93,306.72,0,0,0
774000,7335.4,143996.2,365996,451316,99.9000,98.0500,91.4000,61.6000,16.5000,0.0000,80721.62,304.90,0,0,0
776000,7362.1,142725.2,362964,451290,100.0000,98.6500,91.2500,62.4000,15.3000,0.0000,80954.61,305.59,0,0,0
778000,7388.6,141630.7,362628,451269,99.7000,98.2000,90.9500,61.2000,15.3500,0.0000,81118.21,305.87,0,0,0
780000,7415.1,142085.3,361796,451254,99.8500,98.6000,91.4500,61.7000,15.5000,0.0000,81344.68,307.25,0,0,0
782000,7441.4,141654.8,366808,451246,99.8000,98.4000,91.2500,61.7500,15.2000,0.0000,81401.78,305.81,0,0,0
784000,7468.0,142852.1,384676,451236,100.0000,98.6000,91.1500,62.4000,15.8000,0.0000,81570.82,304.58,0,0,0
786000,7494.5,143051.5,367180,451228,99.8000,98.0000,89.8500,63.7000,14.9000,0.0000,81637.20,304.98,0,0,0
788000,7521.0,143014.5,377996,451220,99.8500,98.2000,91.0500,61.4500,15.9000,0.0000,81756.94,306.48,0,0,0
790000,7548.0,143520.3,368268,451195,99.9500,98.3000,92.2000,62.6000,14.1000,0.0000,81923.68,305.00,0,0,0
792000,7574.4,140679.9,360988,451172,99.9500,98.7500,90.9500,59.7000,15.2500,0.0000,82227.71,306.78,0,0,0
794000,7600.7,141242.7,385560,451158,99.7500,98.4500,91.4500,60.6000,15.2500,0.0000,82328.75,306.46,0,0,0
796000,7627.6,145607.3,368228,451154,99.9500,98.7000,91.6500,62.4500,16.7000,0.0000,82213.79,306.44,0,0,0
798000,7654.4,144241.5,362980,451142,99.9500,98.8500,92.2500,61.7000,15.8000,0.0000,82617.89,304.59,0,0,0
800000,7680.6,143264.6,363200,451157,99.9000,98.6000,90.9000,61.8500,15.7000,0.0000,82536.99,309.23,0,0,0
802000,7707.3,143187.7,370608,451144,99.9500,98.6000,91.6500,61.9000,14.8500,0.0000,82658.37,309.91,0,0,0
804000,7733.9,141223.0,381772,451118,99.8000,98.6000,90.8000,58.8000,15.1500,0.0000,82868.59,310.01,0,0,0
806000,7760.8,143345.7,362740,451086,99.9000,98.6500,90.8000,61.1000,16.4000,0.0000,83096.70,308.57,0,0,0
808000,7787.6,145477.4,363328,451091,99.8500,98.4000,92.6000,64.0500,16.1500,0.0000,83154.97,308.19,0,0,0
810000,7814.2,145306.7,368436,451098,99.8000,98.4500,91.4000,62.8000,17.2000,0.0000,83136.04,309.59,0,0,0
812000,7840.7,143910.1,342472,451104,99.9000,99.1000,92.2500,61.9500,15.1500,0.0000,83339.98,311.19,0,0,0
814000,7867.3,142435.5,365536,451086,99.9500,98.5500,90.7500,60.6500,15.2500,0.0000,83668.17,308.87,0,0,0
816000,7894.7,145386.1,364008,451056,99.9000,98.2000,91.3500,62.2500,16.3500,0.0000,83565.07,309.59,0,0,0
818000,7921.6,142618.8,369192,451023,99.9000,98.3500,90.6000,61.6500,15.6000,0.0000,83806.34,310.45,0,0,0
820000,7948.8,145449.7,366392,450999,99.8500,98.6500,92.6000,63.3500,15.7500,0.0000,83897.82,309.79,0,0,0
822000,7975.7,145239.5,355604,450994,99.8500,98.5500,92.0500,62.8500,15.2500,0.0000,84106.89,309.05,0,0,0
824000,8002.6,144853.0,379656,450988,99.7500,98.5000,91.9500,63.6500,15.0500,0.0000,84214.56,311.33,0,0,0
826000,8029.4,143780.2,363068,450974,99.8500,98.8000,91.4000,61.0000,16.0000,0.0000,84415.16,310.88,0,0,0
828000,8056.9,146190.1,366996,450943,99.8500,98.1000,91.6000,63.5500,16.1500,0.0000,84560.21,309.24,0,0,0
830000,8084.6,149293.7,361456,450924,99.8500,98.6000,92.6000,63.9000,18.6000,0.0000,84372.42,312.29,0,0,0
832000,8112.1,146161.6,368644,450892,99.9000,98.1500,92.0500,63.5500,16.3000,0.0000,84930.07,308.94,0,0,0
834000,8139.9,148613.7,344512,450867,99.9500,98.5000,91.2500,63.6000,18.4000,0.0000,84754.10,310.88,0,0,0
836000,8167.1,144248.8,363008,450835,99.8000,98.8500,91.7000,62.6000,15.5000,0.0000,85090.14,312.02,0,0,0
838000,8194.3,144976.7,372520,450813,99.6500,98.7500,92.2500,61.7500,16.0500,0.0000,85243.61,310.80,0,0,0
840000,8221.4,144091.3,377580,450783,99.9500,98.9000,92.1500,63.4000,14.9500,0.0000,85390.95,312.24,0,0,0
842000,8248.5,144152.7,383156,450756,99.9000,98.4000,92.3000,61.9000,15.4500,0.0000,85742.77,309.10,0,0,0
844000,8276.2,146853.9,363276,450723,99.9000,98.8000,92.9000,63.4500,16.8500,0.0000,85648.39,312.16,0,0,0
846000,8303.2,144966.4,368604,450710,99.8500,98.4500,91.8000,61.4000,16.3000,0.0000,85840.26,313.84,0,0,0
848000,8330.6,146783.7,367148,450688,99.7000,98.5500,91.9000,64.4500,16.3000,0.0000,85693.51,313.47,0,0,0
850000,8358.3,145869.4,372768,450649,99.9500,99.0000,92.5500,63.1500,16.1500,0.0000,85916.23,314.04,0,0,0
852000,8386.0,147513.5,374444,450620,99.9500,98.9000,92.7500,63.3500,16.9500,0.0000,86046.31,312.52,0,0,0
854000,8413.8,148971.8,371296,450598,99.9500,98.1000,92.0000,64.1000,17.8500,0.0000,86078.45,312.88,0,0,0
856000,8441.4,146602.1,359892,450568,99.9500,99.0000,92.1000,62.8500,16.7500,0.0000,86386.17,312.42,0,0,0
858000,8469.0,147696.4,387024,450549,99.9000,98.4500,91.8500,63.6000,17.0500,0.0000,86514.83,312.18,0,0,0
860000,8496.8,148899.4,367140,450526,99.9000,98.2000,91.7500,63.6000,18.6000,0.0000,86680.28,312.11,0,0,0
862000,8524.1,146732.6,380980,450506,99.8000,98.2500,92.0500,62.4500,17.7500,0.0000,86941.63,311.71,0,0,0
864000,8552.0,149451.4,374088,450487,99.9000,98.8000,92.6500,63.8000,18.0500,0.0000,86854.06,313.91,0,0,0
866000,8579.5,148376.7,379220,450475,99.9000,98.1500,91.5000,65.0500,17.2000,0.0000,86775.72,315.92,0,0,0
868000,8607.1,147596.5,376392,450456,99.8500,98.6000,91.5500,63.2000,17.6500,0.0000,87193.13,314.68,0,0,0
870000,8634.7,146938.4,379236,450429,99.7500,98.3000,91.3500,63.3500,17.0500,0.0000,87317.45,314.13,0,0,0
872000,8662.1,146927.7,385728,450410,99.8500,98.4000,92.0500,63.1500,17.2500,0.0000,87588.58,313.62,0,0,0
874000,8689.8,147858.2,362664,450385,99.9500,98.8500,91.9500,63.3500,18.1500,0.0000,87662.56,315.01,0,0,0
876000,8717.9,150299.8,370528,450359,99.8000,97.8500,91.7500,64.4000,18.6500,0.0000,87597.61,316.30,0,0,0
878000,8745.7,148254.4,386744,450334,99.9000,98.4000,91.6500,64.3500,16.7500,0.0000,87760.16,317.05,0,0,0
880000,8773.5,148747.6,382624,450312,99.8500,98.1500,92.9000,63.6000,17.4000,0.0000,87944.76,314.23,0,0,0
882000,8801.1,147008.6,362844,450284,99.9500,98.4500,91.3500,62.6500,17.5500,0.0000,88154.37,314.35,0,0,0
884000,8829.0,149283.2,374176,450260,100.0000,98.7000,92.4000,64.6000,18.0500,0.0000,88237.48,315.29,0,0,0
886000,8856.5,147977.2,368152,450248,100.0000,98.7500,91.8000,64.6000,16.8000,0.0000,88446.02,316.40,0,0,0
888000,8884.5,151319.4,362364,450236,100.0000,98.9000,92.5000,64.8000,19.1000,0.0000,88421.86,315.32,0,0,0
890000,8911.5,145606.1,387304,450229,99.6000,98.2000,92.2500,61.8000,17.0500,0.0000,88781.23,316.28,0,0,0
892000,8939.8,151580.7,364172,450209,99.9000,99.0000,92.7500,66.0000,19.0000,0.0000,88603.47,317.25,0,0,0
894000,8967.6,149314.2,366900,450193,99.9500,98.3500,92.5500,64.1000,17.6000,0.0000,88958.93,316.31,0,0,0
896000,8995.2,149817.6,355436,450189,99.7500,98.3500,92.5500,63.8500,17.9500,0.0000,88864.98,317.04,0,0,0
898000,9023.5,152739.8,383396,450176,99.9000,98.3500,93.1500,64.8000,19.4500,0.0000,88883.45,317.94,0,0,0
900000,9051.5,151798.2,367152,450172,99.9500,98.5000,92.0000,65.3000,19.2000,0.0000,89145.20,317.10,0,0,0
902000,9079.5,150335.0,368072,450153,99.8000,98.5500,91.9500,64.4000,18.6000,0.0000,89457.22,317.06,0,0,0
904000,9107.2,150781.6,355556,450151,99.9000,98.4500,92.8500,65.2500,18.3000,0.0000,89340.61,319.42,0,0,0
906000,9134.3,147056.0,375820,450156,99.9500,98.7500,92.9000,64.4500,15.9500,0.0000,89755.71,317.66,0,0,0
908000,9161.5,147793.6,362944,450157,99.8500,98.3500,91.9500,64.2000,16.9500,0.0000,89943.54,318.11,0,0,0
910000,9189.1,147503.8,369096,450135,99.8000,98.4500,91.6500,62.6000,17.9000,0.0000,89931.57,320.56,0,0,0
912000,9217.0,150846.4,383140,450127,99.9000,98.9500,92.8000,64.5000,18.8000,0.0000,90058.25,317.54,0,0,0
914000,9244.8,150726.5,375060,450119,99.8500,98.4000,92.0500,65.4500,18.2500,0.0000,89947.89,318.77,0,0,0
916000,9272.8,148972.6,369332,450093,99.8500,98.4000,92.3500,64.1500,18.0500,0.0000,90323.04,319.63,0,0,0
918000,9299.8,148989.4,366568,450113,99.8000,98.3500,91.9000,64.9500,17.3000,0.0000,90389.88,320.14,0,0,0
920000,9327.5,150460.7,364580,450111,100.0000,99.2500,92.9000,64.9500,18.0000,0.0000,90520.44,319.06,0,0,0
922000,9355.1,149392.5,377320,450103,99.8000,98.1500,91.4500,64.4500,18.3500,0.0000,90658.78,319.36,0,0,0
924000,9383.2,151760.0,382648,450096,99.9000,98.5000,91.4500,65.6500,18.8000,0.0000,90446.82,323.84,0,0,0
926000,9411.2,151782.7,376872,450086,99.8000,98.2000,91.5500,65.9000,19.6000,0.0000,90745.48,322.28,0,0,0
928000,9438.9,149869.3,370660,450081,99.8000,98.2500,93.1000,64.4000,18.2500,0.0000,91007.88,321.78,0,0,0
930000,9466.9,150433.4,367296,450064,99.8500,98.5000,92.2500,65.0000,17.9500,0.0000,91125.56,318.82,0,0,0
932000,9495.2,151344.2,372016,450038,99.8500,98.3000,92.0000,66.0000,18.8500,0.0000,91054.13,322.91,0,0,0
934000,9523.1,149394.1,362800,450017,100.0000,98.3500,92.2000,64.0000,18.5500,0.0000,91692.06,317.59,0,0,0
936000,9551.8,152950.4,372252,449989,99.9000,98.3500,93.3000,65.9500,19.5500,0.0000,91516.21,318.44,0,0,0
938000,9579.5,149791.2,387312,449982,99.7000,98.6000,92.5000,63.4000,17.7000,0.0000,91683.68,320.16,0,0,0
940000,9608.0,153272.1,366288,449963,99.8000,98.5000,92.4500,65.7500,19.6500,0.0000,91497.75,321.26,0,0,0
942000,9636.2,154307.5,386424,449968,99.8000,98.5000,92.5000,67.3000,19.8000,0.0000,91649.57,320.71,0,0,0
944000,9663.3,147531.6,385384,449970,99.9000,97.7000,91.7000,64.0000,17.5500,0.0000,92103.57,323.70,0,0,0
946000,9690.3,149195.6,364648,449992,99.8500,98.1000,92.7000,65.8500,17.6000,0.0000,92253.18,322.24,0,0,0
948000,9718.2,152853.1,365428,450001,99.9000,98.7500,92.0000,66.8000,18.4000,0.0000,92020.84,322.55,0,0,0
950000,9746.2,151950.4,363652,449992,99.8500,97.9000,91.7500,65.7500,19.3000,0.0000,92348.02,320.09,0,0,0
952000,9774.3,151059.4,386188,449977,99.9000,98.6500,92.2500,64.9500,18.8500,0.0000,92558.70,321.74,0,0,0
954000,9802.1,153882.2,378048,449999,99.8500,99.0000,93.5000,65.6000,19.6500,0.0000,92464.17,323.88,0,0,0
956000,9830.0,151419.9,367948,449995,99.9500,98.7500,93.3500,64.8500,17.4500,0.0000,92593.51,321.18,0,0,0
958000,9858.0,151307.8,384348,449986,99.8000,98.4500,92.5000,64.9000,18.7000,0.0000,92940.79,321.21,0,0,0
960000,9885.8,150426.6,364428,449977,99.7500,98.6500,92.3000,64.9000,19.0500,0.0000,93178.04,321.65,0,0,0
962000,9915.0,158465.2,373636,449964,99.9500,98.8000,92.6000,68.4000,21.7000,0.0000,92653.65,321.86,0,0,0
964000,9943.1,153789.7,376776,449971,99.8500,98.3000,92.3000,65.9500,19.8000,0.0000,92988.57,321.97,0,0,0
966000,9970.8,152327.1,374132,449978,99.9000,99.0500,92.5500,65.3000,19.8000,0.0000,93283.99,325.45,0,0,0
968000,9998.6,155670.7,367812,450012,99.8500,98.8000,92.9500,66.4000,20.4500,0.0000,93257.81,322.58,0,0,0
970000,10025.9,153594.9,377320,450048,99.7000,98.0500,92.9500,65.6500,19.5500,0.0000,93275.11,324.84,0,0,0
972000,10053.0,151757.4,373836,450083,99.9000,98.7000,93.6000,66.0000,18.3000,0.0000,93441.80,326.23,0,0,0
974000,10081.0,152149.0,368908,450079,99.9000,98.9500,92.6000,64.3500,19.8500,0.0000,93832.56,323.59,0,0,0
976000,10109.1,154859.4,376760,450090,99.9000,99.0500,92.8500,65.4500,21.0000,0.0000,93942.01,322.32,0,0,0
978000,10137.5,152576.5,363140,450073,99.8500,98.3500,92.8500,65.5000,19.4500,0.0000,94323.36,321.79,0,0,0
980000,10165.9,155243.1,378896,450071,99.9500,98.5000,92.0500,68.0000,20.5500,0.0000,94070.53,325.84,0,0,0
982000,10194.0,152952.7,387044,450068,99.8500,98.2000,91.7500,65.6000,20.8000,0.0000,94353.55,324.22,0,0,0
984000,10222.4,154848.7,368928,450067,99.8500,98.9000,92.6000,65.5500,19.8000,0.0000,94204.95,324.10,0,0,0
986000,10250.6,152724.5,368024,450059,99.9500,99.1500,93.0000,65.8500,18.9500,0.0000,94503.73,327.21,0,0,0
988000,10279.3,156385.7,379500,450050,99.9500,98.5000,92.5500,66.1500,22.3000,0.0000,94435.27,324.28,0,0,0
990000,10307.8,153911.4,369464,450035,99.8500,98.4500,92.2000,65.9500,20.2500,0.0000,94802.27,322.98,0,0,0
992000,10335.6,152891.6,381512,450050,99.9500,98.8500,93.0500,66.6000,18.4500,0.0000,94686.16,327.79,0,0,0
994000,10362.7,153631.5,373964,450096,99.9000,98.7500,92.6000,66.4000,19.5500,0.0000,94873.42,324.98,0,0,0
996000,10390.5,155256.0,392900,450121,99.9000,98.7500,92.7500,66.0500,21.1000,0.0000,95037.47,325.61,0,0,0
998000,10417.5,152957.9,372608,450164,99.7500,98.7500,91.4000,65.6000,19.4500,0.0000,95122.40,325.90,0,0,0
1000000,10445.3,154111.9,367968,450184,99.9000,98.6500,93.1500,66.8000,20.2000,0.0000,95514.68,323.57,0,0,0
1002000,10472.9,153255.6,362364,450201,99.9000,98.6500,92.3500,65.7000,19.6500,0.0000,95258.98,328.86,0,0,0
1004000,10500.9,153053.6,370516,450205,99.6000,98.6500,92.6500,65.7000,19.8500,0.0000,95467.41,328.22,0,0,0
1006000,10528.4,150766.6,379624,450214,99.9000,98.2000,91.4500,63.9500,19.1000,0.0000,95519.53,328.96,0,0,0
1008000,10556.7,152906.6,383048,450199,99.9500,98.5500,93.0500,66.7000,19.0500,0.0000,95542.96,327.86,0,0,0
1010000,10585.5,155788.9,377840,450187,99.7000,98.4500,92.5000,65.8500,21.4500,0.0000,95638.10,328.75,0,0,0
1012000,10614.2,155871.0,377948,450180,100.0000,98.7500,93.5000,67.6000,20.5000,0.0000,95996.85,325.08,0,0,0
1014000,10641.9,153669.5,385024,450198,99.6500,98.4000,92.7000,66.1500,19.7000,0.0000,95963.47,326.75,0,0,0
1016000,10670.4,158115.3,368848,450208,99.9500,98.7000,93.6500,67.5500,21.7500,0.0000,95938.23,328.60,0,0,0
1018000,10699.0,155589.8,382084,450202,99.9500,98.5500,92.1000,66.6000,20.8000,0.0000,96046.97,328.28,0,0,0
1020000,10728.0,158061.6,368276,450198,99.9500,98.5500,93.0000,67.5000,22.3000,0.0000,96193.00,328.29,0,0,0
1022000,10756.3,155953.3,370676,450203,99.6500,98.2000,92.1500,65.9500,21.7500,0.0000,96162.95,327.88,0,0,0
1024000,10785.2,157746.3,386960,450199,99.9000,99.1000,93.7500,66.9500,21.3500,0.0000,96484.67,328.10,0,0,0
1026000,10814.3,158057.6,366332,450190,99.7500,98.5000,92.9500,68.9500,21.6500,0.0000,96570.47,327.92,0,0,0
1028000,10842.7,155701.0,375648,450190,99.8500,98.5000,92.9500,65.6000,21.3500,0.0000,96783.66,326.31,0,0,0
1030000,10872.0,158268.7,386556,450173,99.8500,98.4500,92.4500,67.3000,22.9000,0.0000,96908.21,326.69,0,0,0
1032000,10900.7,155952.6,372852,450166,99.7500,98.8000,93.2000,66.4500,21.3000,0.0000,96940.22,331.45,0,0,0
1034000,10929.7,156036.4,389100,450144,100.0000,98.8000,93.6500,65.7500,21.5000,0.0000,97192.57,327.62,0,0,0
1036000,10958.5,155350.3,369480,450127,99.7500,98.7000,92.9000,67.7000,20.5000,0.0000,97254.67,328.78,0,0,0
1038000,10987.1,154358.2,374244,450114,99.9500,98.7000,92.9500,66.7500,20.3500,0.0000,97438.23,328.14,0,0,0
1040000,11015.6,154944.3,385748,450106,99.9000,98.6500,92.8500,65.9500,20.5000,0.0000,97558.65,327.47,0,0,0
1042000,11044.7,157265.5,386932,450093,99.7500,98.4500,92.4000,66.3500,22.4500,0.0000,97627.65,328.62,0,0,0
1044000,11074.0,159242.5,385304,450082,100.0000,98.6500,92.9500,68.5500,22.1000,0.0000,97452.94,330.48,0,0,0
1046000,11103.2,159003.8,384348,450073,99.6500,98.5500,92.8000,66.6500,22.5000,0.0000,97758.65,327.50,0,0,0
1048000,11130.8,152309.0,361348,450084,99.9000,98.3000,91.8000,63.3500,20.7500,0.0000,97956.91,329.04,0,0,0
1050000,11158.9,156317.3,365296,450105,99.9500,98.9000,92.3500,66.8000,21.5000,0.0000,97839.51,330.77,0,0,0
1052000,11187.2,157559.4,389148,450122,99.9000,98.6500,92.4500,68.2000,21.2000,0.0000,98019.10,330.69,0,0,0
1054000,11214.8,158060.1,382364,450171,99.7000,98.4000,93.0500,67.6000,21.9500,0.0000,98159.71,330.86,0,0,0
1056000,11241.9,153760.8,360696,450212,99.8000,98.3500,92.3500,65.4500,20.9500,0.0000,98206.93,330.66,0,0,0
1058000,11269.9,155536.5,375748,450231,99.8000,98.5000,92.6500,67.2500,20.3500,0.0000,98573.72,327.56,0,0,0
1060000,11299.0,159860.2,381720,450232,99.7500,98.8000,93.8000,67.8000,23.1500,0.0000,98268.26,333.33,0,0,0
1062000,11327.5,156357.0,367040,450235,99.8500,98.5000,93.3500,67.7500,20.5500,0.0000,98649.74,330.53,0,0,0
1064000,11356.5,159302.9,386392,450236,99.9000,98.6000,93.5500,67.5500,22.2500,0.0000,98457.91,334.44,0,0,0
1066000,11385.1,156730.4,371096,450234,99.9000,98.4500,92.7000,67.7000,22.2000,0.0000,98855.47,332.52,0,0,0
1068000,11414.3,158623.6,376420,450225,99.9000,98.7500,93.2000,67.6500,22.1500,0.0000,98964.68,331.70,0,0,0
1070000,11442.5,157382.1,363880,450246,99.9000,98.8000,93.3500,67.8000,21.4000,0.0000,99127.90,329.65,0,0,0
1072000,11471.8,161076.1,387372,450247,99.8000,98.6500,93.4000,68.0500,22.3500,0.0000,98615.86,333.46,0,0,0
1074000,11499.5,157028.2,384492,450283,99.9000,98.7000,93.2500,67.4500,21.5500,0.0000,99446.15,329.66,0,0,0
1076000,11527.3,158249.4,387332,450324,99.8500,98.4500,92.9500,67.7000,21.7500,0.0000,99203.01,333.25,0,0,0
1078000,11555.7,161392.1,376064,450363,99.9000,98.9000,93.2000,68.8500,23.4500,0.0000,99153.99,334.41,0,0,0
1080000,11583.8,159375.7,371188,450397,99.7500,98.3500,92.4500,68.4000,22.8500,0.0000,99622.86,331.50,0,0,0
1082000,11612.1,160072.4,382496,450430,99.9000,98.1500,92.7000,67.5000,24.3500,0.0000,99650.05,332.58,0,0,0
1084000,11639.6,157303.2,375468,450473,99.7500,98.3000,92.1000,66.1500,22.2500,0.0000,99775.32,332.05,0,0,0
1086000,11667.2,159836.4,385000,450529,99.7500,98.6000,92.8000,66.4500,24.3000,0.0000,99858.37,332.91,0,0,0
1088000,11695.2,160465.4,364752,450574,99.8500,97.7000,92.4000,67.8000,23.9000,0.0000,99905.38,332.04,0,0,0
1090000,11724.0,158532.0,371052,450577,99.7000,98.4500,92.3000,67.8500,22.8000,0.0000,100321.70,331.54,0,0,0
1092000,11753.3,158193.7,378108,450559,100.0000,98.3000,92.6500,66.5500,23.3500,0.0000,100282.16,335.27,0,0,0
1094000,11782.6,160054.7,386232,450550,99.9500,99.0000,93.2000,67.4500,23.8000,0.0000,100179.13,333.35,0,0,0
1096000,11811.8,158856.9,366544,450538,99.8500,98.8000,92.7500,67.8000,23.6000,0.0000,100539.60,333.68,0,0,0
1098000,11841.0,159714.7,368604,450532,99.9500,99.1500,92.9500,67.5500,23.5500,0.0000,100387.90,333.57,0,0,0
1100000,11869.9,157431.1,374092,450524,99.9000,98.9500,92.6500,66.0000,22.6000,0.0000,100725.58,334.45,0,0,0
1102000,11899.5,160699.1,384196,450511,99.8000,98.7000,93.7000,68.8000,22.9500,0.0000,100888.51,331.06,0,0,0
1104000,11929.3,160793.1,368920,450489,99.8000,99.0000,93.2000,67.4500,24.3500,0.0000,100865.31,332.72,0,0,0
1106000,11958.7,160251.7,362976,450477,99.9000,98.6500,92.5500,68.6000,23.9000,0.0000,100917.45,334.23,0,0,0
1108000,11987.6,156720.3,380084,450464,99.7500,98.5500,93.0500,66.5500,21.9000,0.0000,101354.53,331.82,0,0,0
1110000,12016.7,158426.9,378264,450454,99.9000,98.6000,93.0000,67.2500,23.4000,0.0000,101344.95,333.62,0,0,0
1112000,12046.2,160055.0,384680,450440,99.6500,98.5500,92.6500,67.6000,23.7000,0.0000,101263.97,333.57,0,0,0
1114000,12076.0,162499.5,382532,450428,99.8000,98.7000,93.9000,68.6000,24.2500,0.0000,101203.86,336.14,0,0,0
1116000,12105.2,158355.2,385552,450417,99.9000,98.6500,92.9000,67.0000,22.8500,0.0000,101495.25,335.29,0,0,0
1118000,12134.2,157303.9,384416,450401,99.8500,98.8000,92.0500,66.2500,23.2500,0.0000,101692.22,333.44,0,0,0
1120000,12163.5,159717.1,386644,450395,99.6500,98.5000,93.4000,68.3000,22.8500,0.0000,101947.98,332.38,0,0,0
1122000,12192.1,154939.3,385932,450380,99.7000,98.1500,91.4500,65.2000,22.0500,0.0000,102091.79,335.41,0,0,0
1124000,12221.8,162550.3,386084,450374,99.9000,99.1000,94.2500,68.5000,25.0500,0.0000,101913.99,334.70,0,0,0
1126000,12251.6,160410.9,387236,450352,99.7500,97.9000,92.5000,67.0500,24.3000,0.0000,101948.98,334.67,0,0,0
1128000,12280.9,157750.1,375508,450332,99.7000,98.4000,93.7500,66.7000,22.0000,0.0000,102059.42,336.76,0,0,0
1130000,12310.7,160517.4,386992,450310,99.9500,98.8500,93.2000,67.0000,24.0000,0.0000,102164.72,338.45,0,0,0
1132000,12339.9,159225.4,367800,450299,100.0000,98.6000,92.7000,67.3000,24.0500,0.0000,102321.10,337.44,0,0,0
1134000,12369.7,160197.9,382896,450276,99.7000,99.0000,93.3500,68.0000,23.7000,0.0000,102593.63,333.90,0,0,0
1136000,12399.1,161243.0,386296,450270,99.9000,98.8500,93.0000,68.8000,24.4500,0.0000,102687.47,334.44,0,0,0
1138000,12428.9,159870.4,386612,450245,99.9000,98.9500,92.4500,66.6000,24.2000,0.0000,102560.77,337.79,0,0,0
1140000,12457.9,157477.3,374196,450234,99.8000,98.0500,92.2000,65.7500,23.0500,0.0000,102731.34,338.57,0,0,0
1142000,12487.7,162960.6,382456,450226,99.7500,98.4000,93.3000,68.8000,25.9000,0.0000,102811.22,336.95,0,0,0
1144000,12517.6,162335.5,381804,450209,99.7500,98.9000,94.0500,67.6500,25.5000,0.0000,102993.77,335.78,0,0,0
1146000,12547.3,162261.2,385176,450199,99.8500,98.9000,93.1000,67.2000,25.6000,0.0000,102931.63,335.99,0,0,0
1148000,12577.2,162808.4,387172,450186,100.0000,98.8500,94.1000,69.4000,24.6000,0.0000,103239.35,334.18,0,0,0
1150000,12606.6,158533.9,378868,450168,99.9500,98.8000,93.1000,65.9000,23.5000,0.0000,103632.99,334.91,0,0,0
1152000,12636.3,160267.0,385672,450147,99.9500,98.7000,92.9000,68.2500,24.2000,0.0000,103261.42,338.06,0,0,0
1154000,12666.0,161783.1,384412,450136,99.7500,98.5000,93.6000,69.4500,24.9500,0.0000,103640.44,333.43,0,0,0
1156000,12695.3,161321.2,386352,450136,99.9000,98.8500,92.9000,67.9000,25.1000,0.0000,103603.54,335.98,0,0,0
1158000,12724.8,159933.5,382980,450120,99.7500,98.3500,93.0000,66.4500,24.3000,0.0000,103858.92,334.30,0,0,0
1160000,12754.5,163212.5,378260,450118,99.9500,98.7000,93.5000,68.3000,26.4000,0.0000,103935.69,335.11,0,0,0
1162000,12785.1,166396.7,377872,450101,99.8000,99.3500,93.9500,69.5000,27.0500,0.0000,103782.11,335.48,0,0,0
1164000,12815.2,162584.1,386236,450079,99.9000,98.9000,93.6500,68.0000,25.5500,0.0000,104080.99,335.58,0,0,0
1166000,12845.0,162093.4,386608,450066,99.9000,98.2000,92.8500,69.1000,25.0000,0.0000,104128.23,336.61,0,0,0
1168000,12875.3,164633.3,378088,450048,99.8000,98.6500,93.2000,69.2000,26.5000,0.0000,104126.51,336.11,0,0,0
1170000,12905.2,161452.6,387168,450030,99.8500,98.7000,93.2500,68.0500,24.7500,0.0000,104478.92,338.74,0,0,0
1172000,12935.5,165301.2,383388,450018,99.9500,99.2500,94.6000,70.7000,25.4500,0.0000,104405.55,337.50,0,0,0
1174000,12965.2,161622.1,387332,450007,99.8000,98.8500,93.3000,68.0500,24.7000,0.0000,104544.30,339.14,0,0,0
1176000,12994.7,165479.3,378096,450020,99.9500,98.5500,94.0000,71.1500,26.6000,0.0000,104623.46,338.61,0,0,0
1178000,13024.1,164667.7,386800,450037,99.7500,98.9000,93.4500,68.9500,25.9000,0.0000,104664.42,339.73,0,0,0
1180000,13053.5,165953.2,384200,450060,100.0000,98.7500,93.3000,69.2000,26.3000,0.0000,104498.23,339.23,0,0,0
1182000,13082.1,159277.6,387156,450071,99.7500,99.1000,92.5000,67.2500,24.2000,0.0000,105209.91,339.54,0,0,0
1184000,13111.1,161289.6,386768,450083,99.7000,98.3000,92.0500,67.4500,25.0500,0.0000,105117.77,336.68,0,0,0
1186000,13140.8,165241.4,381624,450089,99.9000,98.8500,93.5500,68.0500,26.8500,0.0000,105084.61,336.63,0,0,0
1188000,13170.0,165870.1,386276,450119,99.8500,98.7000,93.9500,69.8000,26.4000,0.0000,105257.11,336.60,0,0,0
1190000,13197.7,162495.2,386924,450180,99.9000,99.1500,93.9000,67.8000,25.5000,0.0000,105465.93,338.84,0,0,0
1192000,13226.1,163605.1,387112,450222,99.8500,98.8500,93.3500,69.0000,25.8000,0.0000,105661.11,337.70,0,0,0
1194000,13254.9,167342.6,386972,450270,99.7500,98.8000,93.4000,69.7500,27.4500,0.0000,105366.36,338.17,0,0,0
1196000,13284.1,165068.3,378664,450294,99.8500,98.8500,93.7000,68.4000,26.6000,0.0000,105668.00,338.28,0,0,0
1198000,13313.1,166416.0,386332,450330,99.8500,98.5500,93.2500,70.3500,27.4500,0.0000,105567.96,339.38,0,0,0
1200000,13342.4,164844.7,385400,450350,99.9000,99.1000,94.0000,70.6000,25.9500,0.0000,105974.30,339.14,0,0,0
1202000,13371.6,162936.6,384832,450363,99.8500,98.4000,93.1000,68.7500,25.5500,0.0000,105972.13,339.84,0,0,0
1204000,13401.1,166393.5,386396,450378,99.8000,98.7000,94.0000,68.1500,27.8000,0.0000,105948.96,341.49,0,0,0
1206000,13431.0,164635.0,387092,450374,99.8000,98.3500,92.9000,67.8500,27.7500,0.0000,106113.13,338.97,0,0,0
1208000,13461.0,163471.6,386192,450360,99.8000,98.7500,93.5500,67.2500,26.3500,0.0000,106192.23,339.05,0,0,0
1210000,13490.3,164063.8,386156,450377,99.7000,98.4000,92.9500,68.7000,26.2000,0.0000,106229.31,338.91,0,0,0
1212000,13520.8,167487.3,387668,450366,99.7500,98.9000,93.5500,69.1500,28.0000,0.0000,106305.26,339.80,0,0,0
1214000,13551.4,167479.3,385464,450352,99.9500,98.3500,93.1000,69.7500,28.7500,0.0000,106395.17,338.22,0,0,0
1216000,13582.2,167426.0,381548,450334,99.9500,98.8500,92.8500,68.9500,29.7000,0.0000,106423.41,338.85,0,0,0
1218000,13612.2,165082.2,379552,450328,99.8000,98.6500,93.4000,68.2500,27.2500,0.0000,106605.56,340.03,0,0,0
1220000,13642.6,166484.3,386780,450317,99.9000,98.7500,92.7500,70.0500,27.1500,0.0000,106786.32,339.21,0,0,0
1222000,13673.2,167468.8,385140,450308,99.8500,98.5500,92.5500,69.7500,28.1000,0.0000,106830.16,340.13,0,0,0
1224000,13702.9,164663.7,386388,450309,99.7000,98.4000,92.9000,68.8000,26.3500,0.0000,107228.90,339.19,0,0,0
1226000,13732.0,166371.3,385124,450340,99.9500,98.5000,93.5000,69.8500,27.6000,0.0000,107211.17,338.89,0,0,0
1228000,13762.4,170384.0,374712,450351,99.8500,98.7500,93.9000,71.4500,29.5500,0.0000,107410.09,337.66,0,0,0
1230000,13792.8,166850.9,384108,450343,99.7500,98.5500,93.6500,69.4500,28.3500,0.0000,107441.76,339.11,0,0,0
1232000,13822.7,165455.2,386828,450343,99.7000,98.5500,93.3500,68.6500,26.9000,0.0000,107444.58,337.65,0,0,0
1234000,13853.6,168363.4,386552,450326,99.9500,98.8000,94.3000,69.9500,28.2000,0.0000,107566.34,339.14,0,0,0
1236000,13884.6,169049.4,385304,450311,99.8500,98.7000,93.7500,70.1500,29.3500,0.0000,107511.63,342.07,0,0,0
1238000,13914.1,163794.4,386896,450315,99.9500,98.7000,92.8000,67.8000,25.8000,0.0000,107693.82,341.21,0,0,0
1240000,13944.5,168091.8,388224,450313,99.8500,98.8500,93.3500,69.4000,28.3000,0.0000,107746.41,339.65,0,0,0
1242000,13974.8,166971.7,387108,450308,99.8500,98.9500,94.0500,69.8500,27.5000,0.0000,107937.29,340.53,0,0,0
1244000,14005.3,166876.9,384804,450297,99.9500,98.8000,94.0000,69.2000,28.2500,0.0000,108193.75,338.51,0,0,0
1246000,14034.6,166557.5,386488,450325,99.8000,98.6500,93.6500,69.2500,27.6000,0.0000,108256.53,339.38,0,0,0
1248000,14063.0,164827.8,386476,450369,99.8500,98.5000,93.3000,67.9500,27.2500,0.0000,108246.90,340.64,0,0,0
1250000,14092.1,169156.7,386668,450413,99.8000,98.7000,93.3500,70.3000,29.3500,0.0000,108295.02,339.00,0,0,0
1252000,14121.2,163492.3,386532,450429,99.8000,98.8500,93.5500,68.4000,25.9000,0.0000,108628.51,343.22,0,0,0
1254000,14150.5,166803.6,387320,450455,99.8500,98.9500,93.7500,71.0000,27.0000,0.0000,108811.71,340.59,0,0,0
1256000,14180.8,169604.2,386196,450463,99.8500,98.6000,93.4500,70.0500,29.7000,0.0000,108433.34,340.69,0,0,0
1258000,14211.1,167260.1,382904,450459,99.8500,98.4500,93.8500,69.7500,28.0000,0.0000,108644.48,343.28,0,0,0
1260000,14241.1,165140.2,386180,450455,99.9000,99.0000,94.1000,69.5000,26.2000,0.0000,109069.47,338.95,0,0,0
1262000,14270.7,169752.7,385244,450485,99.9500,98.6500,93.1500,70.1000,29.1500,0.0000,108649.50,343.04,0,0,0
1264000,14300.0,165917.6,386528,450506,99.6500,98.4500,94.3500,68.8000,26.6500,0.0000,109184.77,340.40,0,0,0
1266000,14329.5,167618.6,386540,450532,99.9500,98.6000,93.3000,70.0000,28.1500,0.0000,109209.68,341.37,0,0,0
1268000,14358.9,167315.0,385696,450555,99.9000,98.9000,93.4500,69.6000,28.1500,0.0000,109362.96,341.92,0,0,0
1270000,14389.0,165717.0,386416,450552,99.9000,98.5000,92.1000,67.3500,27.5500,0.0000,109010.93,345.35,0,0,0
1272000,14418.7,166156.3,387368,450560,99.8500,98.3500,93.2500,68.9000,27.4500,0.0000,109299.03,343.16,0,0,0
1274000,14449.1,168334.9,384756,450560,99.8000,98.3000,93.3000,69.3000,28.8500,0.0000,109381.84,341.69,0,0,0
1276000,14478.8,167293.6,530648,450573,99.9000,98.8500,94.5000,69.6000,27.6000,0.0500,109568.48,342.94,0,0,0
1278000,14508.3,166259.6,386708,450591,99.9500,98.5500,93.7500,68.8000,27.4000,0.0000,109682.83,341.28,0,0,0
1280000,14538.6,169114.7,419880,450597,99.8000,98.9500,93.0500,70.0000,29.0500,0.0000,109608.22,343.48,0,0,0
1282000,14568.7,168204.7,384920,450602,99.9500,98.8000,93.6000,69.8000,28.5000,0.0000,109824.13,341.93,0,0,0
1284000,14599.5,172805.1,386504,450613,99.9500,99.0500,94.0500,72.7500,30.0500,0.0000,109783.45,342.89,0,0,0
1286000,14629.7,168243.1,386752,450616,99.9000,99.0500,93.5500,69.7000,28.2500,0.0000,110092.34,341.42,0,0,0
1288000,14660.4,169649.5,385420,450610,99.8500,98.8000,93.9500,68.8500,30.4000,0.0000,110001.87,342.82,0,0,0
1290000,14690.3,168159.9,387012,450622,99.8500,98.4500,93.7000,69.2500,28.4500,0.0000,110359.65,341.71,0,0,0
1292000,14721.0,171517.9,385420,450627,99.8000,99.0000,94.8500,70.5000,29.5500,0.0000,110375.35,340.41,0,0,0
1294000,14751.0,165723.1,385704,450627,99.8500,98.8000,93.3500,69.0000,27.9500,0.0000,110711.23,341.97,0,0,0
1296000,14781.8,170776.3,386036,450625,99.9500,98.5500,93.4500,70.8500,29.4500,0.0000,110209.23,342.97,0,0,0
1298000,14811.5,168450.1,383436,450644,99.7000,98.4000,93.6500,69.7000,28.4000,0.0000,110666.70,341.99,0,0,0
1300000,14841.8,168476.6,386356,450647,99.8500,98.5000,93.7000,69.6000,28.4000,0.0000,110690.98,341.12,0,0,0
1302000,14871.2,166946.0,387124,450668,99.9000,98.7500,93.7500,68.8000,27.4500,0.0000,111199.18,338.32,0,0,0
1304000,14900.8,166737.8,387024,450686,99.7500,98.5000,93.1000,69.4500,27.3500,0.0000,111111.72,343.15,0,0,0
1306000,14931.2,172607.7,387160,450702,99.8500,98.9500,93.7500,70.1500,30.5000,0.0000,110534.37,344.36,0,0,0
1308000,14961.5,166493.3,387300,450697,99.8500,98.6000,92.6000,68.8500,27.7500,0.0000,111246.12,341.48,0,0,0
1310000,14991.6,171320.2,387056,450716,99.9500,99.1500,94.4000,71.8000,29.5500,0.0000,111204.29,343.12,0,0,0
1312000,15021.9,169462.3,386816,450722,100.0000,98.9500,93.9000,68.5000,29.1500,0.0000,111230.99,342.01,0,0,0
1314000,15051.7,170097.4,383256,450747,99.8500,98.6000,92.6500,70.5500,29.0000,0.0000,111455.50,340.55,0,0,0
1316000,15081.5,167506.6,387268,450759,99.7000,98.3500,93.7500,68.6000,28.2500,0.0000,111715.68,342.80,0,0,0
1318000,15112.2,169430.8,387004,450756,99.9000,98.5000,93.6500,69.2000,29.2500,0.0000,111697.79,341.96,0,0,0
1320000,15142.3,169877.4,387208,450769,99.9000,98.4500,92.7500,69.3000,29.9000,0.0000,111579.14,342.90,0,0,0
1322000,15172.0,171949.6,384740,450803,99.8500,98.9000,94.5500,70.7000,30.4000,0.0000,111731.23,344.42,0,0,0
1324000,15201.3,168588.6,386600,450837,99.9500,98.8000,94.0500,69.5500,28.2000,0.0000,112054.94,343.84,0,0,0
1326000,15231.3,167763.7,387088,450842,99.9000,98.9500,93.6500,69.4500,28.5000,0.0000,112248.84,343.68,0,0,0
1328000,15262.4,169983.2,385528,450827,99.9000,98.8500,93.3500,70.5500,29.4000,0.0000,111951.21,345.72,0,0,0
1330000,15292.3,170356.7,387196,450849,99.8500,98.7500,94.4500,69.9500,29.9000,0.0000,112088.36,343.51,0,0,0
1332000,15321.3,167803.1,381268,450886,99.8000,98.5000,93.6500,69.2000,28.4000,0.0000,112219.98,345.13,0,0,0
1334000,15351.0,169844.5,385564,450909,99.9000,98.8000,93.3500,70.3000,29.3500,0.0000,112318.05,343.96,0,0,0
1336000,15380.3,168874.4,387124,450942,100.0000,98.9500,94.1500,69.6500,28.8500,0.0000,112418.22,345.02,0,0,0
1338000,15409.8,170119.6,387136,450975,99.7500,98.6500,93.2000,69.0000,30.0000,0.0000,112365.95,343.93,0,0,0
1340000,15439.4,168360.0,387300,450996,99.8000,98.6000,93.6500,70.6000,27.7000,0.0000,112726.69,341.66,0,0,0
1342000,15469.6,170086.0,385580,451008,99.7000,98.4000,93.4500,70.3500,29.3000,0.0000,112606.04,345.19,0,0,0
1344000,15500.7,173393.6,387028,451009,99.8000,98.8000,94.2500,71.1500,29.9000,0.0000,112719.44,343.08,0,0,0
1346000,15531.0,172881.9,418396,451029,99.8500,98.8500,93.9500,70.4500,30.3000,0.0000,112619.63,346.14,0,0,0
1348000,15561.3,171343.7,387484,451045,99.9000,98.7500,93.9500,70.7500,29.6000,0.0000,112880.24,345.72,0,0,0
1350000,15591.2,169528.8,380668,451060,99.9000,99.0500,93.1500,69.9000,29.0000,0.0000,113261.09,342.34,0,0,0
1352000,15621.0,170650.9,386972,451086,99.7500,99.0000,94.4000,69.7000,29.7000,0.0000,113259.16,344.56,0,0,0
1354000,15650.6,170242.1,387148,451114,99.8500,98.9000,93.0000,70.4000,29.0500,0.0000,113174.93,345.81,0,0,0
1356000,15681.8,171738.0,386424,451104,99.8500,98.8500,93.9000,69.8500,30.3000,0.0000,113285.73,342.48,0,0,0
1358000,15712.9,172282.5,386992,451099,99.9000,98.4500,94.1500,70.7500,30.2500,0.0000,113173.05,343.85,0,0,0
1360000,15742.8,167301.1,386412,451107,99.9000,98.8500,93.1500,68.3500,28.2000,0.0000,113572.53,343.44,0,0,0
1362000,15773.0,172198.4,388844,451128,99.9000,98.6500,94.2500,72.2500,29.5000,0.0000,113770.37,342.02,0,0,0
1364000,15803.8,172810.3,387068,451134,99.7500,98.5500,93.2000,70.8500,30.8000,0.0000,113454.04,345.96,0,0,0
1366000,15833.9,173805.1,387364,451163,99.8500,99.2000,94.6500,71.3500,30.6500,0.0000,113612.22,344.42,0,0,0
1368000,15864.3,171467.4,386524,451177,99.9000,99.0000,93.7000,69.8000,29.9500,0.0000,113830.53,345.45,0,0,0
1370000,15894.5,175975.3,388244,451213,99.8500,98.8000,94.9500,72.4000,32.0000,0.0000,113886.22,344.68,0,0,0
1372000,15925.0,172694.8,387092,451226,99.8500,98.8500,93.6000,70.4000,30.2000,0.0000,114008.02,344.78,0,0,0
1374000,15955.3,170339.7,387300,451235,99.7500,98.6000,93.7000,69.1500,29.9500,0.0000,114118.87,345.33,0,0,0
1376000,15986.4,172008.2,387040,451231,99.8000,98.9500,94.1000,71.0500,29.5000,0.0000,114234.17,344.24,0,0,0
1378000,16016.6,170530.1,387012,451243,99.9500,99.1500,94.3000,71.1000,28.4500,0.0000,114715.70,343.46,0,0,0
1380000,16047.1,170475.7,387016,451247,99.9000,98.9500,94.4000,68.6000,30.1500,0.0000,114692.17,343.60,0,0,0
1382000,16078.6,173787.6,386784,451240,99.9000,99.0500,94.8000,71.3000,30.7000,0.0000,114470.85,343.73,0,0,0
1384000,16110.4,176412.9,387040,451234,99.8500,98.8000,94.9000,72.1500,31.6000,0.0000,114526.46,343.16,0,0,0
1386000,16140.3,171282.3,382836,451259,99.9000,98.9500,93.5000,69.4500,30.2500,0.0000,114901.03,342.87,0,0,0
1388000,16171.4,173761.5,384468,451258,99.8500,98.8500,94.1500,70.4000,31.5000,0.0000,114547.64,346.13,0,0,0
1390000,16202.8,175378.6,387228,451257,99.8000,98.7000,94.0000,71.4500,32.1500,0.0000,114505.02,345.18,0,0,0
1392000,16234.1,174198.0,386308,451255,99.7500,98.6000,93.7500,72.0000,30.7500,0.0000,114962.80,344.82,0,0,0
1394000,16265.6,173071.8,387172,451243,99.8500,98.8500,94.2000,70.4500,30.4000,0.0000,114959.82,347.36,0,0,0
1396000,16296.2,173491.4,468416,451257,99.8500,98.6000,93.6500,71.5500,30.9500,0.0500,114979.09,347.38,0,0,0
1398000,16327.4,172761.0,386848,451250,99.9500,98.8500,93.7000,69.5500,30.6000,0.0000,115166.89,345.02,0,0,0
1400000,16358.1,175139.5,386556,451268,99.6500,98.6500,93.5500,71.7000,32.2000,0.0000,115155.90,347.13,0,0,0
1402000,16389.5,174278.9,386608,451262,99.9000,99.2500,94.2000,70.8000,31.7500,0.0000,115196.88,348.03,0,0,0
1404000,16420.9,171875.0,386884,451248,99.7500,98.5000,93.2500,70.2000,30.5500,0.0000,115646.11,343.97,0,0,0
1406000,16452.8,176347.0,386548,451237,99.8500,98.9500,94.3500,71.4000,31.5500,0.0000,115499.00,345.27,0,0,0
1408000,16484.5,175479.3,386900,451230,99.7500,99.0500,95.0000,70.9500,31.7500,0.0000,115681.68,343.58,0,0,0
1410000,16515.8,174851.3,386408,451231,99.8000,98.9500,94.0500,71.7500,31.2500,0.0000,115781.84,345.57,0,0,0
1412000,16546.1,174430.0,388816,451259,99.8000,98.4000,94.3500,72.1000,31.2500,0.0000,115915.77,346.49,0,0,0
1414000,16576.6,176246.4,386984,451285,99.8500,99.0500,94.2000,72.2000,31.2000,0.0000,115732.26,344.44,0,0,0
1416000,16606.2,172314.1,386704,451321,99.8000,99.0000,93.8500,70.3500,30.0000,0.0000,116098.44,344.43,0,0,0
1418000,16635.9,173462.8,387112,451361,99.9000,98.7500,93.6000,72.2000,30.4000,0.0000,116228.90,343.79,0,0,0
1420000,16666.8,176157.8,387172,451375,99.7000,98.7000,93.7500,71.5500,32.1000,0.0000,115957.35,344.92,0,0,0
1422000,16697.0,176110.5,386068,451410,99.8500,98.7000,94.0500,71.3500,32.4000,0.0000,116071.36,347.37,0,0,0
1424000,16727.0,175425.7,387240,451448,99.8500,98.9000,94.0000,70.2000,32.0500,0.0000,116381.71,342.04,0,0,0
1426000,16757.3,177087.9,428912,451487,99.9500,99.1000,94.3500,73.0500,31.4000,0.0000,116349.27,346.47,0,0,0
1428000,16786.9,173034.8,419112,451525,100.0000,99.4000,94.7500,70.4500,30.0000,0.0000,116568.53,346.72,0,0,0
1430000,16818.9,177058.5,386872,451515,99.9000,98.5500,94.0000,72.0000,32.0500,0.0000,116385.94,347.55,0,0,0
1432000,16850.6,174444.7,385360,451504,99.8500,98.8500,94.0500,71.5500,30.2000,0.0000,116672.31,346.67,0,0,0
1434000,16881.7,174354.9,433432,451506,99.9000,98.8000,94.7000,71.5500,30.6500,0.0000,116887.57,344.06,0,0,0
1436000,16911.8,174775.4,419552,451538,99.9500,98.7000,94.5500,71.3000,31.6500,0.0000,117052.64,345.40,0,0,0
1438000,16943.3,174622.4,386604,451532,99.8500,98.8000,94.3000,71.3500,30.9000,0.0000,117207.56,345.32,0,0,0
1440000,16974.1,170477.2,386920,451527,99.9000,98.6000,93.5500,70.5500,28.6000,0.0000,117462.50,344.08,0,0,0
1442000,17004.0,174121.1,385388,451562,99.9000,98.8000,94.3000,71.5000,30.6500,0.0000,117225.67,346.66,0,0,0
1444000,17035.4,177681.6,387248,451569,99.9500,99.1000,94.2500,72.2000,32.3000,0.0000,117117.83,347.03,0,0,0
1446000,17065.9,175379.7,387400,451593,100.0000,98.6000,93.2000,72.0500,31.7000,0.0000,117366.46,347.57,0,0,0
1448000,17096.4,174034.2,387276,451613,99.8500,98.6000,93.9000,69.9000,30.4500,0.0000,117531.74,347.60,0,0,0
1450000,17127.7,171687.7,386724,451598,99.8500,98.6500,93.9000,69.4000,29.7500,0.0000,117600.85,348.92,0,0,0
1452000,17159.3,173224.6,386964,451585,99.8000,98.6500,93.4000,69.2000,30.8500,0.0000,117676.73,346.13,0,0,0
1454000,17190.8,175443.3,504536,451581,99.8000,98.7500,94.6500,70.4500,31.4000,0.0500,117576.31,348.15,0,0,0
1456000,17221.9,176279.9,390828,451591,99.9000,99.0000,94.2000,71.4500,32.4000,0.0000,117813.78,345.11,0,0,0
1458000,17252.9,178458.5,387452,451615,99.7000,98.9500,94.8500,71.0500,32.8000,0.0000,117715.81,346.73,0,0,0
1460000,17285.0,174194.0,389620,451591,99.9000,98.6500,93.7000,70.1000,31.4500,0.0000,118135.56,345.99,0,0,0
1462000,17315.4,170371.4,387156,451597,99.8000,98.8000,94.3500,69.8500,29.5500,0.0000,118423.18,348.21,0,0,0
1464000,17345.3,174084.1,386872,451630,99.8500,98.8500,94.2000,70.8000,31.4500,0.0000,118323.11,350.01,0,0,0
1466000,17376.3,174135.6,386224,451634,99.9000,98.7500,93.9500,70.8500,31.5000,0.0000,118287.50,350.73,0,0,0
1468000,17408.0,176589.2,387064,451630,99.6500,98.7000,94.5000,71.0500,31.9000,0.0000,118358.65,348.92,0,0,0
1470000,17440.1,178886.5,387244,451626,99.7500,98.6000,94.2000,71.7500,32.5500,0.0000,118123.33,348.66,0,0,0
1472000,17470.2,176189.4,386956,451661,99.9500,99.1500,93.4500,71.7000,32.7000,0.0000,118311.05,349.84,0,0,0
1474000,17501.7,176313.5,391800,451663,99.9500,99.0000,95.4000,71.6500,31.0000,0.0000,118608.42,346.85,0,0,0
1476000,17534.2,177084.6,386596,451641,99.8500,98.9500,94.8500,72.3000,32.0500,0.0000,118927.72,347.50,0,0,0
1478000,17566.0,175440.7,389360,451630,99.8000,98.8500,93.7500,71.2000,31.2500,0.0000,118918.09,349.23,0,0,0
1480000,17597.9,176506.4,420588,451620,99.9000,99.0500,93.7000,71.8500,31.9500,0.0000,118822.20,347.38,0,0,0
1482000,17629.6,175450.0,388440,451614,99.9000,98.9000,93.8000,70.2500,31.9500,0.0000,119117.29,347.99,0,0,0
1484000,17661.3,176624.5,493092,451609,99.9500,98.8000,94.4500,71.6500,31.9500,0.0500,119004.25,350.03,0,0,0
1486000,17693.0,176347.6,534700,451604,100.0000,99.0500,94.6000,73.0000,31.1000,0.1000,119340.72,347.91,0,0,0
1488000,17724.3,177604.2,386672,451616,99.8500,98.6000,93.8000,72.3500,32.3000,0.0000,119336.24,346.23,0,0,0
1490000,17755.1,178896.4,409812,451646,99.9000,99.4000,95.9000,71.8500,33.0500,0.0000,119159.25,348.23,0,0,0
1492000,17785.1,175487.8,386624,451679,99.8500,98.8500,94.2500,69.4000,32.0000,0.0000,119582.37,345.44,0,0,0
1494000,17816.3,175503.3,385484,451686,99.9000,98.5000,94.4000,71.7500,30.9000,0.0000,119328.68,349.77,0,0,0
1496000,17847.1,176155.1,386856,451704,99.9000,98.9500,95.6000,72.4000,31.3500,0.0000,119779.31,349.26,0,0,0
1498000,17879.1,177620.9,408364,451696,99.9000,99.1000,94.8000,70.3500,33.5000,0.0000,119674.34,348.74,0,0,0
1500000,17911.4,180220.3,387144,451692,99.7500,98.9000,93.8000,71.5500,33.3500,0.0000,119259.71,348.81,0,0,0
1502000,17943.8,179267.6,386544,451681,99.9000,98.9500,94.7000,73.3500,32.5000,0.0000,119582.22,348.71,0,0,0
1504000,17975.9,175673.0,386824,451665,99.8000,98.6000,94.4500,70.9500,31.5500,0.0000,119704.89,350.61,0,0,0
1506000,18008.4,178557.0,387112,451649,99.8000,98.7500,94.1000,70.9500,33.5500,0.0000,120001.79,345.23,0,0,0
1508000,18040.4,176817.9,386924,451639,99.8000,98.8000,93.9000,72.6500,31.6500,0.0000,120164.01,351.06,0,0,0
1510000,18072.5,177457.7,387268,451629,99.8500,99.2000,94.8500,70.9000,32.3000,0.0000,120159.69,349.97,0,0,0
1512000,18105.3,181914.3,388988,451619,100.0000,98.9500,94.6500,73.7500,34.5000,0.0000,119994.56,348.67,0,0,0
1514000,18137.0,176972.4,387028,451616,99.9500,99.0000,94.2000,69.5000,33.0000,0.0000,120056.52,351.29,0,0,0
1516000,18169.2,177624.3,387048,451604,99.8500,99.2000,94.2500,70.5500,32.6500,0.0000,120502.18,348.31,0,0,0
1518000,18201.9,181434.3,386808,451596,100.0000,99.0000,95.0000,72.2000,34.5500,0.0000,120130.60,353.86,0,0,0
1520000,18232.2,177019.7,387216,451628,99.7500,99.0500,95.0500,72.8000,31.5500,0.0000,120421.42,352.85,0,0,0
1522000,18264.2,178486.6,388520,451625,100.0000,98.9500,94.9000,72.9000,31.9000,0.0000,120740.76,349.17,0,0,0
1524000,18296.0,174448.4,386624,451613,99.9000,98.8000,93.8500,71.0500,30.7000,0.0000,121008.81,347.42,0,0,0
1526000,18328.5,178991.4,386780,451599,99.8500,98.9000,94.2500,72.0500,32.7500,0.0000,120698.91,349.02,0,0,0
1528000,18361.2,180557.7,387016,451585,99.9000,98.6500,94.2500,71.3500,34.3000,0.0000,120911.60,347.94,0,0,0
1530000,18393.6,180543.3,391644,451581,99.8500,98.8000,94.0500,72.7500,33.4500,0.0000,121094.63,347.65,0,0,0
1532000,18425.0,175337.2,388724,451581,99.9000,98.8000,94.5500,70.0500,31.2500,0.0000,121161.63,352.07,0,0,0
1534000,18457.6,179050.1,391604,451565,99.8000,98.7000,94.3000,72.4500,32.7000,0.0000,121044.29,352.05,0,0,0
1536000,18488.7,178990.4,387140,451587,99.9000,99.1500,94.0500,72.2500,32.3000,0.0000,121137.72,351.05,0,0,0
1538000,18519.9,180158.5,387568,451609,99.8500,99.1500,94.2000,72.1000,33.8500,0.0000,121304.29,349.51,0,0,0
1540000,18550.8,180646.5,386932,451639,99.8500,98.7500,93.7500,72.9000,33.4500,0.0000,120897.98,354.13,0,0,0
1542000,18581.6,179802.6,409916,451670,99.8000,98.6000,94.3000,72.4000,33.0000,0.0000,121468.64,349.09,0,0,0
1544000,18613.1,181438.8,387180,451692,100.0000,99.0500,94.4000,73.2500,33.5500,0.0000,121549.13,349.05,0,0,0
1546000,18643.5,177118.0,531380,451721,99.7500,98.7000,93.4500,70.1500,32.3500,0.0500,121521.41,351.01,0,0,0
1548000,18675.9,179335.2,387460,451712,99.9000,99.0500,93.8000,70.2500,33.8000,0.0000,121838.27,348.40,0,0,0
1550000,18707.7,176887.2,386824,451706,99.8500,99.0000,93.8500,70.9000,31.8500,0.0000,121818.71,350.18,0,0,0
1552000,18740.5,181846.9,387136,451697,99.8000,98.7500,94.7500,73.0000,33.4500,0.0000,121750.47,348.97,0,0,0
1554000,18771.8,179439.3,388364,451716,99.9500,99.4500,95.1000,70.9500,32.6000,0.0000,121745.82,350.61,0,0,0
1556000,18803.3,179940.7,388800,451729,99.8000,98.6500,94.7000,72.3500,33.7500,0.0000,122082.84,350.25,0,0,0
1558000,18835.3,185198.5,387456,451751,99.8500,99.2000,95.6000,73.6000,34.8000,0.0000,121633.22,353.02,0,0,0
1560000,18867.4,180099.1,387148,451752,99.9500,99.0000,94.4000,71.3500,33.8500,0.0000,121929.87,354.07,0,0,0
1562000,18898.4,180465.6,387208,451779,99.9500,98.7000,94.8000,73.2000,33.9500,0.0000,122184.68,351.83,0,0,0
1564000,18929.4,181451.6,386948,451810,99.9000,99.0000,94.3500,72.3500,34.0500,0.0000,122060.15,354.62,0,0,0
1566000,18960.0,180551.1,387304,451847,100.0000,99.3000,95.0500,72.5500,33.5500,0.0000,122565.24,350.63,0,0,0
1568000,18991.4,180732.3,392320,451866,99.8000,99.2000,94.7500,72.4000,34.0000,0.0000,122333.69,353.10,0,0,0
1570000,19023.0,178380.9,387476,451871,99.9500,99.1500,95.1500,71.7500,32.5000,0.0000,122640.63,355.08,0,0,0
1572000,19054.9,178309.1,387004,451869,99.9000,98.8000,94.0000,71.0500,32.4000,0.0000,122785.73,351.67,0,0,0
1574000,19086.5,182005.9,439396,451888,99.7500,98.8000,93.6000,71.7500,34.8500,0.0000,122600.25,352.94,0,0,0
1576000,19118.8,182021.6,387248,451891,99.9500,98.9500,94.6000,72.6500,34.7000,0.0000,122904.51,350.07,0,0,0
1578000,19151.4,183843.9,387104,451892,99.8500,98.8500,94.5000,73.6500,34.6000,0.0000,122793.64,351.53,0,0,0
1580000,19183.0,180802.6,387252,451905,99.9000,99.1000,93.5500,72.2000,33.8000,0.0000,122976.99,352.16,0,0,0
1582000,19213.8,180312.9,387240,451937,100.0000,99.2500,95.2500,72.3500,33.4500,0.0000,123101.22,354.76,0,0,0
1584000,19244.7,179884.3,386756,451963,99.6500,98.8000,94.7500,72.5000,33.1500,0.0000,123527.82,351.42,0,0,0
1586000,19276.3,185582.2,387296,451995,100.0000,99.2000,95.3000,74.9000,35.2500,0.0000,122871.39,352.74,0,0,0
1588000,19307.5,181997.0,387060,452023,99.9000,99.1500,95.6000,72.9000,33.9500,0.0000,123414.18,351.17,0,0,0
1590000,19338.6,182586.4,387600,452056,99.9000,98.8500,93.4500,72.8500,34.6500,0.0000,123240.53,354.55,0,0,0
1592000,19371.0,184841.1,387128,452066,100.0000,99.2000,95.3000,73.3000,35.3500,0.0000,123341.57,353.02,0,0,0
1594000,19403.8,183357.7,469716,452061,99.8500,99.2500,94.9000,73.5500,34.9000,0.0500,123757.75,350.48,0,0,0
1596000,19436.4,183550.6,530980,452061,99.8000,98.4500,95.3000,73.8500,34.6000,0.0500,123458.93,353.08,0,0,0
1598000,19468.0,184821.4,438800,452090,99.9500,99.2500,95.5000,73.3500,35.0000,0.0000,123753.59,352.11,0,0,0
1600000,19499.9,182389.1,387376,452102,99.9000,98.7000,94.8000,73.7500,33.9500,0.0000,123865.21,350.06,0,0,0
1602000,19532.8,184510.8,386960,452098,99.7000,98.6000,94.4500,73.6000,35.8000,0.0000,123949.69,353.55,0,0,0
1604000,19566.0,182622.0,386888,452084,99.8500,99.0500,95.3000,72.6500,33.7000,0.0000,124012.24,352.95,0,0,0
1606000,19599.0,183738.6,499708,452076,99.8000,98.6000,94.8000,72.9000,34.2000,0.0500,124052.49,352.03,0,0,0
1608000,19631.9,183204.5,387236,452068,99.9000,99.1000,95.0000,73.3000,33.7000,0.0000,123854.37,354.50,0,0,0
1610000,19664.3,184538.6,493248,452077,99.8000,98.9000,94.8500,74.1000,34.8000,0.0500,124049.53,357.22,0,0,0
1612000,19700.4,185035.6,387168,452002,99.8500,98.9500,94.3500,72.8500,36.1500,0.0000,124132.67,354.07,0,0,0
1614000,19736.5,184561.4,387172,451925,99.8000,98.8500,94.6500,73.5000,35.8500,0.0000,124207.75,355.60,0,0,0
1616000,19772.2,180942.3,388684,451846,99.7500,98.6000,94.3500,72.5500,33.3500,0.0000,124487.99,356.36,0,0,0
1618000,19808.4,181126.2,386824,451756,99.9500,99.2000,94.5500,73.3000,33.5500,0.0000,124879.61,352.29,0,0,0
1620000,19844.6,182010.0,512072,451671,100.0000,99.0000,94.7000,71.9500,34.1000,0.0500,124673.42,352.31,0,0,0
1622000,19881.0,186059.8,386664,451593,99.9000,99.0500,95.2000,74.7000,36.1000,0.0000,124573.17,355.11,0,0,0
1624000,19917.5,184614.3,390044,451511,99.9000,99.2000,94.7500,72.0500,35.4000,0.0000,124691.55,354.57,0,0,0
1626000,19953.4,182778.9,389020,451435,99.9000,98.9000,93.9000,72.8500,35.3000,0.0000,124984.71,353.61,0,0,0
1628000,19989.7,185001.3,387344,451358,99.8500,98.9000,95.0500,72.8000,35.4500,0.0000,124950.42,354.38,0,0,0
1630000,20026.1,184787.6,513408,451276,99.8000,98.8000,94.9500,73.3500,36.2500,0.0500,124968.75,353.28,0,0,0
1632000,20062.8,184802.3,387128,451191,99.9500,99.2500,94.6500,72.7500,36.2000,0.0000,125157.18,353.41,0,0,0
1634000,20099.1,183266.6,417408,451107,99.9000,98.5500,94.3500,73.4500,34.0000,0.0000,125158.53,354.92,0,0,0
1636000,20136.0,187635.0,439748,451028,99.9000,99.1500,95.0500,74.9000,36.6000,0.0000,124943.62,356.14,0,0,0
1638000,20172.0,183087.8,419616,450952,99.8500,99.1000,94.2500,73.3000,34.8000,0.0000,125194.05,355.98,0,0,0
1640000,20208.4,183101.6,387268,450866,99.8500,98.7000,93.6500,72.0500,34.6500,0.0000,125359.36,357.25,0,0,0
1642000,20245.1,185468.2,387212,450784,99.9000,98.8000,94.9000,72.8000,36.3500,0.0000,125239.96,355.61,0,0,0
1644000,20280.6,178522.3,439716,450705,99.8500,98.8500,94.5000,70.9500,32.3500,0.0000,125886.08,354.88,0,0,0
1646000,20316.9,186552.1,387416,450635,100.0000,99.1000,94.9000,73.4000,36.8500,0.0000,125633.13,355.17,0,0,0
1648000,20353.2,184737.8,387344,450559,99.7500,98.8000,93.9500,72.9000,35.6000,0.0000,125822.98,355.35,0,0,0
1650000,20389.8,187162.3,490592,450488,99.8500,99.2000,95.9000,75.0500,35.4000,0.0500,125846.79,355.42,0,0,0
1652000,20426.6,185960.4,387572,450406,99.8500,99.1000,94.8500,72.8500,36.3000,0.0000,125669.00,355.84,0,0,0
1654000,20463.9,190297.7,387160,450328,99.9000,98.9500,95.2000,75.8500,37.6000,0.0000,125514.74,359.11,0,0,0
1656000,20500.7,185490.4,419648,450247,100.0000,99.2500,95.0500,72.2500,35.6500,0.0000,126030.83,357.51,0,0,0
1658000,20536.8,183100.0,402648,450170,99.9500,98.9500,95.2000,72.0500,34.1500,0.0000,126336.48,354.20,0,0,0
1660000,20573.7,187468.2,397232,450095,99.9500,99.2500,95.8500,73.9500,36.7500,0.0000,126044.73,356.38,0,0,0
1662000,20610.0,183964.3,465832,450019,100.0000,99.0500,95.1500,73.4000,34.4000,0.0500,126360.49,357.13,0,0,0
1664000,20645.8,182427.8,386836,449949,99.9000,98.9500,94.8500,73.2000,33.7000,0.0000,126383.35,358.63,0,0,0
1666000,20682.7,188291.6,387268,449874,99.8000,98.6000,94.0500,73.9500,36.8000,0.0000,125931.58,358.54,0,0,0
1668000,20719.3,184232.4,387160,449794,99.7500,98.7500,94.7000,73.0000,34.6000,0.0000,126710.07,353.42,0,0,0
1670000,20755.9,186847.6,387356,449725,99.9000,98.8500,94.2500,73.5000,35.4000,0.0000,126453.62,355.75,0,0,0
1672000,20792.2,183565.3,387912,449649,99.9500,99.0500,95.6000,72.9000,34.4500,0.0000,126800.56,357.92,0,0,0
1674000,20828.7,183600.0,386804,449566,99.8500,99.1000,93.5000,74.0500,34.9000,0.0000,127038.59,356.36,0,0,0
1676000,20865.3,185850.1,387448,449493,99.9000,98.5000,94.9000,71.7500,35.7000,0.0000,126826.89,353.57,0,0,0
1678000,20902.4,187817.2,386828,449416,100.0000,99.4000,95.2000,73.6000,36.7000,0.0000,126888.96,358.31,0,0,0
1680000,20939.4,187953.5,387080,449340,99.9000,99.5000,96.1000,74.0500,36.9000,0.0000,126977.95,356.29,0,0,0
1682000,20976.4,187491.0,387172,449263,99.9500,99.2000,95.2000,74.3000,35.7000,0.0000,126916.93,356.86,0,0,0
1684000,21013.7,185831.3,386952,449177,99.9000,98.9500,94.5000,73.9500,35.0000,0.0000,127404.48,354.77,0,0,0
1686000,21050.0,184109.5,483492,449104,99.7000,98.2000,94.1500,72.2500,35.9000,0.0500,127177.13,358.44,0,0,0
1688000,21086.7,185848.6,421396,449029,99.8500,98.7500,94.0000,73.2500,34.7500,0.0000,127109.73,358.62,0,0,0
1690000,21123.1,186105.0,405956,448963,99.8000,99.1000,95.0500,74.4000,35.0000,0.0000,127460.76,356.09,0,0,0
1692000,21160.0,188808.5,386288,448895,99.9000,99.0000,94.7500,75.7500,36.4000,0.0000,127536.30,358.38,0,0,0
1694000,21196.1,183478.3,387236,448824,99.9000,98.9500,94.6500,72.5000,34.5500,0.0000,127656.52,356.64,0,0,0
1696000,21232.9,187402.5,387392,448753,99.9500,99.2500,94.2500,74.4500,36.2500,0.0000,127454.35,357.01,0,0,0
1698000,21269.3,185057.6,418964,448684,99.8000,99.0500,94.6500,72.7000,35.3500,0.0000,127680.86,359.02,0,0,0
1700000,21306.2,185943.5,385732,448608,100.0000,99.3000,94.9500,71.9000,36.1500,0.0000,128077.46,355.87,0,0,0
1702000,21342.5,186524.6,388756,448546,99.7500,99.0000,95.0500,71.7000,36.8500,0.0000,128042.29,356.62,0,0,0
1704000,21378.8,187724.0,386892,448486,99.8500,98.7500,94.4000,72.8500,38.1500,0.0000,128110.65,356.12,0,0,0
1706000,21415.7,187469.6,419496,448416,99.8000,98.8500,94.3500,73.6000,36.1500,0.0000,127812.06,357.07,0,0,0
1708000,21451.8,183964.4,387076,448348,99.9000,99.1500,94.6500,72.1500,34.6000,0.0000,128249.12,358.27,0,0,0
1710000,21488.8,188410.3,387244,448279,99.7500,98.5000,94.3500,73.8000,37.1000,0.0000,127978.84,358.18,0,0,0
1712000,21525.3,184231.3,387288,448205,99.8000,98.9500,94.5500,72.6500,35.2000,0.0000,128442.70,356.62,0,0,0
1714000,21562.1,186988.4,387392,448137,100.0000,99.3000,94.5000,72.0000,36.9000,0.0000,128211.03,360.03,0,0,0
1716000,21598.6,185163.8,386656,448066,99.9000,98.8000,93.8500,72.5500,36.0500,0.0000,128380.41,356.44,0,0,0
1718000,21635.3,184678.4,585032,447992,99.9000,99.1500,95.0500,71.8000,35.5500,0.0500,128468.93,358.22,0,0,0
1720000,21672.1,186474.9,407692,447920,99.9500,98.8000,94.3500,72.4500,36.3000,0.0000,128637.41,356.40,0,0,0
1722000,21708.8,188579.5,533752,447858,99.9500,98.7500,94.5000,73.7000,37.4000,0.0500,128643.57,356.03,0,0,0
1724000,21745.3,185969.9,388244,447793,99.8500,98.9000,94.6500,73.5500,36.2500,0.0000,128714.85,357.67,0,0,0
1726000,21782.3,187803.3,386704,447721,99.8000,98.9500,94.5500,74.4000,36.6000,0.0000,128723.13,357.20,0,0,0
1728000,21817.5,181374.6,532936,447667,99.8000,98.8500,94.1500,72.2000,34.0000,0.0500,129246.21,359.36,0,0,0
1730000,21853.9,186363.7,387540,447605,99.8500,98.9500,95.1500,73.4500,35.5000,0.0000,129019.38,357.61,0,0,0
1732000,21890.4,187490.5,386500,447545,99.9000,99.0000,94.5500,73.6500,36.5000,0.0000,128879.66,359.39,0,0,0
1734000,21927.6,189159.8,387732,447477,99.8000,98.7500,94.7000,75.1000,37.0500,0.0000,128847.59,358.18,0,0,0
1736000,21964.5,187032.3,418612,447408,99.9500,99.1500,94.4500,73.4000,36.3000,0.0000,129259.35,355.97,0,0,0
1738000,22001.2,187252.9,386744,447342,99.8500,99.0000,94.7500,73.9000,36.2000,0.0000,129395.80,356.18,0,0,0
1740000,22038.8,191088.5,389108,447273,99.8500,99.0000,94.3500,74.1500,38.7000,0.0000,129134.23,356.09,0,0,0
1742000,22076.3,190621.6,507872,447203,99.9000,99.2500,95.4500,74.8500,36.6000,0.0500,129182.99,358.79,0,0,0
1744000,22114.3,190400.8,533452,447124,99.7500,98.9000,94.7500,75.0500,36.9000,0.0500,129328.88,357.35,0,0,0
1746000,22150.7,186945.5,387268,447065,99.9500,99.1500,94.0500,73.0000,36.2000,0.0000,129469.75,356.86,0,0,0
1748000,22188.3,191527.3,434776,446998,99.8500,98.9000,94.8000,74.6000,37.9000,0.0000,129428.28,355.84,0,0,0
1750000,22225.8,189847.6,387252,446928,99.9500,99.1500,95.9000,74.4000,37.2500,0.0000,129749.45,357.20,0,0,0
1752000,22263.0,189705.9,387308,446861,100.0000,99.4500,95.3500,73.0500,37.6000,0.0000,129500.93,358.40,0,0,0
1754000,22297.8,187939.4,421228,446839,99.9500,98.9000,94.6000,73.4000,36.9500,0.0000,129816.58,355.54,0,0,0
1756000,22332.1,194182.0,457808,446847,99.8000,99.0500,95.6500,75.8500,38.7500,0.0000,129575.88,358.58,0,0,0
1758000,22364.0,188999.2,387516,446886,99.9500,99.0000,95.0500,73.6500,37.2000,0.0000,130100.51,356.75,0,0,0
1760000,22396.0,188923.5,439812,446923,99.9500,98.7500,95.3000,74.4500,36.2500,0.0000,130192.45,356.65,0,0,0
1762000,22428.5,189612.0,387540,446952,99.9000,99.0000,95.8000,74.6500,36.2000,0.0000,130243.65,357.67,0,0,0
1764000,22460.8,188351.7,500356,446983,99.9500,98.8000,95.4000,74.5000,36.3500,0.0500,130549.90,356.44,0,0,0
1766000,22493.4,192148.0,386984,447017,99.7500,99.1000,94.6000,74.8500,38.2500,0.0000,130047.63,358.93,0,0,0
1768000,22525.9,190402.1,482424,447049,99.9000,98.9000,94.4000,74.6000,37.6500,0.0500,130420.65,356.38,0,0,0
1770000,22559.2,185756.1,415956,447048,99.9500,98.7500,94.4000,73.3000,34.9500,0.0000,130651.89,359.68,0,0,0
1772000,22593.5,191262.5,426232,447048,99.9000,99.1500,95.3000,74.4000,37.4500,0.0000,130195.18,361.03,0,0,0
1774000,22626.5,191161.8,438720,447071,99.9000,99.2500,95.3500,74.9500,38.2000,0.0000,130779.92,358.67,0,0,0
1776000,22658.4,186744.4,409020,447102,100.0000,99.5000,94.0000,74.1500,35.7000,0.0000,131054.83,357.54,0,0,0
1778000,22692.4,191095.3,386904,447105,99.9500,98.8500,95.2000,75.0500,37.5000,0.0000,130947.43,356.43,0,0,0
1780000,22726.3,190621.0,386600,447109,99.8000,98.9500,95.1000,74.1500,37.4000,0.0000,130758.02,358.26,0,0,0
1782000,22760.1,189747.2,387068,447113,99.8000,99.0000,94.9500,73.5000,37.5000,0.0000,130879.57,359.24,0,0,0
1784000,22794.7,192699.2,419660,447110,99.7500,99.0000,95.0000,75.3000,38.3500,0.0000,130806.70,358.24,0,0,0
1786000,22829.1,191350.7,428348,447106,99.7000,99.0500,95.1500,75.8000,38.4000,0.0000,130974.11,360.20,0,0,0
1788000,22863.0,193089.7,387220,447116,99.8500,99.2500,95.9000,74.6000,39.1000,0.0000,131063.18,357.80,0,0,0
1790000,22896.7,189125.7,386404,447121,99.9500,98.9000,94.9500,74.6000,36.7500,0.0000,131404.60,358.83,0,0,0
1792000,22930.0,189569.1,503276,447132,99.9500,98.5500,94.1500,74.0000,37.4000,0.0500,130951.24,363.24,0,0,0
1794000,22962.9,188936.9,387004,447149,99.9500,98.9500,94.6000,73.0500,37.4000,0.0000,131140.02,363.94,0,0,0
1796000,22996.7,189082.3,531380,447152,100.0000,99.1000,95.7000,73.4000,36.4500,0.0500,131497.05,361.56,0,0,0
1798000,23031.3,192584.6,416188,447147,99.8000,98.7500,94.8500,75.3000,37.6500,0.0000,131513.48,358.53,0,0,0
1800000,23066.3,193814.1,387268,447140,99.8500,98.8000,94.2000,74.2500,39.3000,0.0000,131262.91,359.53,0,0,0
1802000,23099.6,189910.2,387168,447153,99.7500,98.4000,94.6500,73.7000,37.4000,0.0000,131657.98,362.68,0,0,0
1804000,23133.0,192646.5,386872,447172,99.9000,98.9000,95.1500,75.2500,39.2000,0.0000,131780.96,358.13,0,0,0
1806000,23165.8,188839.2,478484,447193,99.8000,99.2000,94.6500,73.3500,37.3000,0.0500,131911.44,358.98,0,0,0
1808000,23198.6,190494.8,387104,447216,99.9000,99.0000,95.1500,74.0000,37.6000,0.0000,131942.57,359.44,0,0,0
1810000,23231.9,193396.0,499296,447240,99.8000,98.9500,94.7000,75.2000,38.0000,0.0500,131495.63,362.60,0,0,0
1812000,23265.3,188477.7,484344,447248,99.7500,98.6500,94.6500,73.4500,36.1000,0.0500,132077.67,359.47,0,0,0
1814000,23299.4,189991.4,420104,447245,100.0000,99.1000,94.6000,73.5500,37.7500,0.0000,132274.10,358.93,0,0,0
1816000,23334.0,194924.7,386884,447248,99.9500,99.4500,95.5500,75.7000,39.3500,0.0000,131778.75,359.58,0,0,0
1818000,23368.1,193116.6,388416,447256,99.8500,98.7500,94.5500,74.8500,38.9000,0.0000,132096.74,359.66,0,0,0
1820000,23402.2,189960.4,438028,447252,99.7000,98.7500,94.3500,73.8500,36.6000,0.0000,132498.92,358.81,0,0,0
1822000,23435.0,191199.4,387036,447278,99.9500,99.0500,94.2500,73.8000,37.8000,0.0000,132089.64,363.85,0,0,0
1824000,23468.0,195237.7,387048,447312,99.9000,98.6500,94.2000,75.3500,40.4000,0.0000,132436.71,359.44,0,0,0
1826000,23500.8,193678.1,531048,447347,99.9500,98.8500,94.6000,75.8000,37.9000,0.0500,132372.36,360.50,0,0,0
1828000,23532.9,187979.2,387320,447378,100.0000,99.3000,94.6000,74.0000,36.4000,0.0000,133181.23,357.70,0,0,0
1830000,23565.6,190654.9,387516,447403,99.9000,99.0000,94.9500,73.3000,37.0000,0.0000,132320.33,361.47,0,0,0
1832000,23598.4,192556.5,388388,447433,99.9500,99.1000,94.8500,74.2500,39.3500,0.0000,132632.69,361.36,0,0,0
1834000,23632.0,194438.7,386756,447454,99.9000,98.9500,95.9000,75.2000,38.3000,0.0000,132739.04,359.59,0,0,0
1836000,23664.6,190738.5,579832,447482,99.8500,98.8500,93.9500,74.1000,38.2000,0.0500,133110.71,360.53,0,0,0
1838000,23698.5,193990.1,432092,447493,99.8000,99.2000,94.9500,73.9500,40.2000,0.0000,132962.18,359.98,0,0,0
1840000,23733.3,196789.0,465616,447498,99.9500,99.2000,95.4500,75.1500,39.9000,0.0500,132950.66,357.92,0,0,0
1842000,23768.1,196850.5,386940,447505,99.9500,99.2000,94.9500,76.6500,39.2000,0.0000,132807.12,359.31,0,0,0
1844000,23802.1,193788.6,478236,447514,99.8000,98.8500,94.7000,75.0500,39.0500,0.0500,133027.00,361.47,0,0,0
1846000,23835.7,191846.5,416668,447527,99.9500,99.0500,95.1500,75.2000,37.9500,0.0000,133604.70,357.66,0,0,0
1848000,23870.0,193623.9,387100,447532,100.0000,99.1500,95.3500,75.1000,38.5000,0.0000,133809.02,357.77,0,0,0
1850000,23904.3,193425.0,406856,447535,99.8000,99.0000,94.5000,74.6000,39.0500,0.0000,133344.84,360.66,0,0,0
1852000,23938.4,192635.1,387112,447541,99.8500,98.7000,95.1500,73.4500,38.0000,0.0000,133419.94,360.72,0,0,0
1854000,23972.6,191732.5,386172,447542,99.9000,98.7500,94.7000,76.3000,37.6500,0.0000,133906.85,358.81,0,0,0
1856000,24006.5,192662.2,411996,447551,99.9000,99.0500,95.1000,74.4500,38.4500,0.0000,134221.24,356.97,0,0,0
1858000,24039.9,194568.4,387988,447575,99.8000,98.8500,95.0000,76.6000,38.3000,0.0000,133921.35,358.92,0,0,0
1860000,24074.3,193779.4,386844,447579,99.9000,98.9000,94.7500,74.0500,38.7000,0.0000,133400.58,361.26,0,0,0
1862000,24109.3,195887.6,387088,447576,99.8500,99.1000,95.7500,75.1500,40.7500,0.0000,134015.45,359.66,0,0,0
1864000,24143.4,190968.3,386836,447576,99.9000,99.0000,94.6000,74.4000,37.7000,0.0000,134354.67,358.71,0,0,0
1866000,24177.7,192346.5,507500,447576,99.9000,98.9000,95.1500,76.4500,37.6000,0.0500,134432.34,358.56,0,0,0
1868000,24212.0,194331.2,386916,447582,99.9000,98.8500,95.1500,74.3500,39.8000,0.0000,134301.42,357.91,0,0,0
1870000,24246.3,194782.9,481548,447590,100.0000,99.4500,95.8000,74.8500,39.6500,0.0500,134144.14,360.45,0,0,0
1872000,24279.8,197303.2,387384,447620,99.8000,98.6500,94.7500,75.6500,39.8500,0.0000,134118.98,361.28,0,0,0
1874000,24313.4,196582.2,388404,447645,99.9000,99.0500,95.4500,76.2000,40.4500,0.0000,134390.30,360.85,0,0,0
1876000,24345.9,190585.8,487236,447675,99.9500,98.6000,95.0500,73.0000,37.8500,0.0500,134664.94,359.34,0,0,0
1878000,24378.7,194032.8,398348,447707,99.9500,99.2000,94.8000,75.2500,38.5000,0.0000,134321.73,364.50,0,0,0
1880000,24412.1,190695.4,386944,447719,99.7000,98.4500,94.6000,73.7500,37.9000,0.0000,134887.12,359.98,0,0,0
1882000,24444.7,192625.1,387084,447752,99.8000,98.9500,94.3500,74.5000,38.6500,0.0000,134593.10,363.29,0,0,0
1884000,24477.7,196840.3,387152,447788,99.8000,99.3000,94.9000,74.8000,40.2500,0.0000,134840.87,360.84,0,0,0
1886000,24511.0,197389.3,387292,447821,100.0000,99.4500,95.6500,75.7500,40.5000,0.0000,134890.93,362.03,0,0,0
1888000,24544.5,198724.3,513516,447856,99.7500,99.1000,95.8000,76.3500,39.9500,0.0500,134715.90,358.52,0,0,0
1890000,24577.7,194495.3,386916,447881,99.9500,98.7500,95.0500,74.8000,38.8500,0.0000,135073.47,359.98,0,0,0
1892000,24610.4,193420.4,387008,447915,99.8000,98.8500,94.9500,74.0000,38.8000,0.0000,135148.93,361.66,0,0,0
1894000,24643.3,194834.7,386544,447947,99.9000,98.8500,94.8000,75.5500,38.9500,0.0000,135022.75,363.59,0,0,0
1896000,24676.6,194640.5,468832,447971,99.8500,99.1500,95.1000,75.8000,39.1500,0.0500,135443.04,361.35,0,0,0
1898000,24710.6,195864.0,387068,447987,99.9000,98.9500,95.1000,73.9500,40.7500,0.0000,135112.54,363.59,0,0,0
1900000,24745.1,196630.2,423452,447995,99.9000,99.0000,94.5500,75.8000,39.6000,0.0000,135169.15,362.71,0,0,0
1902000,24778.5,196073.4,387324,448022,100.0000,99.3000,95.7000,76.5000,38.7500,0.0000,135768.05,361.25,0,0,0
1904000,24811.7,194526.2,389244,448049,99.8500,99.2000,95.0000,73.5000,40.1500,0.0000,135589.50,362.18,0,0,0
1906000,24845.4,197123.7,468972,448073,99.9000,99.1500,95.0500,74.4500,40.4000,0.0500,135534.28,359.91,0,0,0
1908000,24879.0,194655.8,499392,448092,99.8000,99.1000,95.3000,75.0000,39.8500,0.1000,135861.46,363.11,0,0,0
1910000,24912.4,196323.1,387256,448118,99.9500,98.8500,94.7500,75.9000,39.8500,0.0000,135498.86,364.01,0,0,0
1912000,24946.3,198364.9,467692,448142,99.7000,99.0500,95.1000,76.3000,40.3000,0.0500,135455.22,362.41,0,0,0
1914000,24979.9,195371.2,387208,448163,99.9500,99.2000,94.9000,74.9000,39.6500,0.0000,135751.83,364.27,0,0,0
1916000,25013.7,196865.4,419028,448185,99.9500,99.2000,95.1500,75.6000,40.4000,0.0000,135926.58,363.70,0,0,0
1918000,25047.6,195921.2,388956,448201,99.9000,99.1000,94.5500,74.3000,41.3000,0.0000,135843.08,362.09,0,0,0
1920000,25080.4,193192.9,389380,448229,99.9500,98.9500,94.2000,73.0500,39.4000,0.0000,136252.47,360.67,0,0,0
1922000,25113.3,193132.5,475184,448255,99.9000,98.7500,95.0000,74.0500,38.8000,0.0500,136190.18,363.52,0,0,0
1924000,25147.1,196354.5,386860,448275,99.8500,99.0000,95.2500,75.8000,40.0500,0.0000,136281.16,362.12,0,0,0
1926000,25181.0,196464.0,387276,448295,99.9500,99.3500,95.2000,74.1000,39.6000,0.0000,136371.95,360.70,0,0,0
1928000,25214.3,194995.7,386936,448319,99.9000,98.9000,94.7500,74.1500,39.4000,0.0000,136282.07,365.74,0,0,0
1930000,25248.2,198108.4,387144,448343,100.0000,99.1500,95.2000,74.6500,41.3500,0.0000,136599.50,359.73,0,0,0
1932000,25281.3,193216.7,386924,448365,99.9000,99.1000,94.8000,73.8000,38.3000,0.0000,136725.09,363.36,0,0,0
1934000,25314.9,196188.5,532960,448388,99.8500,98.9500,94.3500,75.1000,39.5000,0.0500,136631.34,362.10,0,0,0
1936000,25349.5,201139.8,516580,448407,99.8500,99.1000,96.0000,74.8000,42.5500,0.1000,136478.55,360.34,0,0,0
1938000,25383.7,201455.9,531008,448433,99.8000,98.8500,94.9500,76.4000,41.5500,0.0500,136390.02,361.13,0,0,0
1940000,25417.9,199508.3,387244,448455,99.9000,99.1000,94.7000,76.2000,41.4000,0.0000,136431.69,363.05,0,0,0
1942000,25452.8,202973.2,387444,448473,99.9000,99.3000,95.7500,77.0500,41.6000,0.0000,136619.96,360.71,0,0,0
1944000,25487.1,200341.5,387236,448495,99.8000,99.0500,95.7000,75.8500,41.5000,0.0000,137067.25,361.29,0,0,0
1946000,25521.7,197425.6,506780,448503,99.9000,99.1500,95.1000,75.4500,39.8500,0.0500,137074.01,363.41,0,0,0
1948000,25556.6,201133.6,427184,448516,99.8000,99.1000,94.8500,75.6000,42.6500,0.0000,136830.77,364.84,0,0,0
1950000,25591.8,198812.7,386916,448517,99.9000,99.2000,95.9000,76.7500,40.8000,0.0000,137404.56,363.56,0,0,0
1952000,25625.6,198140.7,388284,448542,99.8500,99.1000,95.1500,75.9500,40.4000,0.0000,137242.29,363.30,0,0,0
1954000,25659.1,195818.3,387420,448564,99.8500,99.2000,95.5000,75.6500,39.0000,0.0000,137449.02,366.03,0,0,0
1956000,25693.0,199697.0,386572,448591,99.8500,99.0000,94.4500,76.0000,41.8000,0.0000,137364.84,362.51,0,0,0
1958000,25726.3,197706.4,388736,448622,99.8500,99.0000,94.3500,75.6500,41.7000,0.0000,137581.03,363.88,0,0,0
1960000,25759.7,196240.9,387092,448648,100.0000,99.4000,95.4500,73.9000,40.2000,0.0000,137679.55,363.96,0,0,0
1962000,25794.2,201915.1,387224,448669,99.9000,99.2500,96.1500,77.0000,42.1500,0.0000,137583.99,360.97,0,0,0
1964000,25826.9,193000.0,388768,448697,99.8500,98.4000,94.4500,73.5500,39.6500,0.0000,138241.85,361.81,0,0,0
1966000,25860.3,196732.1,390796,448724,99.9000,99.2000,95.4500,75.0500,39.8500,0.0000,138041.39,361.35,0,0,0
1968000,25893.7,198143.9,418324,448754,99.9000,99.0000,95.4500,74.8500,41.3000,0.0000,137865.17,360.77,0,0,0
1970000,25926.8,194696.4,387880,448779,99.8500,99.1000,95.0000,74.9500,39.6000,0.0000,138211.98,362.72,0,0,0
1972000,25961.3,200312.0,509904,448797,99.8000,98.9500,94.7000,74.9000,42.1000,0.0500,137833.31,363.31,0,0,0
1974000,25995.0,195585.7,386780,448814,99.9000,98.9000,95.1500,74.8000,40.0000,0.0000,138307.08,363.60,0,0,0
1976000,26028.9,198338.2,503256,448837,99.8000,99.3000,95.4500,74.9500,41.1000,0.0500,138137.07,362.75,0,0,0
1978000,26063.0,200807.4,529196,448862,99.9000,99.1500,94.7000,76.6500,41.4000,0.0500,138138.29,365.55,0,0,0
1980000,26096.7,196428.5,387296,448882,99.9500,98.8500,95.2500,74.7500,39.7500,0.0000,138292.88,364.09,0,0,0
1982000,26130.8,200118.4,411396,448905,99.8500,98.9500,95.2500,75.9000,41.4500,0.0000,138241.83,366.41,0,0,0
1984000,26165.3,201255.6,408456,448925,99.9000,99.3000,96.3000,77.4000,42.1000,0.0000,138524.08,363.57,0,0,0
1986000,26199.5,196985.1,532428,448938,99.8000,98.7500,94.1500,74.3000,40.5500,0.0500,138249.72,368.11,0,0,0
1988000,26232.7,194104.7,387012,448960,99.9500,98.8000,94.1000,73.1500,38.4500,0.0000,138599.14,363.17,0,0,0
1990000,26266.8,199876.7,387060,448982,99.8500,99.0500,95.4000,75.6000,41.2000,0.0000,138346.20,365.91,0,0,0
1992000,26301.0,200794.5,469172,449006,100.0000,99.0000,95.1000,76.1000,42.0500,0.0500,138789.16,365.01,0,0,0
1994000,26335.3,203203.3,533136,449033,100.0000,99.1500,95.7000,77.3500,43.1000,0.1000,138455.86,364.31,0,0,0
1996000,26369.6,202218.3,387236,449058,99.8000,98.7500,95.0000,75.1500,42.1500,0.0000,138603.17,364.68,0,0,0
1998000,26403.2,199920.4,489412,449089,99.9500,99.2000,95.2500,74.0000,42.1000,0.0500,138694.02,365.11,0,0,0
2000000,26437.0,197380.6,533108,449109,99.8000,99.0500,95.2000,76.5500,40.0000,0.0500,139334.61,364.26,0,0,0
2002000,26470.7,194014.1,386816,449122,99.7500,98.8500,93.7500,72.7000,39.8500,0.0000,139414.01,363.84,0,0,0
2004000,26505.1,200092.9,437588,449138,99.9500,99.2500,95.0000,73.8500,41.9500,0.0000,138928.24,364.40,0,0,0
2006000,26539.8,202698.2,436860,449158,99.7000,99.1000,94.2500,77.5000,43.1500,0.0000,139040.94,365.83,0,0,0
2008000,26573.8,197637.9,386988,449175,99.9500,98.9000,95.3000,74.7500,40.5000,0.0000,139450.82,364.26,0,0,0
2010000,26608.1,198362.6,387096,449190,100.0000,98.7500,94.8500,75.4000,40.7500,0.0000,139354.50,366.84,0,0,0
2012000,26642.3,200079.2,386900,449210,99.8500,99.2500,95.6500,76.2500,41.3500,0.0000,139565.44,361.88,0,0,0
2014000,26676.6,197965.5,436380,449223,99.9000,98.8500,95.4500,74.7500,40.7500,0.0000,139768.56,364.46,0,0,0
2016000,26710.9,201381.3,387728,449246,99.9000,99.1500,95.6000,75.4500,41.5000,0.0000,139447.66,364.42,0,0,0
2018000,26745.6,200990.7,387644,449261,99.9000,99.2500,95.4500,76.4500,41.7000,0.0000,139784.84,363.84,0,0,0
2020000,26779.0,195682.1,467892,449282,99.9500,98.9000,95.2000,74.2500,39.9000,0.0500,139929.35,366.09,0,0,0
2022000,26814.0,202722.5,387040,449297,99.9000,99.2500,95.1500,76.4500,42.0000,0.0000,139370.06,367.47,0,0,0
2024000,26847.6,195526.4,566260,449315,99.9000,98.9500,94.1500,74.1000,40.3500,0.0500,139993.18,365.89,0,0,0
2026000,26882.4,202466.2,386980,449331,99.9000,98.9000,95.7000,76.6500,43.1500,0.0000,140260.72,363.35,0,0,0
2028000,26916.4,198396.4,386968,449350,99.8500,99.0500,94.5500,75.5500,40.7000,0.0000,140188.94,366.57,0,0,0
2030000,26953.7,200099.0,387056,449319,99.9500,99.2000,95.9000,74.9000,41.2500,0.0000,140089.21,366.15,0,0,0
2032000,26994.0,200315.7,386728,449239,99.8000,99.1000,95.3500,76.6000,41.5000,0.0000,140395.68,364.38,0,0,0
2034000,27033.2,198704.5,386524,449172,99.8500,99.1000,95.1500,74.9000,40.4000,0.0000,140305.64,366.43,0,0,0
2036000,27072.5,199548.3,508380,449107,99.9000,99.3000,95.7000,76.8500,40.5500,0.0500,140551.69,366.45,0,0,0
2038000,27112.8,203971.6,388520,449037,99.9500,99.3000,96.1500,76.8500,43.4500,0.0000,140333.02,366.09,0,0,0
2040000,27152.2,200948.3,411236,448973,99.7500,99.0000,95.4500,76.7000,41.5500,0.0000,140439.29,364.48,0,0,0
2042000,27192.6,206426.3,386896,448907,99.8500,98.9500,95.1500,76.9000,44.2500,0.0000,140206.55,363.14,0,0,0
2044000,27232.9,205814.3,411004,448842,100.0000,99.3500,95.7000,77.0500,44.7000,0.0000,140353.07,365.03,0,0,0
2046000,27272.2,199269.3,387156,448777,100.0000,99.1500,94.7500,75.9000,41.4500,0.0000,140856.43,364.53,0,0,0
2048000,27311.4,201585.7,386468,448718,99.9500,98.9500,94.8500,77.2000,42.2000,0.0000,140678.78,366.28,0,0,0
2050000,27350.7,200357.8,387188,448656,99.8500,98.7000,94.9500,76.9500,41.8000,0.0000,140765.36,365.17,0,0,0
2052000,27390.3,202024.4,387284,448594,99.9000,99.0500,95.1000,76.6000,41.9000,0.0000,140935.96,366.23,0,0,0
2054000,27429.5,201529.2,485008,448535,99.9000,99.0000,95.0000,75.9000,41.9000,0.0500,141156.11,363.79,0,0,0
2056000,27468.3,197314.1,408260,448475,99.9500,98.7500,94.9500,75.4500,40.6000,0.0000,141307.28,365.72,0,0,0
2058000,27508.0,200018.2,504860,448405,99.9500,99.2000,95.0000,76.1000,41.7000,0.1000,141289.48,363.43,0,0,0
2060000,27547.3,201482.5,419784,448345,100.0000,99.1500,94.8500,76.9500,42.4000,0.0000,141397.89,364.78,0,0,0
2062000,27586.8,201667.4,387220,448284,99.9000,99.4000,95.3500,75.7000,42.4000,0.0000,141295.56,363.28,0,0,0
2064000,27625.7,196483.8,387016,448220,99.8500,98.9000,94.3000,73.7500,40.5000,0.0000,141487.62,365.49,0,0,0
2066000,27665.6,202258.2,386916,448154,100.0000,99.3000,95.5000,76.4500,42.3000,0.0000,141429.86,367.86,0,0,0
2068000,27705.5,201742.4,387240,448088,99.8500,98.9000,94.5500,75.1000,42.0000,0.0000,141436.27,365.30,0,0,0
2070000,27745.7,205309.8,386912,448025,99.9500,99.4000,95.8000,78.0000,43.6000,0.0000,141245.06,365.51,0,0,0
2072000,27785.5,200801.2,388272,447958,99.7500,98.7000,95.0000,76.2500,42.3500,0.0000,141921.58,365.11,0,0,0
2074000,27825.8,202516.2,531072,447886,99.9500,98.9000,95.6500,76.7000,41.7500,0.0500,141798.05,363.46,0,0,0
2076000,27865.7,203389.2,504796,447826,99.9500,99.3500,95.1500,76.8000,42.1500,0.0500,141581.06,366.07,0,0,0
2078000,27905.7,203437.7,386872,447761,99.9500,99.4000,95.6500,76.7000,43.3500,0.0000,142155.62,360.51,0,0,0
2080000,27945.4,201213.5,387028,447699,99.8000,99.1500,95.6500,77.0000,40.9500,0.0000,141948.72,368.35,0,0,0
2082000,27986.9,206688.2,474000,447620,99.8500,99.2000,96.0500,75.7500,44.5000,0.0500,141686.39,365.07,0,0,0
2084000,28027.3,206141.5,387356,447557,99.8500,99.3500,95.8000,77.5500,44.2000,0.0000,142015.64,364.75,0,0,0
2086000,28067.2,203129.2,489868,447496,99.8500,99.2000,95.4500,73.9500,42.9000,0.0500,141783.13,367.84,0,0,0
2088000,28108.3,206046.5,512904,447422,99.9500,99.4500,95.6000,78.0500,43.4000,0.0500,142009.64,366.81,0,0,0
2090000,28147.6,201927.9,531416,447368,99.9000,98.3500,94.4500,76.4000,42.8000,0.0500,142302.32,367.24,0,0,0
2092000,28188.7,206308.2,513388,447295,99.9000,99.0500,96.1000,78.2500,43.8500,0.0500,142069.86,367.20,0,0,0
2094000,28228.9,205951.5,527892,447238,99.8500,99.2000,96.0000,77.4000,43.2000,0.0500,141975.31,367.45,0,0,0
2096000,28269.7,205690.4,524812,447169,99.9000,98.9500,95.1500,77.3000,43.7000,0.0500,142397.45,364.92,0,0,0
2098000,28310.7,203600.6,388576,447091,99.7500,98.7000,95.1000,77.7500,42.3000,0.0000,142424.93,367.73,0,0,0
2100000,28351.3,201271.2,387104,447016,99.8500,98.5000,95.3500,77.4500,41.8000,0.0000,142480.20,370.29,0,0,0
2102000,28392.0,201948.7,386900,446940,100.0000,99.0000,95.3000,76.7000,42.2000,0.0000,142801.29,366.93,0,0,0
2104000,28431.9,202866.3,386780,446880,99.9500,98.9000,95.9500,78.3500,41.8000,0.0000,142965.13,368.43,0,0,0
2106000,28471.9,205001.0,502076,446822,100.0000,99.0500,94.8500,76.1500,43.2000,0.0500,142331.55,368.97,0,0,0
2108000,28511.0,200812.8,464248,446769,99.9500,99.3000,95.1000,74.8500,42.3500,0.0500,142785.39,368.49,0,0,0
2110000,28550.7,201212.7,506048,446708,99.9000,99.0000,95.3000,76.2500,41.9000,0.0500,142965.10,368.16,0,0,0
2112000,28591.6,206962.9,387192,446641,99.8500,99.2000,95.7000,77.6000,44.7000,0.0000,142719.48,366.11,0,0,0
2114000,28632.1,205335.4,386904,446579,99.9000,99.2500,95.5500,77.8500,43.6000,0.0000,142934.08,367.35,0,0,0
2116000,28671.6,203528.4,481968,446526,100.0000,99.0500,95.0000,76.0500,43.2500,0.0500,143078.36,365.30,0,0,0
2118000,28712.5,202525.6,387116,446451,100.0000,99.3500,95.3500,76.8000,41.8000,0.0000,143389.15,364.57,0,0,0
2120000,28753.6,208204.7,387356,446386,99.9000,98.9000,95.6000,77.5500,44.8000,0.0000,142883.40,367.54,0,0,0
2122000,28793.7,205103.7,468408,446329,99.9500,98.9000,94.4500,76.1500,43.8000,0.0500,143210.42,366.87,0,0,0
2124000,28833.9,205674.4,496260,446272,100.0000,99.3500,95.5500,77.3500,44.4500,0.0500,143616.02,364.23,0,0,0
2126000,28872.9,200951.4,440772,446223,99.7000,98.9500,95.4500,75.9000,41.3000,0.0000,143796.37,366.26,0,0,0
2128000,28913.0,200250.4,511628,446155,99.9000,99.1500,95.3000,74.8000,42.2000,0.1000,143820.71,364.97,0,0,0
2130000,28953.1,204332.7,386944,446095,99.9000,99.0000,94.9500,77.5500,43.5500,0.0000,143579.14,365.66,0,0,0
2132000,28992.9,205847.6,386824,446046,99.8500,99.3000,96.1000,76.7000,44.0000,0.0000,143728.87,365.33,0,0,0
2134000,29033.4,206549.6,387096,445988,99.8500,98.9500,95.3500,76.8500,44.2500,0.0000,143878.29,364.65,0,0,0
2136000,29072.5,200501.6,387184,445936,99.8500,99.0000,94.9000,75.9000,42.0000,0.0000,144041.13,367.29,0,0,0
2138000,29113.9,208362.0,509012,445869,99.8500,99.0500,95.8500,78.9500,44.4000,0.1000,143894.85,368.02,0,0,0
2140000,29153.4,201157.4,481612,445813,99.8500,99.4000,94.9500,76.0500,42.6500,0.0500,144110.32,367.25,0,0,0
2142000,29193.4,202747.7,387352,445753,99.8500,98.7500,95.5000,76.3500,42.0000,0.0000,144119.70,368.33,0,0,0
2144000,29234.7,204696.6,491980,445680,99.9500,99.3500,95.6500,76.6000,43.1000,0.0500,144356.82,366.46,0,0,0
2146000,29275.0,204693.4,411216,445620,100.0000,99.4500,95.4000,76.1000,43.7500,0.0000,144051.53,368.94,0,0,0
2148000,29314.8,203779.8,387236,445567,99.9000,98.9500,95.3000,76.6500,42.4000,0.0000,144301.71,367.18,0,0,0
2150000,29354.9,201822.2,387108,445505,99.9000,99.3000,95.7500,74.7000,42.5000,0.0000,144450.68,365.48,0,0,0
2152000,29395.6,203625.5,489620,445437,99.9000,99.2000,95.5500,75.8000,44.0500,0.0500,144618.19,366.50,0,0,0
2154000,29435.5,202227.0,408808,445378,99.8000,98.9500,95.0000,76.2000,42.9000,0.0000,144440.37,368.48,0,0,0
2156000,29475.0,203014.9,387052,445329,99.9500,99.4000,95.1000,77.2000,41.7000,0.0000,144713.94,368.06,0,0,0
2158000,29514.3,202095.8,544916,445279,99.9500,98.8500,95.0000,74.7500,42.8000,0.0500,144659.58,368.54,0,0,0
2160000,29555.4,206975.6,387052,445214,99.9500,99.0000,95.4500,77.6500,44.9500,0.0000,144412.84,367.66,0,0,0
2162000,29592.6,207128.1,433564,445209,99.9000,98.8000,95.1000,76.9500,44.9500,0.0000,144594.99,368.47,0,0,0
2164000,29628.9,208840.5,386744,445222,99.9500,99.0500,95.7000,77.6500,45.0000,0.0000,144252.30,370.08,0,0,0
2166000,29664.7,207848.2,547568,445239,99.9000,99.0500,95.1500,77.0500,45.0000,0.0500,144860.13,366.04,0,0,0
2168000,29698.8,202397.5,497148,445269,99.9000,98.7000,94.5500,74.9500,42.8500,0.0500,144896.20,370.40,0,0,0
2170000,29734.4,209911.8,387220,445294,99.9000,99.0500,95.7000,78.3500,45.5000,0.0000,144643.37,367.51,0,0,0
2172000,29769.2,202749.4,436756,445316,99.9000,99.0500,95.4500,76.6000,42.0000,0.0000,145138.26,366.50,0,0,0
2174000,29803.6,204275.2,410832,445345,99.7000,99.0500,95.1500,77.7500,42.4000,0.0000,144986.58,369.64,0,0,0
2176000,29838.3,203008.4,407440,445368,99.9000,99.2000,94.5000,76.4500,42.4000,0.0000,145395.45,364.47,0,0,0
2178000,29873.7,205624.4,406496,445385,99.6000,98.8500,95.6000,76.5500,44.2000,0.0000,145329.19,368.18,0,0,0
2180000,29909.4,207526.9,529204,445404,99.9000,98.7000,95.2000,77.1000,44.4000,0.0500,144982.53,368.36,0,0,0
2182000,29944.7,203866.3,387032,445418,99.9500,99.1000,94.5500,75.6000,43.0500,0.0000,145220.55,368.06,0,0,0
2184000,29979.3,205080.2,525472,445447,99.8500,98.9500,94.7500,77.1000,43.3500,0.0500,145427.41,367.71,0,0,0
2186000,30014.3,204899.4,405632,445469,99.9000,99.4000,96.0000,76.5000,44.2500,0.0000,145625.92,368.09,0,0,0
2188000,30049.8,207715.5,388816,445490,99.9500,99.3500,95.6000,78.0000,44.4000,0.0000,145222.61,371.11,0,0,0
2190000,30085.3,201461.3,387096,445497,99.9000,98.5500,94.0500,75.3000,42.2000,0.0000,146209.17,366.01,0,0,0
2192000,30121.1,212320.3,386716,445524,100.0000,99.5500,96.2500,78.9500,46.0500,0.0000,145370.33,367.01,0,0,0
2194000,30156.5,204105.4,386944,445538,99.8500,99.3500,94.8500,75.4000,42.9000,0.0000,145852.92,366.93,0,0,0
2196000,30191.7,205820.9,387380,445561,99.8500,98.7000,95.0000,76.0500,44.0000,0.0000,145738.69,369.39,0,0,0
2198000,30226.3,204300.1,386984,445586,99.9500,99.2500,95.7000,75.8500,42.9500,0.0000,145895.69,369.69,0,0,0
2200000,30261.3,204500.5,412920,445608,99.8500,98.9000,94.7500,75.4000,43.4500,0.0000,145967.79,369.60,0,0,0
2202000,30295.8,203121.3,489556,445632,99.9000,99.3500,95.2000,75.3500,42.4000,0.0500,145959.26,369.09,0,0,0
2204000,30332.5,208704.3,460848,445638,99.8500,98.5500,95.5500,77.0000,45.4000,0.0500,146124.49,366.92,0,0,0
2206000,30368.2,206297.0,387088,445652,99.8500,99.2000,95.4000,77.7500,43.7500,0.0000,146062.30,369.33,0,0,0
2208000,30403.6,210206.2,386276,445680,99.9500,99.1000,95.8000,78.1000,45.6000,0.0000,146146.87,366.31,0,0,0
2210000,30438.8,206216.2,386852,445702,99.9000,99.3000,95.8000,77.7000,43.1000,0.0000,146533.61,366.68,0,0,0
2212000,30474.2,207618.6,530088,445724,99.9500,99.4000,95.5500,78.1500,43.6000,0.0500,146419.95,368.79,0,0,0
2214000,30508.5,203181.8,386796,445752,99.7000,98.7000,94.7500,76.5000,42.9000,0.0000,146670.59,367.10,0,0,0
2216000,30543.2,205948.1,517632,445779,99.9000,99.0000,95.6500,77.5000,43.8000,0.0500,146774.54,366.84,0,0,0
2218000,30578.7,206181.4,388288,445796,99.9500,99.0500,95.1500,77.9500,43.6500,0.0000,146593.44,368.89,0,0,0
2220000,30614.2,208613.5,387248,445819,99.7500,99.1000,94.8500,76.0000,45.4500,0.0000,146807.91,367.39,0,0,0
2222000,30648.8,201163.5,387000,445838,99.9000,98.5500,95.0000,74.2500,41.6500,0.0000,146852.63,369.63,0,0,0
2224000,30684.0,207608.4,387276,445862,99.8500,98.9500,95.7000,77.6500,44.5500,0.0000,146652.23,371.09,0,0,0
2226000,30719.4,203799.1,386944,445875,99.8000,99.1500,95.1000,75.1500,43.5500,0.0000,146979.82,367.58,0,0,0
2228000,30754.4,204693.3,387312,445894,99.9000,99.1000,95.4000,77.4000,43.2000,0.0000,146956.59,367.32,0,0,0
2230000,30788.9,203466.3,387036,445919,99.5500,99.0500,95.7000,76.8500,42.3500,0.0000,147141.13,371.92,0,0,0
2232000,30824.2,207299.0,387328,445942,99.8000,99.1000,95.8000,77.6500,43.8000,0.0000,147004.12,368.44,0,0,0
2234000,30858.9,204183.6,409384,445966,99.8500,99.1000,95.4500,75.4500,43.4000,0.0000,147177.04,368.97,0,0,0
2236000,30893.6,204501.7,386608,445990,99.9000,98.7500,95.5500,77.5000,42.7500,0.0000,147235.93,371.27,0,0,0
2238000,30928.8,205297.9,388572,446009,99.9000,99.3000,95.6500,76.2500,44.3500,0.0000,147255.72,371.91,0,0,0
2240000,30963.9,206399.9,386772,446031,99.9000,99.3000,96.3500,76.8000,44.1500,0.0000,147348.98,370.03,0,0,0
2242000,30999.6,209158.2,386632,446051,99.9500,98.8000,95.2000,78.1000,45.2500,0.0000,147018.09,369.61,0,0,0
2244000,31035.6,210866.7,387000,446071,99.9500,99.0500,95.2000,77.6000,46.3000,0.0000,147077.95,367.61,0,0,0
2246000,31070.9,207427.7,387188,446094,100.0000,99.3000,95.8500,76.9500,44.3000,0.0000,147172.77,371.14,0,0,0
2248000,31105.8,205658.4,387500,446117,99.9500,98.9500,95.3500,76.6500,43.5500,0.0000,147689.04,368.24,0,0,0
2250000,31141.6,209424.4,408872,446136,100.0000,99.0000,95.8500,76.3500,45.3000,0.0000,147587.89,367.77,0,0,0
2252000,31176.9,208806.5,524124,446162,99.8500,99.0000,95.6500,77.9500,44.7000,0.0500,147474.71,370.96,0,0,0
2254000,31212.1,207959.6,387128,446185,99.8500,98.7000,95.5000,77.9000,44.7000,0.0000,147652.72,370.11,0,0,0
2256000,31248.2,211267.9,387192,446205,99.9000,99.3000,95.9500,78.0500,45.2500,0.0000,147729.68,367.67,0,0,0
2258000,31283.5,207546.2,387184,446227,99.9500,98.9000,95.3500,77.0500,45.2500,0.0000,147953.14,369.19,0,0,0
2260000,31318.4,207649.0,387296,446254,99.9000,99.1000,95.4500,76.4000,44.9500,0.0000,147767.56,369.83,0,0,0
2262000,31353.5,207395.6,387448,446278,99.9500,99.1000,95.5000,76.5000,45.0500,0.0000,148075.13,368.34,0,0,0
2264000,31389.1,210536.5,392460,446303,99.9000,98.9500,95.3500,77.6000,45.6000,0.0000,147860.60,366.89,0,0,0
2266000,31424.9,206787.1,387332,446316,99.9500,99.1000,95.4500,77.4000,43.9000,0.0000,148314.43,367.82,0,0,0
2268000,31460.6,209256.9,387132,446335,99.8000,98.8000,95.4000,77.3500,45.4500,0.0000,148112.74,370.29,0,0,0
2270000,31496.1,208977.0,387056,446357,99.9000,99.3000,95.0500,77.6500,44.6500,0.0000,148219.01,369.66,0,0,0
2272000,31532.0,207282.1,387076,446370,99.8500,99.2000,95.7500,78.3000,43.8000,0.0000,148353.44,370.47,0,0,0
2274000,31568.3,207820.7,386776,446378,99.8500,99.1500,94.8500,77.7000,44.3000,0.0000,148032.25,373.79,0,0,0
2276000,31604.3,205689.1,388316,446385,99.8000,99.4000,96.4000,77.2000,42.9500,0.0000,148601.89,372.19,0,0,0
2278000,31640.5,206935.7,387180,446394,99.7500,99.2500,95.5000,77.5500,43.8000,0.0000,148721.52,368.60,0,0,0
2280000,31676.6,206450.7,387552,446402,100.0000,99.4000,95.7500,77.3500,43.1500,0.0000,148644.39,369.82,0,0,0
2282000,31713.7,208447.6,387416,446400,99.8000,99.0500,95.9500,77.2000,44.1500,0.0000,148615.21,372.18,0,0,0
2284000,31750.5,209646.7,520176,446405,100.0000,99.0500,95.1000,77.9500,45.1000,0.1000,148715.87,370.46,0,0,0
2286000,31786.2,206274.0,409892,446418,99.8500,99.0000,95.5000,77.9500,43.2500,0.0000,149032.82,372.10,0,0,0
2288000,31822.0,209393.3,398528,446436,99.9000,99.3000,95.3000,77.4500,45.5000,0.0000,148844.64,370.01,0,0,0
2290000,31858.1,209232.4,387436,446450,99.8500,99.1000,94.5500,77.4000,45.1500,0.0000,148872.08,368.52,0,0,0
2292000,31893.0,204883.3,387028,446470,99.8000,98.9500,94.8000,75.3000,44.0500,0.0000,148912.70,369.75,0,0,0
2294000,31928.3,206508.1,387184,446489,99.9500,98.9500,95.2000,76.9500,43.6500,0.0000,149030.79,370.52,0,0,0
2296000,31964.0,210466.0,386772,446513,99.8500,99.3000,96.3000,77.3500,44.2500,0.0000,149104.25,369.43,0,0,0
2298000,31999.9,210139.2,386420,446531,99.8000,98.7500,95.3000,77.1000,45.8500,0.0000,148867.73,370.50,0,0,0
2300000,32036.0,210965.8,387848,446549,99.7500,99.0000,95.1500,78.0000,45.4000,0.0000,148855.55,370.89,0,0,0
2302000,32071.5,209316.5,389108,446571,99.9500,98.9500,96.0000,77.4500,44.3500,0.0000,149101.57,371.10,0,0,0
2304000,32107.7,206683.7,420036,446579,99.6000,98.7000,95.2000,77.1000,43.8000,0.0000,149550.26,369.10,0,0,0
2306000,32143.4,210645.8,388704,446601,99.8000,99.0000,96.3000,76.7500,46.1500,0.0000,149488.68,366.81,0,0,0
2308000,32179.4,209580.4,386528,446616,99.8500,98.6500,94.8000,76.8500,45.4500,0.0000,149069.32,373.55,0,0,0
2310000,32215.4,210098.8,386232,446633,99.9500,99.3500,95.2500,77.6500,45.0500,0.0000,149416.13,370.27,0,0,0
2312000,32251.7,211351.8,386976,446648,99.9000,99.0000,95.6500,77.9500,46.2000,0.0000,149629.52,367.48,0,0,0
2314000,32287.9,209284.1,388864,446659,99.9000,98.9500,95.5500,76.6000,45.9000,0.0000,149389.34,371.82,0,0,0
2316000,32324.1,212770.5,387212,446679,99.9500,99.2500,96.0000,78.4000,46.8000,0.0000,149452.72,372.92,0,0,0
2318000,32360.3,211779.7,513172,446696,100.0000,98.9000,95.9500,78.3500,45.9500,0.0500,149738.66,370.79,0,0,0
2320000,32396.4,210493.9,477712,446712,99.8000,98.7500,94.7500,76.7500,45.8000,0.0500,149462.47,371.02,0,0,0
2322000,32432.3,210265.9,530848,446731,100.0000,99.3000,95.4000,78.3500,45.6000,0.0500,149895.17,373.88,0,0,0
2324000,32471.1,216086.4,404884,446723,99.8500,98.7000,96.0000,79.4000,47.6500,0.0000,149666.22,370.25,0,0,0
2326000,32509.3,208135.2,453776,446704,99.8500,99.0000,95.2500,77.0500,44.4500,0.0000,150110.83,372.70,0,0,0
2328000,32547.9,214443.4,387084,446694,99.8500,99.0500,96.1000,77.9000,46.9000,0.0000,149932.86,369.19,0,0,0
2330000,32585.4,204980.3,387196,446679,99.8000,98.9500,95.8500,76.5500,43.0500,0.0000,150791.12,370.19,0,0,0
2332000,32623.3,210453.1,387108,446671,99.8500,98.5500,94.7000,76.9000,46.3500,0.0000,150018.70,373.19,0,0,0
2334000,32660.8,211716.3,386628,446670,99.8500,98.8000,95.4500,78.6500,46.0500,0.0000,150438.62,367.05,0,0,0
2336000,32699.7,209196.2,387148,446644,99.9000,99.2500,95.3000,76.4000,45.5000,0.0000,150359.86,373.74,0,0,0
2338000,32739.3,211620.3,387276,446615,99.8500,99.1000,95.7500,78.2000,46.3500,0.0000,150250.24,369.87,0,0,0
2340000,32778.6,209239.5,387684,446585,99.8500,98.8500,95.7500,76.4500,45.5500,0.0000,150706.04,370.17,0,0,0
2342000,32819.0,210445.8,532444,446542,99.9500,98.9500,95.1000,78.3000,45.1500,0.0500,150694.02,370.77,0,0,0
2344000,32858.1,209661.0,387380,446517,99.7000,99.0000,95.6500,77.6500,45.3000,0.0000,150867.02,370.31,0,0,0
2346000,32895.4,207431.5,386876,446510,99.9000,99.1500,95.6000,77.6500,44.0500,0.0000,151023.22,368.58,0,0,0
2348000,32933.7,213303.0,386756,446502,99.9000,98.8500,95.5500,78.5500,46.1000,0.0000,150398.38,371.84,0,0,0
2350000,32971.0,209074.0,387372,446499,99.9500,99.3000,96.1000,77.1000,44.9500,0.0000,150864.78,372.36,0,0,0
2352000,33007.9,212345.4,386832,446509,99.8500,98.9500,95.4500,77.6000,46.4000,0.0000,150761.30,371.70,0,0,0
2354000,33044.7,212626.3,388232,446519,99.9000,99.3000,95.8500,78.7500,45.3500,0.0000,150915.44,371.02,0,0,0
2356000,33082.4,212385.0,566168,446518,99.9500,99.1000,96.0000,77.8500,46.4500,0.0500,151020.13,371.26,0,0,0
2358000,33120.9,211194.5,387288,446503,99.8500,98.8000,94.9000,76.9500,44.9500,0.0000,150772.16,373.48,0,0,0
2360000,33158.3,207988.0,387448,446497,99.9500,99.3000,95.1000,77.0000,44.0500,0.0000,151505.39,370.19,0,0,0
2362000,33196.7,208902.7,389532,446478,99.9000,98.9500,95.4500,76.6000,44.6500,0.0000,151503.63,371.62,0,0,0
2364000,33235.6,208997.6,387000,446453,99.8000,99.1000,95.9500,78.8000,44.1000,0.0000,151653.39,371.61,0,0,0
2366000,33275.0,211062.7,387016,446427,99.9000,99.2500,95.8000,78.3500,45.3500,0.0000,151533.98,370.04,0,0,0
2368000,33313.0,209139.5,386992,446416,99.9000,98.9000,96.0000,77.4500,44.2000,0.0000,151352.18,373.92,0,0,0
2370000,33350.6,210019.3,386892,446410,99.9500,98.8500,95.5500,76.8500,45.9000,0.0000,151479.17,372.47,0,0,0
2372000,33390.1,216995.1,386916,446394,99.7500,98.8000,95.3000,80.0000,47.5500,0.0000,151311.10,369.34,0,0,0
2374000,33430.2,213807.7,410636,446363,99.9000,99.4000,96.0500,78.1000,46.7500,0.0000,151297.99,373.35,0,0,0
2376000,33471.0,209433.4,386924,446315,99.9000,98.7500,94.5000,77.6500,45.4500,0.0000,152035.68,369.38,0,0,0
2378000,33511.6,211632.9,511496,446273,99.9000,99.1500,95.2500,76.8500,45.6000,0.0500,151622.15,372.66,0,0,0
2380000,33550.7,209228.0,386636,446247,99.8000,99.2000,96.0000,76.9500,44.8500,0.0000,152085.08,371.73,0,0,0
2382000,33589.2,215407.1,488840,446242,99.9500,99.5000,96.2000,78.7000,47.2000,0.0500,151861.04,369.84,0,0,0
2384000,33625.7,210758.0,387128,446252,99.9500,99.0500,95.6500,78.0500,45.4500,0.0000,152140.66,369.86,0,0,0
2386000,33662.8,213101.3,460060,446261,99.8500,99.3500,96.4500,78.1500,46.3000,0.0500,152198.41,371.05,0,0,0
2388000,33699.2,207370.8,387308,446266,99.8500,98.9500,95.1500,77.0000,43.8000,0.0000,152189.87,374.96,0,0,0
2390000,33736.8,210768.0,387128,446263,100.0000,99.2000,95.9000,77.8500,45.1500,0.0000,152353.63,369.94,0,0,0
2392000,33774.1,213178.3,387188,446270,99.8500,99.2500,96.1000,78.7500,46.3500,0.0000,152093.46,374.47,0,0,0
2394000,33811.6,209980.9,433484,446266,99.9500,99.4500,95.8000,77.7500,44.4000,0.0000,152282.60,373.84,0,0,0
2396000,33850.1,213165.8,387028,446257,99.7500,99.1000,95.6000,77.9500,46.4000,0.0000,152389.70,370.10,0,0,0
2398000,33887.8,214145.2,387040,446259,99.8000,99.2500,96.1000,79.0500,46.8500,0.0000,152421.89,370.86,0,0,0
2400000,33928.0,214298.8,532364,446229,99.9500,99.4000,96.4500,78.5500,46.5500,0.0500,152529.81,370.68,0,0,0
2402000,33966.6,209639.5,387996,446210,99.9000,98.9500,95.6500,76.3000,45.1500,0.0000,152378.54,372.92,0,0,0
2404000,34006.6,215248.0,386916,446186,99.9000,99.3000,96.8500,79.5500,46.6500,0.0000,152470.51,372.82,0,0,0
2406000,34045.7,215806.5,389144,446173,99.9500,99.0000,95.7000,78.7000,47.3000,0.0000,152597.99,372.29,0,0,0
2408000,34084.9,210307.3,462024,446148,99.9000,98.9000,95.3500,76.7500,45.5500,0.0500,152924.62,373.85,0,0,0
2410000,34123.1,214162.7,404968,446145,99.9500,98.9500,95.5000,77.7000,46.4500,0.0000,152596.03,372.22,0,0,0
2412000,34161.9,214894.9,411492,446134,99.9500,99.3500,96.5500,78.7000,46.8500,0.0000,152945.65,370.00,0,0,0
2414000,34201.9,212404.1,389168,446104,99.6500,98.8000,94.9000,77.9500,46.0500,0.0000,152930.97,372.58,0,0,0
2416000,34240.9,210839.7,386944,446082,100.0000,99.2500,95.3000,77.2000,45.8500,0.0000,153193.05,374.74,0,0,0
2418000,34280.2,214259.8,387068,446064,100.0000,99.3000,95.3000,79.2500,46.5500,0.0000,153029.97,373.55,0,0,0
2420000,34318.6,208348.0,540456,446046,100.0000,99.1000,95.2500,77.1000,44.6500,0.1000,153439.81,373.85,0,0,0
2422000,34356.1,207129.2,387100,446036,99.9000,99.1000,94.8500,77.3500,44.0000,0.0000,153233.38,374.74,0,0,0
2424000,34392.9,211994.2,388088,446047,99.9000,99.0500,95.9000,78.3000,45.3500,0.0000,153412.35,371.29,0,0,0
2426000,34430.1,209400.5,386824,446046,99.8500,99.4000,95.2000,76.9500,44.3500,0.0000,153410.93,374.43,0,0,0
2428000,34468.4,216932.7,386944,446047,99.9500,99.4500,96.2000,80.2500,46.9000,0.0000,153006.12,376.15,0,0,0
2430000,34506.7,218500.8,387152,446051,99.8500,99.1500,96.2500,80.8000,48.1500,0.0000,153050.46,375.02,0,0,0
2432000,34545.6,215825.5,417824,446042,99.9500,99.0000,95.3500,79.4500,46.8000,0.0000,153795.30,369.52,0,0,0
2434000,34584.3,212563.0,531020,446029,99.8500,98.8500,95.5000,78.8000,45.7500,0.0500,153352.09,375.03,0,0,0
2436000,34621.9,214307.9,387064,446034,99.8500,99.1000,95.9500,78.2000,47.1500,0.0000,153817.28,371.21,0,0,0
2438000,34658.0,213405.8,387320,446055,99.8500,99.1000,95.1500,78.0500,47.3500,0.0000,153959.98,372.29,0,0,0
2440000,34694.2,207035.4,387028,446061,99.7500,98.8000,94.3000,75.4500,44.4500,0.0000,153794.45,375.62,0,0,0
2442000,34731.8,213456.9,386060,446064,99.9000,99.0000,95.6000,78.0500,46.2500,0.0000,153665.69,372.55,0,0,0
2444000,34769.1,212875.2,387324,446069,99.9000,99.1000,95.6000,77.8000,46.6000,0.0000,153839.16,373.78,0,0,0
2446000,34806.7,212482.6,489580,446069,99.9500,99.0000,95.5000,77.8000,45.9500,0.0500,154154.03,371.37,0,0,0
2448000,34843.2,215072.4,402696,446089,99.8500,98.8500,95.4000,77.4000,47.3000,0.0000,154170.85,371.48,0,0,0
2450000,34879.3,213548.4,386676,446111,99.9500,99.0000,95.2500,78.1500,45.9000,0.0000,154064.06,374.71,0,0,0
2452000,34915.6,214396.6,386552,446133,99.9000,99.0500,94.8500,78.7500,47.1500,0.0000,154267.60,373.44,0,0,0
2454000,34951.7,214583.7,387260,446156,99.9000,99.5000,95.8000,77.6000,47.8000,0.0000,154112.39,374.72,0,0,0
2456000,34987.3,211891.7,386956,446181,99.9500,99.0500,95.1500,77.3000,45.7000,0.0000,154440.99,372.37,0,0,0
2458000,35022.6,213431.5,386780,446212,99.7000,98.9000,95.9000,78.7500,46.6500,0.0000,154296.42,373.67,0,0,0
2460000,35058.5,213616.9,387220,446238,99.9500,99.4500,96.3500,78.3000,45.6000,0.0000,154735.94,369.64,0,0,0
2462000,35094.5,214553.6,484020,446263,99.9500,98.9000,95.2500,78.6000,46.8000,0.0500,154157.47,374.35,0,0,0
2464000,35130.7,214564.9,386636,446286,99.9500,99.3500,96.1000,78.8500,46.2000,0.0000,154577.92,373.19,0,0,0
2466000,35165.9,212042.2,387336,446314,99.9500,99.1500,95.2500,77.6500,46.0000,0.0000,154724.21,375.33,0,0,0
2468000,35201.8,213471.9,432652,446338,99.7000,98.8500,95.0500,77.5000,47.3000,0.0000,154572.47,374.43,0,0,0
2470000,35238.9,215019.4,386996,446350,100.0000,99.2500,96.3500,78.8000,46.4000,0.0000,154462.84,371.55,0,0,0
2472000,35275.5,213680.1,389016,446365,99.7500,98.8500,95.1000,78.5000,47.3000,0.0000,154860.02,373.65,0,0,0
2474000,35312.1,215444.3,387316,446383,99.8500,99.0500,96.4500,80.0500,47.4500,0.0000,154803.00,374.91,0,0,0
2476000,35349.4,218038.9,532872,446399,100.0000,99.1000,95.6500,79.9500,48.2500,0.0500,154771.70,373.28,0,0,0
2478000,35386.5,216121.1,387108,446412,99.9500,99.0500,95.5000,79.1000,47.5500,0.0000,154562.81,376.97,0,0,0
2480000,35422.7,210847.9,387012,446427,99.7500,99.0000,95.4000,77.8500,45.8500,0.0000,154941.13,373.25,0,0,0
2482000,35459.1,215683.4,387040,446449,99.8500,99.4000,95.4500,78.3000,47.1000,0.0000,154881.79,375.27,0,0,0
2484000,35495.5,215233.3,387232,446470,100.0000,99.1500,96.1000,79.0500,47.3000,0.0000,155055.13,375.11,0,0,0
2486000,35531.7,214104.4,472252,446490,99.9500,99.1500,95.8500,77.2000,47.0500,0.0500,155292.63,372.90,0,0,0
2488000,35568.6,217156.0,386908,446508,99.9500,99.0000,95.7500,79.0000,47.6000,0.0000,155087.16,372.44,0,0,0
2490000,35605.4,218575.4,469088,446530,99.9000,99.2000,95.8000,80.2500,48.5000,0.0500,155069.60,376.05,0,0,0
2492000,35643.2,219722.8,522888,446542,99.8500,99.3500,96.0500,79.2000,49.0000,0.1000,155184.11,372.23,0,0,0
2494000,35679.5,212514.0,386732,446558,99.8500,99.0000,94.4500,76.4500,46.8500,0.0000,155124.97,375.06,0,0,0
2496000,35716.2,215677.5,536056,446576,99.8500,99.1000,94.7000,77.6500,47.1500,0.1000,154995.82,376.18,0,0,0
2498000,35752.5,216531.1,387256,446600,99.8000,98.9500,95.7000,79.0000,47.0000,0.0000,155411.18,374.51,0,0,0
2500000,35789.7,217943.5,386992,446617,99.9000,99.2500,95.9000,78.8000,48.6000,0.0000,155678.87,373.89,0,0,0
2502000,35826.3,216708.5,467544,446637,99.9500,99.2500,96.4500,79.3000,47.3500,0.0500,155600.65,372.93,0,0,0
2504000,35862.5,216518.2,389324,446662,99.8000,99.0500,95.6000,79.2000,48.6500,0.0000,155516.55,375.21,0,0,0
2506000,35898.9,216603.2,468716,446685,99.8500,99.4500,96.4500,79.4000,47.5000,0.0500,155902.15,371.16,0,0,0
2508000,35935.0,214420.4,387132,446708,99.9500,99.0500,95.6000,77.7000,46.3500,0.0000,155832.30,372.51,0,0,0
2510000,35972.1,218869.1,386756,446727,99.9000,99.3000,96.2500,80.6500,48.1500,0.0000,155991.46,374.15,0,0,0
2512000,36008.7,215192.0,419192,446745,99.8000,99.1000,96.3000,79.5500,46.0000,0.0000,156239.57,370.95,0,0,0
2514000,36045.2,215834.4,387112,446765,99.9000,99.0500,96.0000,78.9500,47.1500,0.0000,155924.00,373.19,0,0,0
2516000,36081.9,217513.2,409016,446785,99.8500,99.2000,96.0000,79.4500,48.1500,0.0000,156198.68,373.39,0,0,0
2518000,36117.6,213603.8,387160,446811,99.7500,98.8500,95.7000,77.3000,46.6000,0.0000,156196.71,374.92,0,0,0
2520000,36154.0,216229.3,387200,446833,99.8000,99.2500,95.6000,80.3500,47.0000,0.0000,156296.81,375.66,0,0,0
2522000,36189.9,217295.6,389996,446863,99.7500,99.1000,95.5000,78.3000,48.9000,0.0000,156086.99,373.57,0,0,0
2524000,36226.0,217702.7,387020,446892,99.8500,99.3000,96.3000,78.9500,47.1500,0.0000,156024.63,376.36,0,0,0
2526000,36261.9,215943.7,387048,446919,99.9500,99.0000,95.3000,78.3500,48.8000,0.0000,156647.47,374.12,0,0,0
2528000,36298.8,221821.0,500000,446946,99.9500,99.2000,96.8000,80.4500,50.5500,0.0500,156316.63,375.29,0,0,0
2530000,36333.8,214014.1,389212,446980,99.9000,99.1000,95.3500,77.3000,46.3500,0.0000,156430.02,376.86,0,0,0
2532000,36369.7,216133.2,489664,447008,99.8000,98.9000,95.3000,78.4000,47.8500,0.0500,156656.97,374.27,0,0,0
2534000,36405.7,214932.8,387008,447032,99.9500,98.7500,95.6000,78.1000,46.9000,0.0000,156844.65,374.16,0,0,0
2536000,36442.7,219349.2,405164,447052,99.9000,99.0000,95.5000,80.4000,49.3000,0.0000,156583.03,373.77,0,0,0
2538000,36479.3,218452.1,389288,447076,99.9500,99.1500,95.3500,79.6000,48.0500,0.0000,156686.15,372.11,0,0,0
2540000,36515.2,215121.4,503020,447101,99.8500,98.7000,94.7000,78.6000,46.3500,0.0500,156908.45,374.32,0,0,0
2542000,36550.9,217513.0,461652,447133,99.9000,99.1500,96.3000,80.2000,47.5500,0.0500,157028.44,373.39,0,0,0
2544000,36586.9,215336.3,387168,447158,99.8500,98.7500,95.0000,77.8500,48.4500,0.0000,156991.49,376.32,0,0,0
2546000,36622.6,215940.2,387032,447186,99.9000,99.0000,95.9500,77.7000,47.8500,0.0000,157069.34,372.63,0,0,0
2548000,36658.9,213854.5,386384,447204,99.8000,99.0500,95.7500,76.9000,47.1500,0.0000,157344.41,373.78,0,0,0
2550000,36696.3,216367.0,473224,447215,99.9000,98.7500,95.3000,79.5500,47.4500,0.0500,157183.75,375.73,0,0,0
2552000,36732.3,210059.4,386672,447228,99.9000,98.8500,95.2500,77.3000,45.5500,0.0000,157535.46,375.62,0,0,0
2554000,36768.8,217781.8,480076,447251,99.9500,98.8500,95.8500,79.2500,48.3000,0.0000,157125.02,377.15,0,0,0
2556000,36805.8,219925.6,387344,447271,99.9500,99.1500,96.4000,79.6500,49.4000,0.0000,157391.17,372.99,0,0,0
2558000,36842.1,215715.2,387036,447292,100.0000,99.1000,96.0000,78.2500,47.2500,0.0000,157298.90,377.20,0,0,0
2560000,36878.6,215732.1,408600,447312,99.8000,98.9500,95.4500,77.8000,47.6000,0.0000,157512.81,376.23,0,0,0
2562000,36915.1,218547.1,536472,447336,99.9500,99.2000,95.9000,79.3000,48.1500,0.0500,157390.22,375.71,0,0,0
2564000,36951.5,215726.8,387308,447356,99.8500,98.9500,95.6000,77.9500,47.2000,0.0000,157419.22,377.56,0,0,0
2566000,36988.7,218761.0,600984,447372,100.0000,99.3500,95.5500,79.2500,49.1500,0.0500,157541.76,375.16,0,0,0
2568000,37024.9,215680.7,386884,447394,99.9000,98.7500,95.4500,79.4000,47.8500,0.0000,157988.42,374.27,0,0,0
2570000,37062.1,218633.9,486600,447410,99.9500,99.3000,96.8000,80.2500,47.1000,0.0500,157635.98,374.22,0,0,0
2572000,37098.8,218792.8,390296,447432,99.9000,99.2500,96.5000,79.4000,48.1000,0.0000,157774.36,375.11,0,0,0
2574000,37135.5,218682.5,512236,447454,99.8500,98.9500,95.1000,78.3500,48.7000,0.0500,157436.02,379.41,0,0,0
2576000,37172.6,219562.8,387208,447474,99.8000,99.0000,95.7500,80.4000,48.3000,0.0000,158246.89,371.70,0,0,0
2578000,37209.5,217970.8,387096,447490,99.8000,99.2000,95.7500,78.7500,47.8500,0.0000,157879.66,373.19,0,0,0
2580000,37246.7,219463.8,393072,447508,99.8500,99.0500,95.3500,80.1500,48.8500,0.0000,158232.79,372.24,0,0,0
2582000,37282.8,215011.0,526032,447530,99.9000,99.2500,95.9500,78.5000,46.6500,0.0500,158134.81,377.87,0,0,0
2584000,37319.6,217786.8,460048,447549,99.9500,99.0500,94.8500,78.0500,48.4500,0.0500,158053.37,374.20,0,0,0
2586000,37356.6,218173.0,393908,447566,100.0000,99.3500,96.3500,78.8000,48.1500,0.0000,158223.31,376.20,0,0,0
2588000,37393.6,217014.7,389012,447580,99.9000,99.1000,95.8000,78.8500,48.0000,0.0000,158298.59,375.21,0,0,0
2590000,37430.6,217346.9,464680,447596,99.8500,99.3000,96.1500,78.3500,48.1000,0.0500,158537.55,372.43,0,0,0
2592000,37467.7,217236.2,507544,447610,99.9500,99.3000,95.5000,79.0500,47.4500,0.0500,158686.46,374.64,0,0,0
2594000,37504.4,215445.3,512140,447625,100.0000,99.3000,95.7500,79.0500,47.4000,0.0500,158499.44,378.44,0,0,0
2596000,37541.2,215264.5,468088,447639,99.8500,98.9500,95.8000,78.1000,47.1000,0.0500,158967.32,373.55,0,0,0
2598000,37578.0,215469.9,490376,447653,99.8500,99.2000,96.1000,79.0500,46.1000,0.0500,158865.02,377.45,0,0,0
2600000,37615.4,219457.4,386976,447669,99.9000,98.9000,95.7500,80.1500,48.6500,0.0000,158526.83,377.52,0,0,0
2602000,37653.3,218581.2,492348,447674,99.9000,99.3500,95.3000,78.8500,49.3000,0.0500,158786.97,375.14,0,0,0
2604000,37690.7,214216.6,553004,447679,99.9500,99.0500,95.4000,78.0500,47.1500,0.1000,159199.92,375.36,0,0,0
2606000,37727.7,218377.4,386700,447696,100.0000,99.1000,95.5000,78.4500,48.9000,0.0000,159051.21,373.76,0,0,0
2608000,37765.3,215563.5,388484,447699,99.9500,99.3000,96.0500,78.4000,47.9500,0.0000,158806.35,378.28,0,0,0
2610000,37803.1,218147.2,386932,447707,99.8500,99.1500,95.4500,77.8000,48.7500,0.0000,158916.16,377.19,0,0,0
2612000,37840.1,218129.1,397928,447723,99.9000,99.0500,95.4000,78.1000,48.1500,0.0000,159124.40,374.67,0,0,0
2614000,37876.4,215236.5,388000,447744,99.9500,99.4000,95.2500,77.9000,47.0500,0.0000,159142.74,376.49,0,0,0
2616000,37912.9,216280.1,388824,447763,99.9500,98.9500,95.9500,78.6000,46.9500,0.0000,159327.93,374.44,0,0,0
2618000,37950.0,219768.8,460152,447780,99.8000,98.7000,95.3500,78.9000,48.7500,0.0500,159017.50,375.04,0,0,0
2620000,37986.5,216964.0,387032,447802,99.9000,99.3500,95.9000,78.9500,46.5500,0.0000,159359.54,377.19,0,0,0
2622000,38023.9,220953.6,387128,447818,99.7500,99.2000,96.1500,79.8500,49.6000,0.0000,159236.35,375.67,0,0,0
2624000,38061.7,218429.2,386976,447825,99.9000,98.9500,95.6500,79.6500,48.5000,0.0000,159606.26,375.54,0,0,0
2626000,38098.6,217153.1,540052,447842,100.0000,99.3500,94.7000,78.2500,47.6000,0.0500,159291.22,377.40,0,0,0
2628000,38136.2,217421.6,387272,447849,100.0000,99.2000,96.3000,79.1000,47.7000,0.0000,159481.43,376.53,0,0,0
2630000,38174.1,218632.2,533244,447856,99.8000,99.0000,95.6500,79.4000,48.5000,0.1500,159593.45,377.76,0,0,0
2632000,38211.5,220450.4,387068,447872,99.8000,98.6000,95.4000,79.6500,49.3000,0.0000,159652.11,377.80,0,0,0
2634000,38248.1,217601.2,491812,447892,99.9000,98.9500,95.6500,79.1500,47.0500,0.1000,159828.54,374.67,0,0,0
2636000,38285.8,218407.7,387056,447900,99.8500,99.1500,96.5000,79.6500,47.8000,0.0000,159645.76,379.49,0,0,0
2638000,38323.7,221318.6,387092,447912,99.9000,99.2500,96.4000,80.3500,49.2500,0.0000,159576.78,376.55,0,0,0
2640000,38359.5,218223.1,386756,447942,99.8500,98.8000,95.3000,78.7500,48.6500,0.0000,159904.01,375.10,0,0,0
2642000,38395.6,215179.6,497900,447964,99.9000,98.8500,95.3500,77.7500,47.2000,0.1000,160183.68,377.10,0,0,0
2644000,38431.3,218712.0,497912,447996,99.9500,99.2000,96.1500,78.7500,47.8000,0.0000,159678.63,381.04,0,0,0
2646000,38468.4,218682.0,386984,448012,99.8500,99.3000,96.2000,79.0500,47.9000,0.0000,159773.04,379.49,0,0,0
2648000,38505.4,217623.9,409508,448027,99.9000,99.2000,95.7000,79.4500,48.0000,0.0000,160285.89,377.14,0,0,0
2650000,38542.2,219838.1,387232,448048,99.8500,98.8500,95.3000,79.0500,48.3000,0.0000,160154.15,373.83,0,0,0
2652000,38577.1,212655.6,386868,448078,99.8000,99.2000,95.7500,76.9500,46.4000,0.0000,160826.74,372.83,0,0,0
2654000,38613.4,221502.0,386640,448108,100.0000,99.2500,95.8000,80.4000,49.4000,0.0000,160293.91,373.85,0,0,0
2656000,38649.0,216448.0,397824,448138,99.9000,99.2000,96.2500,78.2000,48.0500,0.0000,160423.57,379.51,0,0,0
2658000,38685.0,219400.6,490124,448167,99.8500,98.9500,96.1000,79.5000,49.1500,0.0500,160277.94,378.02,0,0,0
2660000,38721.1,220056.9,386948,448196,99.8500,99.2500,95.5500,78.3500,49.0500,0.0000,160332.50,374.97,0,0,0
2662000,38757.6,221147.3,473560,448224,100.0000,99.1000,96.1000,79.3500,48.9500,0.0500,160209.78,377.20,0,0,0
2664000,38793.8,217307.9,386856,448248,99.7500,98.7000,95.3000,77.9000,47.2000,0.0000,160439.82,376.92,0,0,0
2666000,38831.8,218661.9,387140,448254,99.9500,99.4500,96.9000,81.4000,47.1500,0.0000,160856.01,378.06,0,0,0
2668000,38870.2,223431.5,387348,448262,99.9500,99.0000,96.2500,80.5500,50.6500,0.0000,160473.60,374.89,0,0,0
2670000,38908.1,215917.8,530816,448264,99.9500,99.4000,96.0500,78.8000,46.6500,0.0500,160721.13,379.12,0,0,0
2672000,38946.6,223491.3,387308,448272,99.9000,99.3000,95.8500,80.5000,50.6000,0.0000,160628.43,376.27,0,0,0
2674000,38983.9,219651.6,471120,448287,99.8500,99.2500,96.1000,78.3000,49.0500,0.0500,160599.78,377.64,0,0,0
2676000,39022.1,220707.9,410596,448293,99.9500,99.0500,95.5000,79.6000,49.1000,0.0000,160983.09,375.47,0,0,0
2678000,39059.4,217474.1,409388,448304,99.9500,99.0000,95.3500,77.8500,48.4000,0.0000,160902.52,377.92,0,0,0
2680000,39097.1,220605.0,387344,448316,99.6500,99.0000,95.2500,79.4500,49.1500,0.0000,160551.33,378.44,0,0,0
2682000,39134.6,218505.2,529396,448326,99.9000,99.4000,95.6000,79.3000,48.1500,0.0500,161027.54,377.77,0,0,0
2684000,39171.7,217874.1,386840,448340,99.9500,98.9500,95.6500,79.3500,48.4500,0.0000,160980.75,377.67,0,0,0
2686000,39208.5,217076.3,387384,448355,99.8500,99.2000,95.9000,78.7000,47.3000,0.0000,161036.80,380.43,0,0,0
2688000,39245.9,221108.0,465772,448372,99.9500,99.3500,96.1000,78.9500,49.1000,0.0500,160915.92,378.05,0,0,0
2690000,39283.0,221148.9,387316,448391,99.9500,99.4000,95.7000,79.6000,49.2500,0.0000,161154.45,377.66,0,0,0
2692000,39320.4,222633.2,387348,448410,100.0000,99.1000,96.0000,79.4500,50.1500,0.0000,160892.55,376.71,0,0,0
2694000,39357.3,220223.6,387260,448430,99.9000,98.8500,95.6000,79.8500,49.1000,0.0000,161124.44,379.55,0,0,0
2696000,39394.8,222277.4,532100,448446,99.9500,98.9500,96.1500,80.2000,49.7000,0.0500,161227.35,375.02,0,0,0
2698000,39431.9,217478.9,411288,448460,99.9500,99.5000,96.0000,79.0000,48.5500,0.0000,161697.90,376.95,0,0,0
2700000,39469.1,223304.8,509152,448482,99.8500,99.0000,96.1000,79.3000,50.3000,0.0500,161214.52,376.30,0,0,0
2702000,39506.5,219604.2,387352,448495,99.8000,99.0500,96.1000,78.8500,48.9500,0.0000,161669.59,376.89,0,0,0
2704000,39543.6,222063.6,387292,448516,99.9500,98.9500,95.9500,79.4500,50.2000,0.0000,161668.05,375.40,0,0,0
2706000,39580.8,222653.6,533012,448537,99.8500,99.0500,95.8000,80.5000,50.3000,0.0500,161532.44,379.12,0,0,0
2708000,39617.7,220828.4,551160,448558,99.9000,98.7500,96.6000,78.8000,49.2000,0.0500,161766.64,377.37,0,0,0
2710000,39654.9,220804.4,387192,448576,99.9500,98.8000,95.6500,79.2000,49.4000,0.0000,161613.75,377.22,0,0,0
2712000,39693.6,217909.4,388300,448570,99.9000,99.2000,95.4000,79.2500,47.8500,0.0000,161654.20,379.52,0,0,0
2714000,39731.7,218405.5,510744,448574,99.9500,98.9500,95.2500,77.5000,48.5000,0.1000,161828.08,378.14,0,0,0
2716000,39768.2,218456.5,487360,448595,99.8500,99.1000,96.2000,78.7500,48.6500,0.0500,162082.40,378.79,0,0,0
2718000,39805.1,219731.3,387184,448614,99.8500,98.9000,95.7500,79.1000,49.2000,0.0000,162244.54,375.16,0,0,0
2720000,39842.6,220483.5,387096,448627,99.9000,99.2500,95.8500,79.5000,49.6000,0.0000,161938.98,378.11,0,0,0
2722000,39880.7,223421.3,386852,448639,99.9500,99.1000,95.7000,79.0500,51.1000,0.0000,162374.34,371.86,0,0,0
2724000,39919.4,221789.6,496260,448641,99.9500,99.2000,96.6000,78.7000,49.2000,0.0500,162231.57,377.11,0,0,0
2726000,39956.2,217550.1,464228,448657,99.8500,98.9000,95.0000,78.3000,48.2000,0.0500,162499.26,377.39,0,0,0
2728000,39994.2,224043.8,486144,448671,99.9000,99.6500,96.7500,80.0000,50.5000,0.0500,162102.11,378.39,0,0,0
2730000,40031.9,223978.4,461788,448688,100.0000,99.1000,95.7000,79.7000,50.7500,0.0500,162212.75,377.08,0,0,0
2732000,40068.9,222095.5,533068,448710,99.9000,99.5000,96.4500,79.3000,50.0500,0.0500,162292.99,379.09,0,0,0
2734000,40106.0,222456.8,534684,448731,99.9500,99.2000,95.9000,80.3000,49.0500,0.0500,162061.68,378.74,0,0,0
2736000,40143.7,223558.9,472852,448747,99.8000,99.3000,96.0000,81.9000,50.4500,0.0500,162365.89,378.45,0,0,0
2738000,40181.9,220922.0,386772,448754,99.9500,99.0500,95.8000,78.8500,48.5500,0.0000,162572.00,376.82,0,0,0
2740000,40218.1,220172.7,507428,448781,99.8500,99.1000,95.3000,79.3500,49.4000,0.0500,162600.76,377.45,0,0,0
2742000,40254.4,218058.2,488296,448803,99.9500,98.8000,95.4000,78.6000,48.1000,0.0500,163021.99,375.65,0,0,0
2744000,40292.2,223870.4,387168,448819,99.9000,99.2000,95.7500,80.1000,50.1500,0.0000,162600.41,375.44,0,0,0
2746000,40328.2,216100.4,387532,448841,99.8500,98.8500,95.7000,77.7000,46.4500,0.0000,163169.07,376.33,0,0,0
2748000,40364.3,221545.1,387316,448872,99.9000,98.9500,95.6500,78.5500,50.5500,0.0000,162919.71,374.98,0,0,0
2750000,40400.8,222601.4,506540,448899,99.9500,99.1000,96.0500,79.5000,49.7500,0.0500,162795.58,376.83,0,0,0
2752000,40437.5,222901.4,387412,448926,99.9500,99.0500,95.2500,78.6000,50.0000,0.0000,162677.42,376.94,0,0,0
2754000,40474.4,222480.5,514600,448948,99.8500,99.0000,96.2000,79.4000,50.3000,0.0500,162903.50,379.09,0,0,0
2756000,40512.6,222503.6,387492,448958,99.9500,99.0500,96.1500,79.8000,50.0000,0.0000,162870.02,380.06,0,0,0
2758000,40550.9,221871.6,508600,448963,100.0000,99.3500,96.5000,79.5500,49.8500,0.0500,163419.58,376.80,0,0,0
2760000,40588.7,222249.7,397772,448976,100.0000,99.0500,96.5500,79.2000,50.2000,0.0000,163188.61,378.01,0,0,0
2762000,40626.2,219441.3,469080,448987,99.9500,99.2000,96.4000,79.1000,47.9000,0.0500,163295.56,378.43,0,0,0
2764000,40665.0,224675.2,397272,448993,99.9500,99.3500,95.9500,79.8000,50.6000,0.0000,162936.99,379.91,0,0,0
2766000,40702.9,223923.3,504320,449007,99.8500,99.2000,95.5000,80.5000,50.6000,0.0500,163350.95,378.78,0,0,0
2768000,40740.2,220926.6,477892,449023,100.0000,99.2000,96.1000,80.3500,48.5000,0.0500,163581.52,377.85,0,0,0
2770000,40777.4,218822.9,428128,449036,99.9500,99.0000,95.2000,79.6000,48.1500,0.0000,163472.06,380.14,0,0,0
2772000,40814.5,222048.0,386576,449056,100.0000,99.1500,95.6000,79.7000,49.2500,0.0000,163508.26,378.13,0,0,0
2774000,40851.7,222840.7,511252,449076,99.8000,98.6500,95.2500,79.4000,50.4500,0.0500,163338.45,379.73,0,0,0
2776000,40889.9,223404.5,387316,449086,99.9000,99.0000,95.7000,79.4500,50.8000,0.0000,163366.01,377.19,0,0,0
2778000,40928.3,223584.6,387040,449094,99.9500,98.9500,96.6000,80.4000,50.2500,0.0000,163618.10,378.03,0,0,0
2780000,40965.7,221692.8,400616,449110,99.9000,99.1000,95.6500,78.7000,49.1500,0.0000,163638.90,377.58,0,0,0
2782000,41003.8,224452.5,509112,449123,99.9000,99.1500,96.5000,80.4000,50.5500,0.0500,163609.38,378.37,0,0,0
2784000,41040.6,221846.8,478372,449146,99.8500,98.7000,95.6000,80.0500,49.1500,0.0500,163830.79,379.46,0,0,0
2786000,41077.6,221984.4,387452,449166,99.9000,99.3000,95.9500,78.6000,49.5000,0.0000,163947.56,376.45,0,0,0
2788000,41114.6,221920.9,387284,449187,99.9000,99.3500,95.8500,79.6500,50.3000,0.0000,164072.64,381.71,0,0,0
2790000,41152.2,222856.8,386976,449202,99.8000,99.0000,95.5500,78.8000,50.8500,0.0000,163854.33,379.95,0,0,0
2792000,41190.3,219834.0,481760,449206,99.7500,99.1500,95.8000,79.0500,48.4000,0.0500,164022.09,378.76,0,0,0
2794000,41229.5,222926.6,398108,449205,99.9500,99.0000,95.8500,78.8000,50.2500,0.0000,164260.69,373.63,0,0,0
2796000,41268.4,222045.4,386792,449205,100.0000,99.5000,96.5000,79.8500,48.8000,0.0000,164015.08,380.70,0,0,0
2798000,41307.2,223054.3,387376,449208,99.9500,98.7500,95.9500,78.8000,50.2500,0.0000,163892.18,378.33,0,0,0
2800000,41346.0,224870.3,386960,449213,99.8500,99.3000,96.0500,80.2500,50.9000,0.0000,164146.31,376.95,0,0,0
2802000,41383.8,216554.8,387420,449217,99.9000,99.2000,95.9000,78.2000,47.4000,0.0000,164975.72,376.57,0,0,0
2804000,41422.9,222800.9,386908,449216,100.0000,99.2000,95.9000,79.3500,49.3000,0.0000,164257.17,378.54,0,0,0
2806000,41460.3,218130.6,410864,449225,99.8500,98.9500,95.0000,78.5000,48.6500,0.0000,164900.96,375.01,0,0,0
2808000,41498.3,222689.6,481332,449235,99.9000,99.2000,95.7000,79.1000,50.4000,0.0500,164469.01,380.47,0,0,0
2810000,41535.8,219260.4,386924,449245,99.8000,99.0500,95.4000,77.9500,48.6000,0.0000,164254.90,382.24,0,0,0
2812000,41574.9,224807.9,386980,449248,99.9000,99.2500,96.0500,80.4500,50.6500,0.0000,164345.04,379.34,0,0,0
2814000,41613.5,222203.5,387516,449251,99.9500,98.9500,95.7000,79.7000,50.0500,0.0000,164782.75,377.60,0,0,0
2816000,41652.1,221583.7,387112,449253,99.8500,99.2500,95.4500,79.0000,50.6500,0.0000,164658.95,380.79,0,0,0
2818000,41690.3,223986.9,402140,449263,99.9000,98.9500,95.6000,79.4500,50.6000,0.0000,164597.27,380.49,0,0,0
2820000,41727.7,220108.2,469752,449277,99.8500,99.2000,96.1000,78.2500,48.5500,0.0500,164940.75,379.05,0,0,0
2822000,41765.3,218868.4,386700,449285,99.9500,99.2000,95.9500,78.2500,47.7500,0.0000,164870.31,378.95,0,0,0
2824000,41804.6,228664.0,388512,449292,99.9000,99.2000,96.6500,81.0000,52.3000,0.0000,164500.40,377.24,0,0,0
2826000,41842.6,222304.6,484052,449302,99.8500,99.3000,95.3000,79.1500,49.6000,0.0500,164788.43,380.81,0,0,0
2828000,41880.4,220728.2,497000,449312,99.8500,99.1000,95.9500,78.7500,49.1500,0.0500,165073.48,380.30,0,0,0
2830000,41918.3,219188.6,385732,449317,100.0000,99.0500,95.2500,79.0500,48.8500,0.0000,165374.76,377.89,0,0,0
2832000,41956.8,225420.2,572796,449326,99.8500,99.1000,96.2500,80.1500,51.2000,0.1000,164597.51,381.13,0,0,0
2834000,41994.5,218043.8,386824,449332,99.9500,99.2500,96.0000,78.0000,48.1500,0.0000,165631.35,377.63,0,0,0
2836000,42033.0,223227.8,386860,449339,99.9500,99.2500,95.7500,79.8500,50.1500,0.0000,164993.54,379.37,0,0,0
2838000,42070.5,218773.0,387240,449348,99.7500,99.1000,95.2500,78.5000,47.5500,0.0000,165303.81,381.36,0,0,0
2840000,42109.0,223949.7,387192,449354,99.9000,99.0000,94.9000,79.9000,51.2000,0.0000,165407.11,378.39,0,0,0
2842000,42147.5,221676.1,386552,449358,99.9000,99.1000,95.7500,78.5000,50.1000,0.0000,165577.05,379.02,0,0,0
2844000,42185.9,224066.8,387480,449366,100.0000,99.3000,96.2500,80.5000,50.3000,0.0000,165569.34,379.07,0,0,0
2846000,42224.0,222212.4,399804,449375,99.8500,99.1000,96.0000,79.0500,49.6500,0.0000,165350.46,379.74,0,0,0
2848000,42262.8,226597.5,487656,449383,99.9000,99.4500,95.7500,79.8000,51.3000,0.0500,165202.98,380.11,0,0,0
2850000,42301.3,221197.5,525740,449385,99.9000,98.9000,95.9000,78.7000,49.7000,0.0500,165703.14,379.90,0,0,0
2852000,42339.8,223896.9,473840,449393,99.9500,99.2500,96.2500,81.1500,49.1500,0.0000,165479.78,380.94,0,0,0
2854000,42378.0,223488.8,447716,449403,99.9000,99.2000,96.6000,79.5000,50.2500,0.0000,165546.52,378.26,0,0,0
2856000,42416.0,219855.1,388972,449409,99.7000,98.6000,95.6000,78.9500,48.7000,0.0000,166112.76,378.70,0,0,0
2858000,42454.5,220903.5,387340,449410,99.8000,98.8500,95.3500,78.6500,49.3500,0.0000,165987.01,379.33,0,0,0
2860000,42492.7,223092.4,388912,449419,100.0000,98.9000,95.9000,78.9000,50.7000,0.0000,165881.90,379.00,0,0,0
2862000,42531.4,226013.5,388724,449427,99.8500,99.2500,96.1000,80.7000,51.9000,0.0000,165693.52,378.00,0,0,0
2864000,42569.8,221793.2,387116,449432,99.8000,99.0500,95.5500,78.4000,50.1500,0.0000,165919.37,380.03,0,0,0
2866000,42607.0,221640.4,386608,449448,99.9500,99.2000,95.7500,79.0000,49.8500,0.0000,166127.47,378.46,0,0,0
2868000,42644.6,224574.7,514664,449466,99.8500,99.0000,95.9500,78.6500,51.1500,0.0500,165832.57,379.47,0,0,0
2870000,42683.2,222221.9,391952,449469,99.9500,99.3000,96.1500,79.3000,49.6000,0.0000,166086.30,380.13,0,0,0
2872000,42720.8,221760.9,387320,449482,99.7500,98.7000,95.7500,79.3500,49.6500,0.0000,166080.75,380.91,0,0,0
2874000,42759.6,226441.8,391448,449489,100.0000,99.2000,95.5500,80.2500,51.5500,0.0000,165979.28,381.19,0,0,0
2876000,42797.9,221154.4,386636,449494,99.7500,98.9500,95.3500,76.9500,49.5000,0.0000,165822.84,382.98,0,0,0
2878000,42835.7,220530.1,388196,449502,99.8500,99.1500,96.5000,78.9000,48.7500,0.0000,166448.63,379.23,0,0,0
2880000,42873.1,218831.5,391148,449513,99.7500,98.8000,95.9500,78.5500,47.6500,0.0000,166501.77,383.37,0,0,0
2882000,42910.9,222879.8,387116,449525,99.8500,99.1000,96.2500,78.2500,50.1000,0.0000,166531.01,379.25,0,0,0
2884000,42950.1,227162.8,486340,449530,99.8500,99.2000,96.1500,80.1000,52.1000,0.1000,166197.60,381.47,0,0,0
2886000,42988.7,224025.1,386928,449536,99.9000,98.8000,96.1000,79.6500,49.8500,0.0000,166244.61,380.83,0,0,0
2888000,43026.5,220635.6,387060,449544,99.8500,99.0000,95.4000,78.6500,49.0000,0.0000,166718.12,381.77,0,0,0
2890000,43065.8,224977.4,387104,449544,99.9000,99.3000,95.8500,79.5500,51.3000,0.0000,166495.26,378.05,0,0,0
2892000,43104.1,221764.3,387656,449549,99.8000,99.4000,95.5500,79.7000,49.7500,0.0000,166722.48,382.31,0,0,0
2894000,43143.3,224605.0,387224,449550,99.8500,98.9000,96.5500,80.9000,49.7500,0.0000,166804.90,380.05,0,0,0
2896000,43181.6,222195.3,386708,449557,99.9000,98.8500,95.9500,79.2500,49.7000,0.0000,166819.54,379.86,0,0,0
