episodes,elapsed_s,mean_score,max_score,moves_per_s,r1024,r2048,r4096,r8192,r16384,r32768,mean_value,mean_abs_td_error
2000,1.6,10173.3,34848,799820,36.3500,1.5000,0.0000,0.0000,0.0000,0.0000,851.97,57.50
4000,3.7,15259.7,55424,845865,71.9000,11.8500,0.1000,0.0000,0.0000,0.0000,1704.87,78.00
6000,6.0,17734.0,57584,861371,80.6000,20.3000,0.1500,0.0000,0.0000,0.0000,2408.15,89.86
8000,8.6,19752.4,62492,861428,83.3000,30.3500,0.5500,0.0000,0.0000,0.0000,3014.26,98.48
10000,11.4,21444.6,60320,864352,87.7000,37.2000,0.8500,0.0000,0.0000,0.0000,3585.56,105.26
12000,14.2,22940.7,62976,868343,89.0500,43.4500,1.2000,0.0000,0.0000,0.0000,4100.44,111.38
14000,17.2,24260.1,70456,872017,92.0500,48.8000,1.6000,0.0000,0.0000,0.0000,4585.96,115.71
16000,20.3,25138.5,68600,873766,91.8500,51.2500,2.2500,0.0000,0.0000,0.0000,5058.28,119.59
18000,23.6,26481.7,80568,874261,93.5500,54.6500,3.5500,0.0000,0.0000,0.0000,5490.51,122.80
20000,26.9,27328.8,76760,876093,93.3500,58.6500,3.8500,0.0000,0.0000,0.0000,5924.20,125.58
22000,30.3,28522.3,73380,878324,95.2000,61.9500,4.8500,0.0000,0.0000,0.0000,6372.30,127.92
24000,33.8,29450.0,78800,878527,95.5500,64.7000,5.3000,0.0000,0.0000,0.0000,6812.38,130.57
26000,37.4,30263.4,81872,879219,96.5500,66.3000,5.6500,0.0000,0.0000,0.0000,7227.08,133.80
28000,41.1,31261.4,105584,879617,95.9000,67.0000,8.1500,0.0500,0.0000,0.0000,7588.65,137.70
30000,44.9,31944.0,86592,879893,96.9000,68.1500,8.7000,0.0000,0.0000,0.0000,7991.19,140.15
32000,48.8,32712.7,117516,880323,96.7500,71.5500,9.3500,0.0500,0.0000,0.0000,8362.74,142.24
34000,52.8,34524.1,133024,880794,97.2000,73.3000,12.5500,0.0500,0.0000,0.0000,8697.45,144.72
36000,56.9,35762.4,108228,882191,97.5000,75.5000,14.6500,0.1000,0.0000,0.0000,9069.58,147.20
38000,61.1,36381.9,123008,882659,97.4500,76.6000,16.3000,0.1000,0.0000,0.0000,9483.97,149.37
40000,65.4,37115.6,115172,882525,97.0000,77.4000,17.3500,0.0500,0.0000,0.0000,9847.99,151.64
42000,69.7,38271.1,126184,883412,98.0500,77.5500,20.4000,0.1500,0.0000,0.0000,10198.01,154.93
44000,74.2,38761.5,123268,883649,97.8500,79.0000,20.6500,0.2500,0.0000,0.0000,10576.94,156.85
46000,78.6,39005.5,110128,883853,98.1500,78.2500,21.3000,0.1500,0.0000,0.0000,10895.80,159.53
48000,83.1,40290.1,136284,885646,97.9000,78.6000,23.3500,0.4000,0.0000,0.0000,11218.02,161.56
50000,87.7,41113.5,131192,886240,98.3500,80.0000,26.0500,0.3500,0.0000,0.0000,11570.34,163.57
52000,92.3,41978.0,132560,886970,98.1500,81.0000,27.5000,0.2000,0.0000,0.0000,11924.19,163.99
54000,97.2,43051.3,160068,887018,98.6500,81.8000,30.2500,0.3500,0.0000,0.0000,12253.71,165.74
56000,102.1,43817.6,145340,886847,98.7000,81.3500,31.6000,0.7000,0.0000,0.0000,12581.32,168.06
58000,107.1,44549.0,124468,886511,98.1500,82.4500,33.6000,0.3500,0.0000,0.0000,12919.71,169.86
60000,112.1,45418.1,137060,886542,98.7500,83.8000,34.0500,0.7000,0.0000,0.0000,13265.01,170.47
62000,117.3,46064.7,147576,886311,98.8500,85.1500,35.5000,0.4500,0.0000,0.0000,13567.10,173.05
64000,122.4,46613.5,148980,886674,98.4000,84.3500,36.8000,0.9500,0.0000,0.0000,13912.63,174.32
66000,127.7,47923.6,133424,886970,98.6000,85.9500,39.1000,0.8500,0.0000,0.0000,14221.02,175.61
68000,132.8,47822.4,130756,888251,98.8500,84.9000,38.1500,1.3000,0.0000,0.0000,14595.66,175.74
70000,138.1,48976.9,144292,888889,98.8000,86.7500,40.4000,1.3500,0.0000,0.0000,14899.03,177.26
72000,143.4,48811.8,133724,889162,98.5000,84.6000,40.5000,1.3000,0.0000,0.0000,15220.34,178.44
74000,148.8,49771.2,148740,889315,98.6500,87.1500,42.2000,1.5000,0.0000,0.0000,15524.55,181.32
76000,154.3,50722.1,139964,889359,99.0500,87.9000,43.8000,0.9000,0.0000,0.0000,15783.04,181.91
78000,159.9,51087.3,148364,889445,99.1500,87.0000,44.6000,2.0000,0.0000,0.0000,16142.77,182.94
80000,165.5,52070.8,152976,889852,98.8500,87.7000,45.7500,2.0000,0.0000,0.0000,16443.74,183.54
82000,171.0,51725.0,156716,890179,98.9500,87.3500,44.9000,2.3500,0.0000,0.0000,16791.12,185.71
84000,176.7,53313.5,167448,890561,98.6000,88.4000,48.3000,1.9000,0.0000,0.0000,17076.75,185.84
86000,182.4,53253.9,156428,890881,99.1500,89.6500,47.6000,2.1000,0.0000,0.0000,17402.72,187.53
88000,188.0,53307.3,162972,891906,98.9500,89.3000,46.9000,2.1500,0.0000,0.0000,17685.91,188.96
90000,193.7,54442.9,154460,892456,99.3000,88.7500,49.8500,2.8000,0.0000,0.0000,17931.01,191.31
92000,199.6,55358.8,169816,892629,99.2500,91.6500,50.3500,2.3000,0.0000,0.0000,18284.81,190.62
94000,205.2,54971.4,149152,893834,98.6500,88.7000,50.2000,2.2500,0.0000,0.0000,18584.20,191.21
96000,211.3,56194.2,157980,893775,99.1500,90.0000,51.7000,3.0500,0.0000,0.0000,18859.00,192.83
98000,217.3,56557.5,159556,893871,98.9500,90.7000,51.9500,3.1500,0.0000,0.0000,19118.13,194.15
100000,223.4,56775.8,175468,893927,99.0500,89.6500,52.7500,2.8000,0.0000,0.0000,19463.12,194.39
102000,229.2,56165.9,187032,894619,99.0500,89.6500,50.6500,3.7500,0.0000,0.0000,19776.57,195.92
104000,235.3,57810.6,158572,894607,98.8500,89.9000,52.8500,4.2500,0.0000,0.0000,19906.11,198.58
106000,241.7,59128.7,168796,894411,99.0500,91.3500,54.6500,4.7500,0.0000,0.0000,20246.26,197.59
108000,248.0,58859.9,256776,894003,99.1000,90.5000,55.0500,4.7500,0.0500,0.0000,20489.32,199.50
110000,254.3,58725.5,170012,893728,99.0000,91.2000,55.3000,4.2000,0.0000,0.0000,20833.06,199.40
112000,260.6,58330.5,177032,893669,99.2500,90.5000,53.7500,4.1500,0.0000,0.0000,21109.29,199.98
114000,267.0,60379.9,224996,893623,99.4500,92.0500,56.2000,5.0500,0.0500,0.0000,21381.86,201.06
116000,273.3,60284.2,159128,893708,99.0500,91.5500,57.5500,4.9000,0.0000,0.0000,21602.42,203.45
118000,279.8,59974.7,167396,893518,99.0500,91.0000,56.2000,4.4500,0.0000,0.0000,21915.80,204.45
120000,286.2,61213.9,172164,893473,99.0000,91.8000,57.9000,6.3500,0.0000,0.0000,22141.84,206.25
122000,292.8,61743.8,177676,893342,98.8000,90.8500,58.6500,6.6500,0.0000,0.0000,22347.09,207.19
124000,299.2,61401.7,173848,893611,98.9500,92.2500,57.6000,5.6500,0.0000,0.0000,22691.36,205.94
126000,305.7,61689.2,175508,893644,99.2000,91.6500,57.5500,6.1500,0.0000,0.0000,22937.00,206.94
128000,312.2,62689.7,173456,893783,99.6000,92.3000,59.6500,7.1500,0.0000,0.0000,23156.52,209.64
130000,318.8,62311.5,165260,893777,99.2500,91.1500,58.0000,7.6500,0.0000,0.0000,23408.73,209.98
132000,325.3,63274.9,182540,894124,99.3500,91.7500,60.1000,6.7500,0.0000,0.0000,23586.43,211.62
134000,331.9,63296.8,177716,894138,99.3000,91.8000,59.9500,7.9000,0.0000,0.0000,23844.16,212.92
136000,338.7,65256.3,182836,894183,99.2000,92.4500,62.0500,8.7000,0.0000,0.0000,24048.44,213.17
138000,345.5,64585.7,167720,894095,99.2000,92.1000,60.8500,8.1000,0.0000,0.0000,24356.49,212.32
140000,352.3,64969.7,178608,894221,99.0500,91.8500,60.6000,8.6500,0.0000,0.0000,24621.80,213.87
142000,359.0,65457.6,226756,894494,99.2000,92.7500,62.1000,9.0000,0.0500,0.0000,24869.57,214.38
144000,365.6,66250.5,173940,895129,99.3000,93.2500,63.8500,8.9000,0.0000,0.0000,25097.46,214.99
146000,372.4,66289.7,176764,895560,99.7000,93.2000,61.9500,10.0000,0.0000,0.0000,25401.02,215.39
148000,379.1,66272.7,179004,895843,99.5500,92.7500,63.4000,9.9000,0.0000,0.0000,25619.22,217.70
150000,386.0,68205.7,191920,896271,99.6500,93.7000,64.9000,10.4000,0.0000,0.0000,25797.48,217.96
152000,392.9,66852.4,175576,896446,99.0500,93.0500,62.6000,9.7000,0.0000,0.0000,26062.03,218.35
154000,399.7,67103.7,178884,896679,98.7000,92.4500,63.3000,10.1500,0.0000,0.0000,26263.74,219.68
156000,406.8,68676.8,249376,896740,99.0000,93.4000,65.0500,11.5500,0.0500,0.0000,26515.72,219.57
158000,413.9,69048.2,178968,896956,99.5000,93.3500,64.6000,12.0500,0.0000,0.0000,26772.81,221.04
160000,420.9,68115.3,177076,897057,99.2500,93.5000,63.9500,11.2000,0.0000,0.0000,27088.55,220.57
162000,427.9,68897.6,178968,897202,99.2500,93.7000,62.9000,12.5000,0.0000,0.0000,27247.75,223.08
164000,435.0,69945.7,175400,897372,99.4500,94.0000,65.0500,13.3500,0.0000,0.0000,27471.26,222.87
166000,442.0,69256.6,182272,897680,99.7000,93.9000,65.5000,11.9000,0.0000,0.0000,27759.50,222.52
168000,449.1,69371.6,259484,897857,99.4500,93.1500,64.5000,12.7000,0.0500,0.0000,27992.25,224.05
170000,456.3,71374.3,215976,898055,99.3000,94.3000,67.3000,14.2500,0.0500,0.0000,28153.64,225.31
172000,463.5,71045.7,187012,898203,99.5500,93.5500,65.1000,14.0500,0.0000,0.0000,28378.00,226.42
174000,470.8,72448.9,194232,898460,99.5500,94.3000,68.1500,15.6000,0.0000,0.0000,28576.25,228.28
176000,478.1,71581.5,188024,898562,99.5000,93.9500,66.0500,14.7500,0.0000,0.0000,28860.86,227.16
178000,485.2,71738.7,189292,898892,99.5000,94.1500,66.7000,13.9500,0.0000,0.0000,29054.49,226.56
180000,492.6,73208.9,218636,899108,99.5000,94.1000,68.0500,15.6500,0.0500,0.0000,29247.45,227.92
182000,499.9,72287.0,178956,899248,99.6000,94.3000,66.8000,14.6500,0.0000,0.0000,29489.75,229.91
184000,507.4,74421.5,284876,899395,99.5500,94.6500,68.9000,16.7000,0.1000,0.0000,29743.52,229.27
186000,514.8,73237.8,216904,899520,99.4500,94.4500,68.2500,16.3500,0.0500,0.0000,30016.21,230.10
188000,522.3,73323.9,257324,899481,99.3000,93.7500,67.9000,15.8000,0.0500,0.0000,30155.62,231.94
190000,529.7,74932.8,194288,899817,99.4500,94.9000,69.4500,17.7000,0.0000,0.0000,30354.13,231.10
192000,537.3,76074.5,190960,900003,99.4500,95.1000,69.5000,18.4500,0.0000,0.0000,30596.88,231.20
194000,544.9,75173.7,229336,900036,99.6500,93.6000,70.3500,16.7500,0.2000,0.0000,30830.03,232.14
196000,552.6,76063.1,237152,900017,99.5000,95.5500,70.0500,18.2000,0.0500,0.0000,31101.25,232.13
198000,560.2,75978.5,189304,900283,99.4000,94.3500,70.0000,18.2000,0.0000,0.0000,31220.52,234.71
200000,567.8,77214.6,179032,900563,99.4500,93.8500,70.1000,19.8000,0.0000,0.0000,31328.95,237.32
202000,575.5,78186.4,223100,900830,99.6000,95.5000,71.6500,19.9000,0.0500,0.0000,31717.15,233.19
204000,583.2,76878.0,228524,900960,99.3500,93.9000,69.8000,19.2500,0.0500,0.0000,31865.20,235.72
206000,590.9,77158.7,243920,901093,99.5000,94.1000,71.9500,18.2000,0.1000,0.0000,32134.26,236.00
208000,598.6,76869.8,188872,901282,99.6500,94.1000,70.5500,18.9000,0.0000,0.0000,32387.94,235.65
210000,606.5,78692.6,189900,901378,99.5000,94.4500,72.3500,20.0500,0.0000,0.0000,32530.19,236.94
212000,614.3,80019.9,266372,901688,99.5000,94.5000,73.2500,20.6000,0.2000,0.0000,32658.39,238.06
214000,622.2,80155.0,188572,901946,99.5000,94.6000,74.0500,21.6000,0.0000,0.0000,32870.77,238.50
216000,630.0,79205.1,245724,902157,99.5000,93.5500,72.6500,22.2000,0.1000,0.0000,33194.82,238.80
218000,638.0,80395.5,213772,902244,99.5500,94.4500,73.6500,22.5500,0.0500,0.0000,33385.36,239.88
220000,646.0,80922.9,246308,902395,99.6000,94.5000,74.5500,21.3500,0.1000,0.0000,33573.07,239.12
222000,653.9,81034.1,246608,902591,99.5000,94.2000,73.3000,22.5500,0.2000,0.0000,33784.57,240.65
224000,661.7,78060.3,202108,902759,99.4500,93.7500,72.8000,18.9500,0.0000,0.0000,34108.38,239.56
226000,669.7,81257.1,247664,902984,99.2500,94.1000,74.0000,22.3000,0.1500,0.0000,34237.13,239.25
228000,677.6,81485.5,291204,903239,99.3000,93.4500,74.4500,21.3000,0.1500,0.0000,34395.55,241.37
230000,685.8,81366.3,238692,903235,99.1500,94.2500,74.3500,22.8000,0.1000,0.0000,34667.30,242.42
232000,693.7,80380.6,190800,903412,99.5000,94.2000,74.2500,21.6000,0.0000,0.0000,34851.87,242.20
234000,701.9,84063.9,271056,903559,99.8500,94.8500,75.9000,25.4000,0.1000,0.0000,34983.16,244.12
236000,710.1,82367.4,288288,903679,99.6000,94.4500,74.3500,24.0500,0.1000,0.0000,35232.58,244.71
238000,718.4,85526.2,235592,903829,99.7000,94.6500,77.5500,25.9000,0.1500,0.0000,35354.78,245.39
240000,726.7,84196.6,242112,903921,99.6000,94.6000,76.8500,24.2000,0.2000,0.0000,35605.81,244.85
242000,735.0,82349.1,266820,903866,99.4500,94.0000,75.2500,23.0000,0.1000,0.0000,35934.43,243.98
244000,743.4,84839.0,232576,903864,99.7500,94.4500,75.5000,25.9500,0.1000,0.0000,36108.44,243.88
246000,751.8,82721.0,245480,903753,99.2000,94.2000,74.2500,24.5500,0.1000,0.0000,36383.79,245.11
248000,760.2,84532.8,225500,903677,99.6500,95.0500,75.2500,25.4500,0.2000,0.0000,36509.86,244.87
250000,768.6,85225.7,232988,903731,99.4500,93.8000,75.7000,27.2500,0.0500,0.0000,36736.95,246.41
252000,777.0,86594.8,286500,903990,99.5500,94.8500,77.9000,26.3000,0.1500,0.0000,36948.47,245.65
254000,785.5,85911.4,293596,903984,99.5500,94.8500,76.3500,26.6500,0.4000,0.0000,37165.43,247.50
256000,794.2,87350.8,264796,903908,99.5000,94.2500,77.6500,27.7000,0.2500,0.0000,37291.25,248.72
258000,803.0,87413.6,261860,903810,99.6000,94.9000,76.9500,28.6000,0.0500,0.0000,37527.38,248.75
260000,811.7,87570.2,286636,903772,99.5500,95.2000,77.6500,28.5500,0.2500,0.0000,37711.51,249.65
262000,820.2,85780.7,271348,903707,99.4000,94.0500,76.0500,27.6000,0.2500,0.0000,38003.21,249.51
264000,828.9,87101.0,271388,903659,99.7500,95.0000,77.5500,26.8000,0.3000,0.0000,38137.95,250.37
266000,837.6,88374.2,259812,903693,99.8000,95.4000,78.4000,28.7000,0.2500,0.0000,38346.69,250.72
268000,846.1,87002.4,285280,903804,99.5500,94.5000,76.4500,27.1000,0.3500,0.0000,38534.11,251.25
270000,854.9,88671.9,268928,903742,99.7500,95.0000,78.3500,29.5500,0.2500,0.0000,38802.88,250.67
272000,863.8,88919.9,269584,903671,99.5000,94.5500,77.3000,29.7000,0.4000,0.0000,38883.79,253.33
274000,872.6,88497.9,269080,903566,99.8500,93.8500,77.2500,29.5500,0.4500,0.0000,39172.44,252.90
276000,881.7,91553.3,279664,903451,99.6500,95.8000,79.5500,32.7500,0.3000,0.0000,39301.84,253.64
278000,890.7,90325.1,289924,903381,99.6000,94.9500,78.0000,30.6500,0.3500,0.0000,39530.79,253.18
280000,899.5,89293.6,266524,903341,99.7500,95.1000,78.2500,29.4500,0.4000,0.0000,39867.54,252.95
282000,908.4,88596.0,245860,903207,99.5000,94.2500,77.2500,28.9500,0.3500,0.0000,39958.37,254.25
284000,917.5,90116.7,290036,903021,99.5500,94.8000,76.7500,31.0000,0.4500,0.0000,40320.72,252.19
286000,926.7,92328.6,287348,902831,99.6500,94.5500,78.4000,32.4000,0.5000,0.0000,40319.44,254.09
288000,935.8,90446.9,301568,902654,99.6500,94.4000,78.4500,31.8500,0.5000,0.0000,40643.32,256.67
290000,944.8,90974.7,271620,902653,99.8500,95.2500,78.4500,31.8500,0.2000,0.0000,40793.93,256.11
292000,953.8,91832.4,267952,902631,99.5500,95.7000,79.2500,32.3500,0.3000,0.0000,40976.66,257.13
294000,962.9,92579.3,268676,902624,99.6500,94.9000,78.7000,33.2500,0.6000,0.0000,41156.60,257.48
296000,972.0,93051.8,266500,902644,99.6000,95.9000,79.2000,32.7500,0.2500,0.0000,41350.99,256.36
298000,981.4,95251.4,281412,902543,99.8500,95.3000,79.8000,36.8000,0.7500,0.0000,41501.11,259.97
300000,990.8,94223.3,342924,902473,99.5500,95.9500,79.6500,33.4000,0.5500,0.0000,41651.21,259.53
302000,1000.2,95100.5,296748,902344,99.3500,94.3500,80.1000,36.2500,0.5000,0.0000,42002.84,259.53
304000,1009.7,96140.6,290108,902243,99.7000,95.7000,79.8500,36.1000,0.8500,0.0000,42134.81,260.76
306000,1018.8,92640.3,288764,902216,99.7500,95.8500,79.2500,33.2000,0.2500,0.0000,42388.84,260.78
308000,1028.2,94569.7,291116,902103,99.6500,95.3000,78.2500,36.9000,0.5000,0.0000,42627.06,261.92
310000,1037.6,93782.1,312024,901951,99.4000,94.8000,79.8500,34.7000,0.3500,0.0000,42883.77,260.78
312000,1046.8,94027.3,262452,901917,99.6500,94.7500,78.4000,35.9500,0.4000,0.0000,42999.50,262.27
314000,1055.9,94661.4,290976,902086,99.4500,94.6500,79.1500,35.0500,0.9000,0.0000,43175.13,263.14
316000,1065.2,95969.1,284976,902201,99.4000,95.4500,79.5000,35.9500,0.5500,0.0000,43317.14,264.02
318000,1074.7,98292.8,281756,902257,99.3000,95.3000,80.1000,38.4500,1.0000,0.0000,43502.23,262.76
320000,1084.1,97200.4,290524,902285,99.3500,95.3000,80.6000,37.5000,0.8500,0.0000,43681.05,263.68
322000,1093.5,98100.6,294392,902434,99.6000,96.0000,80.0000,38.0500,0.7500,0.0000,43859.04,265.53
324000,1102.8,95907.9,282892,902497,99.7000,94.7000,78.8000,36.7000,0.7500,0.0000,44097.28,265.54
326000,1112.4,98104.9,285264,902440,99.3500,95.4500,81.3000,37.6500,0.9500,0.0000,44345.98,265.35
328000,1121.8,96555.3,287180,902477,99.5000,94.7000,79.4000,35.9500,0.9500,0.0000,44505.31,266.04
330000,1131.1,97595.9,290220,902588,99.7500,95.9000,79.9500,37.4500,1.2500,0.0000,44712.20,265.85
332000,1140.6,96811.4,284212,902570,99.7000,96.2000,81.1000,36.5000,0.7500,0.0000,44968.26,267.09
334000,1150.2,98953.2,291544,902584,99.6000,95.7500,81.6500,37.8500,1.1500,0.0000,45069.36,267.73
336000,1159.9,99713.1,286260,902632,99.5500,95.8500,81.5500,39.0500,0.8500,0.0000,45234.18,267.41
338000,1169.6,100120.6,290656,902630,99.7000,95.2500,81.7000,39.9500,0.9500,0.0000,45465.73,268.22
340000,1179.1,100372.6,313112,902790,99.7000,97.3000,81.8500,39.6500,0.6500,0.0000,45676.03,267.89
342000,1188.7,99757.4,294172,902875,99.7000,96.2500,80.5500,39.2000,1.0500,0.0000,45828.04,270.65
344000,1198.3,98866.6,285924,902897,99.5500,96.2500,80.2500,38.8000,1.2000,0.0000,46166.87,270.01
346000,1207.7,99241.8,323764,903066,99.7000,96.4000,80.4000,39.4000,1.3000,0.0000,46243.69,270.09
348000,1217.0,100711.2,290124,903455,99.6500,95.7000,81.1000,39.2500,1.4500,0.0000,46386.83,270.76
350000,1226.3,99107.3,291352,903628,99.7000,96.0500,81.0500,38.6000,1.1500,0.0000,46700.75,272.11
352000,1236.0,100167.0,281520,903654,99.8000,96.8000,80.9500,40.4000,0.8500,0.0000,46959.93,271.11
354000,1245.9,100731.3,297780,903607,99.4500,96.3000,82.4000,39.4500,1.3000,0.0000,47051.64,271.76
356000,1255.8,102228.0,288328,903557,99.7500,95.7500,82.1000,40.7500,1.0000,0.0000,47260.39,270.57
358000,1265.9,103549.1,336704,903528,99.4500,96.6500,83.4000,42.0000,1.5000,0.0000,47381.07,272.90
360000,1275.4,102082.0,300564,903718,99.4500,96.3500,81.8000,41.3000,1.9000,0.0000,47618.56,272.23
362000,1285.2,102673.0,290528,903818,99.6000,96.3000,82.2000,40.6000,1.6500,0.0000,47816.85,271.86
364000,1294.7,100315.1,290572,904014,99.6000,96.6500,81.5000,38.4500,1.3000,0.0000,48114.13,274.07
366000,1304.6,103039.8,307636,904023,99.7000,97.0500,82.8000,40.9000,2.2500,0.0000,48184.20,274.60
368000,1314.8,105232.9,288160,904012,99.9000,96.5000,82.5000,44.4000,1.2500,0.0000,48271.13,275.42
370000,1324.8,103087.5,280784,903954,99.7000,96.2500,81.9000,43.5000,1.2500,0.0000,48489.30,276.21
372000,1335.1,104680.8,290656,903773,99.8000,96.7500,82.8500,42.9000,2.1000,0.0000,48643.00,276.38
374000,1345.4,105625.0,290912,903690,99.9000,97.3000,83.6500,43.4000,1.5500,0.0000,48888.34,275.14
376000,1355.6,103570.9,282476,903567,99.8000,96.9500,83.1500,41.2500,1.5500,0.0000,49115.41,276.17
378000,1365.9,105732.8,292312,903484,99.6000,96.4500,83.4000,44.4500,1.5500,0.0000,49252.72,277.39
380000,1376.3,105597.9,301244,903330,99.7000,97.4500,84.5500,43.7000,1.7000,0.0000,49604.78,276.89
382000,1386.7,105681.9,291016,903191,99.7500,97.0500,83.9500,43.4500,1.9500,0.0000,49824.25,276.59
384000,1396.9,104098.6,314916,903117,99.9000,96.9500,83.4500,41.3000,1.6500,0.0000,49954.96,279.03
386000,1407.2,106513.0,312832,903088,99.8500,97.4000,84.1500,43.7500,2.0000,0.0000,50133.50,278.35
388000,1417.5,107420.2,291200,903067,99.6500,96.5500,84.8500,45.2500,2.1500,0.0000,50221.67,278.58
390000,1428.0,108419.1,292072,903004,99.6500,96.7000,85.5000,45.3500,2.0000,0.0000,50478.65,276.50
392000,1438.7,109767.4,323380,902874,99.7000,97.3000,85.8500,47.0500,2.6000,0.0000,50559.82,281.18
394000,1449.3,108331.3,309784,902776,99.9000,97.1000,84.9000,46.6000,1.9500,0.0000,50913.58,278.56
396000,1459.4,107576.8,297392,902903,99.7000,97.2500,85.4500,44.3500,1.9000,0.0000,51164.52,278.87
398000,1470.0,108964.8,350000,902840,99.8500,97.5000,85.3500,45.7000,2.6000,0.0000,51314.25,280.78
400000,1480.1,107969.2,292036,902974,99.8500,96.7000,83.2500,46.3500,2.0000,0.0000,51417.42,283.02
402000,1490.2,110838.1,352396,903260,99.6500,96.8500,85.4000,47.9000,2.4500,0.0000,51563.17,283.63
404000,1500.7,109466.8,290284,903299,99.6500,97.2000,84.4500,47.0000,2.6000,0.0000,51880.02,282.19
406000,1511.2,109186.7,292872,903259,99.7500,97.5500,85.6500,46.8000,2.3000,0.0000,52144.87,282.62
408000,1521.8,110258.9,304108,903199,99.6500,96.5500,84.6000,47.8000,2.3000,0.0000,52342.21,282.65
410000,1532.3,111042.2,292372,903313,99.6000,96.6500,85.5000,48.2500,1.9000,0.0000,52383.63,283.29
412000,1542.9,110735.2,324204,903289,99.8000,97.1000,85.3500,47.7500,3.0000,0.0000,52620.44,286.12
414000,1553.6,110527.3,290656,903220,99.5500,96.7500,84.2000,48.5500,2.4000,0.0000,52881.97,285.11
416000,1564.2,110654.5,338968,903204,99.8500,96.9500,84.4500,46.9000,3.0500,0.0000,52911.66,287.74
418000,1574.9,110957.1,341044,903157,99.6500,97.1500,85.8500,48.1500,2.6500,0.0000,53144.88,288.50
420000,1585.6,111190.5,309820,903114,99.5000,97.0500,84.9000,48.7000,2.6500,0.0000,53407.88,286.63
422000,1596.4,112000.5,289880,903030,99.9000,97.3000,86.1000,47.7000,2.5000,0.0000,53547.43,285.99
424000,1606.8,110894.8,301876,903159,99.4500,96.6500,84.7500,47.7500,3.1500,0.0000,53768.70,288.12
426000,1617.5,111227.3,343536,903105,99.7500,97.0000,84.2500,48.8500,2.7500,0.0000,54033.20,286.92
428000,1628.4,114410.3,310932,903107,99.8000,97.3000,86.5000,49.7000,3.4000,0.0000,54157.46,287.30
430000,1639.0,113243.5,319012,903225,99.5000,96.5000,86.0000,49.5000,3.8000,0.0000,54359.56,288.53
432000,1649.4,110694.6,290644,903297,99.6500,97.2500,84.7500,47.5000,2.6000,0.0000,54819.16,287.96
434000,1660.5,112945.3,335224,903145,99.7500,97.0500,86.2000,49.4500,2.8500,0.0000,54744.72,290.30
436000,1671.2,114529.4,316100,903233,99.7500,97.4000,86.9500,49.7000,3.5000,0.0000,54891.30,290.39
438000,1681.9,113240.2,314728,903290,99.8000,97.3500,86.1500,49.4000,3.2000,0.0000,55056.83,292.53
440000,1692.8,114352.8,319656,903304,99.6500,96.7500,85.9500,50.6500,2.9500,0.0000,55321.57,290.11
442000,1703.4,113701.8,351216,903385,99.6500,97.0000,85.7000,50.6000,3.3000,0.0000,55631.07,290.06
444000,1714.2,115553.3,332356,903500,99.7500,97.8500,86.9500,50.9000,3.3500,0.0000,55661.69,291.40
446000,1725.1,117248.8,295004,903631,99.8500,97.2500,87.5000,52.5000,4.1000,0.0000,55697.78,294.55
448000,1736.0,114933.1,329268,903622,99.6500,97.1000,86.9000,50.6000,3.9000,0.0000,56147.72,292.77
450000,1746.8,114691.0,317968,903670,99.5000,97.4500,85.4000,51.1500,3.2500,0.0000,56283.54,292.25
452000,1757.8,116098.4,314648,903682,99.7000,98.3500,88.4000,51.6000,3.0500,0.0000,56501.31,291.93
454000,1768.9,117778.5,333200,903743,99.6000,97.5000,87.0000,53.6000,3.6000,0.0000,56557.30,295.27
456000,1779.7,114960.2,310632,903774,99.7500,97.3000,86.6000,51.5500,3.1500,0.0000,56901.27,294.81
458000,1790.8,116276.6,337652,903748,99.8000,97.1500,86.0000,50.9500,4.1000,0.0000,56881.05,295.44
460000,1801.9,118457.8,314996,903808,99.9000,96.9500,86.9500,53.7500,3.7500,0.0000,57217.40,295.13
462000,1812.8,114676.9,340940,903816,99.8500,96.8000,86.3000,50.1500,3.3000,0.0000,57495.92,295.91
464000,1823.7,116483.9,361988,903901,99.7500,96.5000,85.8500,52.5000,4.0000,0.0000,57514.99,297.82
466000,1834.9,117937.1,292148,903860,99.7000,97.3500,87.4500,53.4500,3.7000,0.0000,57841.54,295.37
468000,1846.0,116860.7,338344,903871,99.6000,97.3500,87.1500,52.3500,3.5000,0.0000,57868.45,296.74
470000,1857.4,119485.4,327412,903829,99.8000,97.5000,87.8500,54.0500,4.3000,0.0000,57959.85,298.54
472000,1868.8,119358.8,315660,903783,99.8000,97.5500,87.2500,54.6500,3.7500,0.0000,58277.20,298.31
474000,1879.9,118178.2,329688,903797,99.6000,96.7500,86.7500,54.2500,3.4500,0.0000,58493.14,297.66
476000,1891.3,119200.1,336636,903751,99.4000,97.1000,86.1000,54.4000,4.2000,0.0000,58646.43,297.63
478000,1902.7,119833.6,343140,903717,99.8500,97.4500,86.9500,54.4000,3.7000,0.0000,58813.65,298.66
480000,1913.9,118030.4,306788,903681,99.6500,97.2000,87.1000,54.2000,4.0000,0.0000,59070.19,299.59
482000,1925.5,121289.2,342900,903618,99.8500,97.7000,87.8500,55.9500,4.9000,0.0000,59147.49,301.37
484000,1936.8,118332.0,310332,903585,99.6500,97.9000,87.2500,53.7000,3.2000,0.0000,59416.28,300.97
486000,1948.0,119586.0,309400,903662,99.6000,97.2000,87.4500,53.9000,3.5000,0.0000,59545.43,299.18
488000,1959.3,118975.9,384192,903620,99.4500,97.2500,87.6500,53.4500,4.7000,0.0000,59872.01,299.46
490000,1970.3,119168.0,363344,903728,99.7000,97.5500,87.9000,54.1500,3.9000,0.0000,60018.63,300.35
492000,1981.4,121620.6,314432,903929,99.7000,97.2000,87.6500,56.6000,4.2500,0.0000,60072.37,300.73
494000,1992.5,121820.5,355812,904085,99.7500,97.6000,87.4500,55.5500,5.3000,0.0000,60261.97,302.82
496000,2003.9,121628.9,308712,904101,99.8500,97.6000,88.4500,55.7000,4.6500,0.0000,60480.32,299.98
498000,2015.1,121594.7,314640,904216,99.7500,97.0500,87.8500,56.8000,4.5500,0.0000,60672.47,302.11
500000,2026.5,121386.7,315972,904239,99.8000,97.8500,88.0000,55.8500,4.6000,0.0000,60975.99,301.48
502000,2037.8,120495.3,336164,904281,99.8000,97.2500,87.5000,55.6000,4.3500,0.0000,61104.89,303.03
504000,2049.0,121211.4,343120,904364,99.9000,97.2000,87.8500,54.6500,5.4000,0.0000,61207.31,304.16
506000,2060.4,121394.8,335412,904413,99.7500,97.3000,87.7000,55.4000,4.6000,0.0000,61255.95,305.10
508000,2071.6,122203.1,334108,904537,99.8000,97.5500,88.9000,56.4500,3.6000,0.0000,61533.78,302.34
510000,2082.8,121371.4,336624,904631,99.7000,97.2000,88.1500,54.3000,5.2000,0.0000,61764.29,303.43
512000,2094.0,122221.5,323156,904782,99.9000,98.3500,89.3500,56.3000,4.3500,0.0000,62019.99,303.26
514000,2105.6,123946.2,334424,904821,99.7000,96.9500,88.2000,57.7000,4.7000,0.0000,61987.37,306.59
516000,2117.9,123432.8,363004,904513,99.7000,97.7000,88.3000,56.8500,4.7500,0.0000,62136.41,305.75
518000,2129.1,119450.6,341684,904548,99.8500,97.6000,86.7000,53.4000,3.9500,0.0000,62447.38,306.47
520000,2140.6,121578.7,343424,904528,99.8000,96.9000,87.1000,55.8500,4.5500,0.0000,62575.48,306.00
522000,2152.4,123787.5,325904,904488,99.7000,97.3000,87.6000,57.1000,5.2000,0.0000,62808.95,306.36
524000,2163.8,123398.1,342840,904544,99.6500,96.8500,87.8000,57.0500,5.1500,0.0000,62873.26,306.74
526000,2175.4,122973.0,334488,904531,99.4500,97.2500,88.2500,57.0500,4.0500,0.0000,63156.65,306.30
528000,2186.9,122635.6,343164,904569,99.9500,97.9000,86.5000,57.3000,4.7500,0.0000,63405.50,305.09
530000,2198.2,124533.5,324592,904726,99.7500,97.8500,88.7000,58.1000,3.8000,0.0000,63480.06,306.74
532000,2209.9,123271.4,363004,904677,99.8000,97.0500,87.9500,56.5500,5.5000,0.0000,63685.06,307.20
534000,2221.6,124568.1,315600,904693,99.7500,97.6500,89.4000,57.7500,4.3500,0.0000,63845.85,307.21
536000,2233.0,123664.7,337736,904783,99.7000,97.7000,88.8500,57.1500,4.3500,0.0000,63917.25,308.34
538000,2244.7,125452.8,362844,904809,99.7000,97.5500,89.0500,58.0500,5.2000,0.0000,64107.65,308.74
540000,2256.6,124920.2,339700,904749,99.7500,96.9500,88.5000,57.8000,5.3000,0.0000,64076.22,311.10
542000,2268.5,125266.5,366340,904687,99.6000,97.4000,88.8000,57.9500,4.8000,0.0000,64329.38,309.45
544000,2280.1,124718.1,342852,904759,99.8000,97.7500,88.6000,59.0000,4.2500,0.0000,64780.16,308.50
546000,2291.0,124871.1,331272,905065,99.7500,97.1500,87.1000,58.6500,5.6500,0.0000,64745.50,308.68
548000,2302.5,127429.3,376744,905238,99.5000,96.9500,89.2500,59.7000,5.8000,0.0000,64956.13,309.95
550000,2313.1,124722.9,328172,905650,99.6500,97.3000,88.0000,57.6000,5.5000,0.0000,65098.53,311.05
552000,2324.3,126312.7,333728,905926,99.8000,97.5500,88.8000,60.3500,4.2500,0.0000,65430.84,308.55
554000,2335.4,123257.1,334444,906099,99.9000,97.5500,86.9500,56.5000,4.8500,0.0000,65504.80,311.67
556000,2346.4,125808.4,344660,906424,99.7500,97.1000,88.4000,57.8500,4.9500,0.0000,65592.98,309.85
558000,2357.3,125517.9,348180,906726,99.8000,97.5000,88.8000,57.7500,4.8500,0.0000,65755.30,311.15
560000,2368.3,126732.6,327404,907072,99.7500,97.8000,89.0000,59.5000,4.5500,0.0000,65938.69,311.17
562000,2379.4,126585.9,332312,907355,99.8000,97.3500,89.4500,59.2500,5.4500,0.0000,66141.01,310.58
564000,2390.5,125961.1,340408,907625,99.7500,96.7500,87.9000,59.3500,5.1500,0.0000,66298.39,312.24
566000,2402.0,127869.3,355728,907769,99.7000,97.2000,89.1000,59.1500,6.5000,0.0000,66470.91,311.17
568000,2413.8,127615.5,333068,907823,99.8500,98.0000,89.1000,58.9000,6.0500,0.0000,66577.01,315.35
570000,2425.3,126292.5,382884,907940,99.8500,97.6000,89.2000,59.5000,4.9000,0.0000,66718.22,313.77
572000,2436.7,127513.7,359912,908127,99.7000,96.9000,88.8500,60.2000,5.4500,0.0000,66858.75,314.18
574000,2447.8,125009.4,322716,908324,99.7000,97.7500,87.7500,58.7500,4.6500,0.0000,67168.40,311.73
576000,2459.2,127980.8,324896,908545,99.8000,97.9500,89.8500,60.3000,5.1500,0.0000,67237.44,314.31
578000,2470.2,126157.6,336492,908823,99.6500,97.4000,88.6500,59.8000,5.7000,0.0000,67572.32,313.02
580000,2481.5,128109.4,362580,909055,99.9500,97.5500,88.3500,59.7500,5.8000,0.0000,67497.69,315.44
582000,2493.0,127359.2,355800,909186,99.7500,97.6500,88.1000,60.3000,6.0000,0.0000,67875.39,314.69
584000,2504.5,127590.1,355112,909319,99.6500,97.4500,88.1000,59.5500,5.6000,0.0000,67682.08,315.45
586000,2516.2,124938.2,342296,909325,99.8000,97.8000,88.4500,58.1000,5.4500,0.0000,68116.06,315.83
588000,2528.3,128908.8,354444,909278,99.8000,97.0500,88.9500,60.5000,6.3000,0.0000,68068.95,316.24
590000,2540.7,129906.0,341084,909157,99.8000,97.9000,89.8000,60.9000,5.3500,0.0000,68228.89,314.50
592000,2552.5,127771.8,348256,909205,99.8000,97.2000,89.4500,59.9000,5.7500,0.0000,68544.90,316.24
594000,2563.9,127744.9,342176,909375,99.7000,97.1500,87.9500,60.3500,5.5500,0.0000,68691.59,314.75
596000,2576.2,128109.0,354220,909255,99.7500,97.5500,88.5000,60.1000,5.4500,0.0000,68927.12,313.28
598000,2588.8,129182.8,342928,909054,99.6500,97.9500,88.3000,61.0000,5.8500,0.0000,68822.86,317.09
600000,2602.2,128528.3,331108,908526,99.8500,97.7500,89.6000,59.9500,5.5500,0.0000,69060.65,314.85
602000,2614.7,129168.2,361252,908367,99.8000,98.0000,89.0000,60.7500,6.6000,0.0000,69198.43,315.73
604000,2627.3,127626.4,367252,908120,99.6000,97.7000,88.4500,59.3000,5.7000,0.0000,69529.36,316.33
606000,2640.1,129420.3,353468,907886,99.7000,97.3500,88.7000,61.7500,5.3500,0.0000,69563.12,316.70
608000,2652.8,129501.5,340348,907654,99.6000,97.6500,89.9000,59.9500,5.8500,0.0000,69672.70,314.31
610000,2665.5,130041.2,367420,907466,99.6500,97.5000,90.2000,61.7000,5.5000,0.0000,69933.25,314.31
612000,2678.6,128395.6,355604,907082,99.8500,97.6000,87.9000,60.8500,5.4500,0.0000,70058.15,316.43
614000,2691.1,129645.6,343280,906949,99.7000,98.0500,88.9500,61.1000,5.4500,0.0000,70155.44,316.85
616000,2704.1,130610.5,334280,906667,99.9000,97.9000,89.4500,61.8500,6.9000,0.0000,70329.40,318.69
618000,2719.2,131122.2,368572,905679,99.7500,97.5000,89.8500,62.4500,6.5500,0.0000,70532.92,317.62
620000,2736.2,132315.5,326748,904137,99.7500,97.6500,91.0500,63.7000,5.7000,0.0000,70533.36,317.06
622000,2750.0,131994.7,348128,903658,99.7500,97.7000,90.9500,61.9000,7.0500,0.0000,70662.57,317.66
624000,2763.6,133113.0,364636,903271,99.7000,97.7000,90.2000,62.7000,7.1500,0.0000,70932.03,315.66
626000,2780.0,129840.4,340556,901894,99.7500,97.6000,90.4000,60.9500,5.4000,0.0000,71129.55,315.90
628000,2797.3,130731.8,339644,900262,99.8000,97.8000,89.3000,61.2500,6.5000,0.0000,71068.14,319.27
630000,2811.0,131837.7,334768,899826,99.8500,98.1000,88.6500,63.0000,6.2500,0.0000,71221.69,316.85
632000,2824.5,130276.0,369296,899421,99.6000,97.3500,89.1500,61.7500,6.2500,0.0000,71362.77,319.34
634000,2837.1,130523.2,342340,899320,99.9000,98.0500,90.0500,61.1500,6.4500,0.0000,71677.05,317.56
636000,2849.8,132627.0,386252,899221,99.7500,96.7000,89.3000,62.9500,6.3000,0.0000,71669.62,318.76
638000,2862.7,134216.4,331488,899143,99.7500,97.7500,91.2000,64.5500,5.8500,0.0000,71839.17,317.46
640000,2875.9,133700.7,334668,898934,99.6000,97.9000,89.7000,64.4500,6.3000,0.0000,72142.28,316.54
642000,2888.2,131680.4,332980,898938,99.7500,97.3500,89.8000,63.2500,6.3500,0.0000,72235.67,317.50
644000,2900.7,132242.2,343192,898912,99.6500,97.3500,88.7500,65.0500,6.3000,0.0000,72448.92,320.72
646000,2913.0,133475.1,343424,898979,99.7500,97.5500,90.2500,62.7000,6.5000,0.0000,72434.94,319.74
648000,2925.9,135590.9,353532,898930,99.9000,97.6500,90.9500,66.0500,6.5000,0.0000,72607.13,317.19
650000,2938.3,132538.6,368548,898925,99.8500,98.2000,90.0000,63.2000,6.1500,0.0000,72877.57,318.20
652000,2950.7,133716.5,344476,898962,99.9500,97.6000,89.4000,63.0500,7.5000,0.0000,72998.20,318.81
654000,2963.2,132635.7,355368,898957,99.7000,97.5000,90.1500,62.8500,6.7000,0.0000,73005.64,320.98
656000,2975.6,132593.3,362940,898949,99.7500,98.0500,89.7000,62.9000,6.4500,0.0000,73173.28,319.94
658000,2988.1,133645.4,343600,898971,99.4500,97.4000,89.9500,62.9000,7.4500,0.0000,73363.13,319.12
660000,3000.5,132283.1,351452,898963,99.7500,97.8000,89.7000,62.9000,6.5000,0.0000,73715.91,319.19
662000,3013.2,136565.8,334860,898975,99.7000,97.6500,90.7500,65.3000,6.7000,0.0000,73691.13,316.58
664000,3026.1,137314.6,332452,898964,99.8000,98.0500,89.7000,67.1000,6.9500,0.0000,73701.21,319.19
666000,3038.8,134642.3,346284,898947,99.7000,97.8000,89.4500,64.7000,6.8500,0.0000,73949.96,319.51
668000,3051.6,136762.1,373992,898938,99.7500,97.9000,90.6000,66.2000,7.4500,0.0000,74097.86,320.34
670000,3064.0,135151.6,343796,899014,99.6500,97.7500,90.4500,65.7000,5.9000,0.0000,74257.90,319.42
672000,3076.6,133204.2,342380,898995,99.6500,97.5500,90.0000,63.6000,6.0000,0.0000,74449.51,321.38
674000,3089.1,132682.3,353868,898964,99.7500,97.8000,88.8000,63.0000,6.8000,0.0000,74512.95,320.93
676000,3102.1,138992.1,343864,898954,99.6500,98.4000,91.1500,67.3000,7.6500,0.0000,74468.67,321.56
678000,3114.9,135417.4,340536,898931,99.7500,97.7500,91.0000,64.7000,7.3000,0.0000,74869.93,322.03
680000,3127.5,135897.3,362844,898952,99.8500,97.4000,89.9500,65.0000,7.5000,0.0000,75037.28,322.33
682000,3140.4,136790.7,376420,898911,99.8500,98.0500,89.8000,66.0000,8.0500,0.0000,75151.01,320.81
684000,3153.0,133689.1,344468,898876,99.5000,97.0000,90.0500,64.3000,6.8000,0.0000,75400.85,320.35
686000,3165.8,137433.4,365732,898888,99.8500,97.5000,89.6500,65.7000,7.1000,0.0000,75175.82,323.98
688000,3178.7,138691.0,342848,898903,99.6500,97.8000,91.2000,66.9000,7.4500,0.0000,75360.54,321.66
690000,3191.4,134918.7,342888,898907,99.7500,97.9500,89.9000,64.5000,5.9500,0.0000,75806.67,320.72
692000,3204.0,137854.0,361048,898983,99.9000,98.2000,91.0500,66.1500,6.6000,0.0000,75693.64,322.14
694000,3216.6,135961.3,354236,899021,99.8500,97.9000,89.5000,65.4000,7.7500,0.0000,75999.81,320.91
696000,3229.3,135414.6,335808,899018,99.7000,97.5000,89.6500,65.2500,7.3500,0.0000,76089.25,322.95
698000,3241.8,135808.7,380576,899053,99.8000,98.0000,90.8500,64.9500,6.7000,0.0000,76188.39,324.46
700000,3254.9,138081.8,355640,899018,99.8000,97.3500,90.3000,65.8000,8.1500,0.0000,76190.91,321.72
702000,3267.6,136529.1,343020,899025,99.6000,96.8500,89.0500,65.5000,7.3000,0.0000,76495.23,321.24
704000,3280.5,137888.4,382784,898997,99.7500,97.8000,90.6500,66.6000,8.5000,0.0000,76597.97,323.85
706000,3293.4,138528.3,342492,899010,99.6500,97.6000,90.2500,67.0000,7.9000,0.0000,76858.23,320.01
708000,3305.7,135454.0,363276,899125,99.8500,97.5500,90.1500,63.6000,7.0000,0.0000,76848.27,321.50
710000,3318.5,137861.5,365580,899124,99.8500,97.2000,89.9000,67.5000,7.6500,0.0000,77000.95,322.28
712000,3331.5,139628.5,355428,899132,99.8000,97.0500,89.8000,68.4500,8.0500,0.0000,77103.87,320.83
714000,3344.1,137475.4,342948,899215,99.7500,97.7000,91.1500,67.3500,6.2500,0.0000,77459.35,320.73
716000,3357.2,140466.4,342276,899209,99.8000,98.4500,91.6000,67.6500,8.2000,0.0000,77420.49,322.24
718000,3369.9,137798.6,367312,899247,99.6000,97.4000,90.4500,66.5000,7.2000,0.0000,77666.74,321.46
720000,3382.6,140687.4,337776,899361,99.8000,97.9000,91.5500,68.6000,7.8500,0.0000,77796.86,322.84
722000,3395.2,140868.6,344016,899472,99.7000,97.7500,89.8000,69.2000,8.4500,0.0000,77858.41,321.25
724000,3407.7,138307.9,362320,899573,99.6000,98.1000,90.3500,67.1500,8.1000,0.0000,78054.09,323.27
726000,3420.3,135820.6,349516,899602,99.7500,97.4000,89.2500,65.0500,7.2500,0.0000,78316.84,322.96
728000,3433.2,140021.5,368864,899648,99.5500,97.7000,90.1500,67.4000,7.7000,0.0000,78146.67,323.08
730000,3445.9,140596.3,365684,899755,99.8500,97.8500,90.4500,67.9000,8.3000,0.0000,78353.85,323.27
732000,3458.6,139972.1,334604,899845,99.6500,97.6000,90.0500,67.5500,8.9500,0.0000,78555.36,324.27
734000,3471.2,139930.9,361368,899942,99.6000,97.5000,89.8000,67.5000,9.0000,0.0000,78729.23,324.65
736000,3483.8,138827.8,331148,900028,99.8000,97.5500,90.7500,69.0500,7.1000,0.0000,79074.44,322.67
738000,3496.6,141162.5,374360,900098,99.8000,98.1500,90.8500,69.4000,8.2000,0.0000,79000.23,324.66
740000,3509.6,141026.5,360552,900137,99.7000,97.5000,91.2500,68.0000,8.8500,0.0000,78871.99,326.17
742000,3522.6,139540.6,360424,900141,99.8000,97.5500,90.8000,66.6000,8.2500,0.0000,78962.82,325.61
744000,3536.0,142840.4,373552,900107,99.7500,97.9000,91.1500,69.4000,9.2000,0.0000,79100.15,326.45
746000,3549.0,141257.7,357328,900119,99.7000,97.5500,90.7500,69.1500,8.2500,0.0000,79249.06,326.25
748000,3562.4,141976.1,367164,900083,99.8000,98.1500,91.8000,68.7000,8.3000,0.0000,79458.72,325.34
750000,3575.5,139338.0,381976,900049,99.7000,97.0500,90.2000,68.2500,8.2500,0.0000,79757.16,325.22
752000,3588.6,140708.9,364880,900033,99.8000,97.2000,90.6500,69.1000,7.5000,0.0000,79880.76,325.98
754000,3601.5,141536.8,363024,900117,99.8500,98.0000,90.1000,68.1000,8.8000,0.0000,80031.74,326.56
756000,3614.6,141133.8,347732,900119,99.8000,97.7000,90.7000,69.4500,8.8500,0.0000,80409.48,323.31
758000,3627.7,141535.4,385120,900123,99.7500,97.7000,90.3000,69.3000,8.8000,0.0000,80119.48,324.48
760000,3640.9,143865.1,359844,900145,99.7500,97.2000,90.9500,70.8000,8.8500,0.0000,80279.06,325.26
762000,3654.0,141443.2,370048,900179,99.9000,98.0500,90.4500,67.2000,8.7500,0.0000,80358.10,326.13
764000,3666.9,138752.6,343220,900177,99.6000,97.2000,89.9500,66.9500,7.7000,0.0000,80719.94,325.86
766000,3680.3,145805.0,366224,900197,99.9000,97.9000,91.2000,70.0000,10.6500,0.0000,80351.77,331.61
768000,3693.4,142516.1,352960,900222,99.8000,97.1500,89.5500,69.0500,8.8500,0.0000,80688.21,327.07
770000,3706.7,143246.0,367336,900225,99.6500,97.2500,90.8000,69.2500,9.8500,0.0000,81035.26,325.78
772000,3719.7,140421.3,353484,900231,99.6500,97.6500,90.3000,69.3500,7.7000,0.0000,81339.36,325.50
774000,3732.9,143381.4,342480,900250,99.7500,98.2000,91.3500,70.0500,8.5000,0.0000,81473.63,324.98
776000,3745.9,141539.9,361356,900288,99.9000,97.6500,90.5000,67.5000,9.3000,0.0000,81241.26,327.04
778000,3759.1,144605.6,360328,900335,99.7500,98.0000,91.0500,71.0000,9.5500,0.0000,81624.48,325.40
780000,3771.9,140979.2,366596,900407,99.9000,97.4500,90.2500,68.2000,8.5500,0.0000,81753.99,326.62
782000,3785.1,145324.5,362564,900466,99.7000,97.9500,91.5000,70.4500,9.9000,0.0000,81655.23,328.65
784000,3798.3,141318.3,369024,900455,99.6500,97.3000,88.7500,68.8000,9.3000,0.0000,81941.34,328.20
786000,3811.8,147370.6,361800,900493,99.8500,98.2500,92.4500,72.0500,9.9000,0.0000,81868.48,327.30
788000,3825.0,145374.6,384428,900539,99.9000,98.0500,91.7500,71.6500,9.0000,0.0000,82190.52,329.31
790000,3838.5,146504.7,358440,900550,99.8000,98.1000,92.1500,71.9000,9.8000,0.0000,82626.44,323.35
792000,3851.9,143019.3,344264,900529,99.8500,98.0500,90.4500,68.9500,9.6500,0.0000,82486.08,327.22
794000,3865.2,143247.2,388744,900511,99.7500,97.6500,90.5500,68.8000,9.2500,0.0000,82492.12,329.46
796000,3878.8,144902.5,358884,900470,99.9000,98.3000,91.8500,69.6000,9.9500,0.0000,82705.35,328.88
798000,3892.2,144527.3,377792,900464,99.8000,97.5500,90.5000,71.0000,9.7500,0.0000,82983.53,325.64
800000,3905.4,143364.9,373420,900497,99.9000,97.4500,91.4000,68.7500,9.1000,0.0000,82942.29,328.43
802000,3918.5,141922.9,362164,900502,99.8500,97.9000,90.9000,69.6500,8.2500,0.0000,83283.82,326.74
804000,3932.0,145612.8,361296,900513,99.9000,97.8500,91.7500,70.9500,10.2000,0.0000,83363.62,328.58
806000,3945.4,145954.4,363168,900524,99.7000,97.3500,91.1500,71.5000,10.3000,0.0000,83347.42,328.76
808000,3958.9,144876.8,367088,900512,99.8500,98.3000,91.3000,69.5500,9.8500,0.0000,83703.98,325.17
810000,3972.5,147012.4,345792,900511,99.8000,98.1500,91.4000,71.4500,10.5000,0.0000,83550.09,327.79
812000,3985.9,145747.1,361068,900520,99.8000,98.4000,91.8500,70.6500,9.9000,0.0000,83883.61,329.31
814000,3999.6,147439.4,357984,900514,99.9000,98.4000,91.8500,72.3000,10.1500,0.0000,84100.48,327.46
816000,4012.9,144071.5,367440,900515,99.9000,97.5000,90.1500,69.9500,9.6000,0.0000,84075.24,329.40
818000,4026.2,143335.2,385636,900510,99.8000,98.0000,90.8500,69.4500,8.9500,0.0000,84121.78,330.10
820000,4039.7,146679.6,383092,900537,99.7500,98.5000,91.7500,70.2500,11.1000,0.0000,84212.50,330.41
822000,4053.2,147251.1,342108,900551,99.5500,97.6000,92.0000,71.4500,10.9500,0.0000,84353.88,327.22
824000,4066.8,146999.4,360168,900555,99.9000,97.9500,92.5000,71.6500,9.5500,0.0000,84439.76,331.05
826000,4080.2,146213.6,364892,900577,99.9000,98.0000,91.8500,71.2500,10.7000,0.0000,84794.20,327.23
828000,4093.9,148802.4,368068,900569,99.5000,98.2000,91.3000,72.4500,11.4500,0.0000,84834.98,328.83
830000,4107.4,146867.0,356564,900596,99.6500,98.4000,91.8500,69.7500,11.8500,0.0000,85062.41,329.80
832000,4120.4,145502.1,364824,900684,99.7500,97.4500,90.6000,70.2500,10.6000,0.0000,85171.51,329.27
834000,4133.8,147763.8,362400,900731,99.7500,97.8500,92.4500,72.6500,11.1500,0.0000,85399.43,329.10
836000,4147.0,146188.4,376160,900800,99.7500,97.7000,90.8500,71.3500,10.7500,0.0000,85531.96,329.13
838000,4160.6,148878.5,386584,900833,99.6500,98.1500,91.7000,72.1000,11.4000,0.0000,85270.93,329.38
840000,4174.2,148230.0,367120,900849,99.6500,98.2000,92.1500,73.1000,10.2000,0.0000,85729.23,327.77
842000,4187.6,147936.5,379100,900911,99.7000,97.9500,91.7000,71.0000,11.4500,0.0000,85751.59,331.62
844000,4201.0,148131.5,378680,900955,99.8500,98.0000,92.1500,70.9500,11.4500,0.0000,85777.89,331.57
846000,4214.6,149554.2,345012,901006,99.9500,98.7500,91.9500,72.2000,11.4500,0.0000,85925.50,330.86
848000,4228.0,147386.6,362828,901026,99.9500,98.1000,92.3500,70.9500,11.5000,0.0000,86180.10,328.50
850000,4241.5,148239.8,363084,901059,99.6000,97.3000,91.4500,70.9500,12.2000,0.0000,86081.70,332.65
852000,4254.3,146206.2,360476,901207,99.7000,98.0500,91.7000,70.7000,10.5500,0.0000,86436.36,332.13
854000,4267.9,149841.5,367328,901260,99.8500,97.7500,92.2000,72.3500,12.0500,0.0000,86344.76,330.82
856000,4281.6,147042.5,360376,901231,99.8000,98.1500,92.1000,70.8500,10.6500,0.0000,86517.54,332.78
858000,4295.5,149604.0,357752,901197,99.6500,98.1000,92.3000,72.7000,12.3500,0.0000,86497.47,333.65
860000,4309.4,147914.3,367836,901150,99.9500,98.3500,91.8500,71.2500,11.7000,0.0000,87080.62,330.88
862000,4323.3,150519.4,387100,901126,99.8500,97.7000,91.3500,72.9500,12.0000,0.0000,86763.04,333.22
864000,4337.2,149426.2,376100,901105,99.9500,97.5500,90.8500,71.4000,12.3000,0.0000,86951.24,332.47
866000,4350.8,147664.1,362968,901098,99.8000,98.2000,91.6000,71.1000,11.4000,0.0000,87219.20,332.80
868000,4364.5,149277.7,374196,901105,99.8500,97.8500,92.6000,72.0500,12.5000,0.0000,87515.50,331.22
870000,4378.6,152013.5,364676,901088,99.8500,97.5500,91.4500,71.3000,14.1500,0.0000,87174.43,333.78
872000,4392.4,147797.5,383284,901055,99.8000,98.4500,92.4500,70.8500,11.3000,0.0000,87707.35,331.52
874000,4406.0,148210.5,382124,901047,99.7000,97.6000,91.7000,72.0000,11.8000,0.0000,87699.32,333.23
876000,4419.8,150455.1,366908,901061,99.7000,97.9000,91.7500,73.1500,13.0000,0.0000,87724.36,332.59
878000,4433.5,148875.8,375392,901068,99.9000,97.5000,91.2500,72.4500,12.1000,0.0000,87914.30,333.95
880000,4447.2,149558.1,367180,901081,99.6000,97.5500,91.5500,70.9000,12.0500,0.0000,87938.58,332.17
882000,4460.8,150033.1,355792,901108,99.9000,98.0000,91.6500,72.7000,11.9000,0.0000,88346.92,332.68
884000,4474.8,153402.2,368576,901128,99.9000,98.5000,92.7000,74.2000,12.8500,0.0000,88179.09,331.66
886000,4488.4,149288.9,376936,901162,99.7500,98.4500,92.3500,71.5000,12.6000,0.0000,88294.75,336.18
888000,4502.4,151626.6,364132,901160,99.7500,98.4500,92.9000,72.4000,13.3500,0.0000,88412.91,334.26
890000,4515.8,149195.1,380076,901214,99.9500,97.5500,91.7500,71.5500,12.4000,0.0000,88536.09,335.02
892000,4529.7,152881.5,367236,901232,99.7500,98.3000,92.2000,72.7500,13.8000,0.0000,88752.14,333.53
894000,4543.5,150677.9,360572,901247,99.7000,97.9500,92.1500,73.3000,12.7500,0.0000,88892.75,334.08
896000,4557.2,151125.2,376656,901289,99.6500,97.7500,91.7000,72.8500,12.6500,0.0000,88799.34,333.66
898000,4571.0,152329.5,378200,901319,99.8500,98.7500,92.1000,72.9500,13.4000,0.0000,89116.88,333.42
900000,4584.8,150076.5,366236,901320,99.6500,97.9000,91.6000,72.0500,13.1000,0.0000,89269.00,334.04
902000,4598.6,148783.0,378204,901301,99.8500,98.1000,91.4000,70.9000,11.8500,0.0000,89211.92,336.19
904000,4612.1,149160.5,367724,901342,99.6500,97.3000,90.0000,71.6500,13.4000,0.0000,89541.44,334.61
906000,4625.7,148269.6,367280,901346,99.9000,97.9500,91.8000,71.6000,11.2000,0.0000,89749.24,334.20
908000,4639.3,151132.7,367000,901397,99.5000,97.7000,91.3000,72.7000,13.6500,0.0000,89658.11,337.44
910000,4653.1,150878.9,373168,901414,99.4500,97.8000,92.2500,73.0000,12.8500,0.0000,89760.86,335.17
912000,4666.8,149935.7,351536,901433,99.7500,97.7500,92.8000,72.8500,12.1000,0.0000,90131.83,333.79
914000,4680.7,152847.8,364524,901459,99.7000,97.7000,92.3000,71.8000,14.7000,0.0000,89747.49,336.23
916000,4694.8,152276.5,385992,901433,99.8500,98.0500,92.2500,72.9500,14.0500,0.0000,90056.81,336.66
918000,4708.9,151239.9,378292,901385,99.8000,97.3500,91.5500,72.4500,13.8500,0.0000,90278.09,335.70
920000,4722.5,151008.3,378280,901437,99.9000,98.6000,92.7500,72.8500,12.3500,0.0000,90360.15,335.48
922000,4736.4,151170.0,381812,901427,99.8500,98.2000,91.1000,71.5500,13.7500,0.0000,90405.38,334.34
924000,4750.5,153714.6,386192,901419,99.8500,98.2000,91.6000,72.9500,14.9500,0.0000,90450.53,334.86
926000,4764.6,154639.9,386112,901448,99.9000,98.1000,92.9000,71.7000,15.1500,0.0000,90256.04,338.50
928000,4778.7,153841.1,370228,901441,99.4500,97.6500,91.8500,73.6500,15.0500,0.0000,90645.41,335.31
930000,4792.7,153651.0,366388,901456,99.8500,97.9500,91.6000,74.0500,14.1000,0.0000,90870.35,337.54
932000,4806.7,153020.4,382180,901457,99.7500,98.2000,92.2000,72.9000,13.8500,0.0000,90876.99,338.05
934000,4820.3,150941.0,350204,901500,99.8500,98.3000,92.2500,73.2500,12.3000,0.0000,91136.43,335.23
936000,4834.4,154093.9,373172,901512,99.8000,97.8500,91.1500,73.5000,15.3000,0.0000,91012.07,337.10
938000,4848.5,151552.9,385344,901479,99.7500,97.8500,91.4500,72.5000,13.7000,0.0000,91073.28,337.51
940000,4862.6,154653.9,384744,901480,99.5500,98.4000,92.6500,74.7500,14.9000,0.0000,91459.55,336.64
942000,4876.9,151342.3,364628,901399,99.8000,97.7500,91.8500,71.1500,14.3000,0.0000,91708.13,336.33
944000,4891.2,154668.9,386484,901377,99.8500,98.0000,92.0000,73.9000,15.0500,0.0000,91410.89,337.49
946000,4905.3,154424.0,387248,901375,99.8500,98.0500,92.9000,74.1500,14.9000,0.0000,91747.23,337.64
948000,4919.7,155145.3,363048,901339,99.9000,98.5500,92.1500,73.2500,16.1500,0.0000,91625.07,338.54
950000,4934.2,157667.7,367560,901332,99.6500,98.3500,92.6500,76.3000,15.9500,0.0000,91956.63,338.16
952000,4948.1,152158.9,386140,901326,99.8500,97.7500,91.6500,73.1000,15.1500,0.0000,92105.37,340.53
954000,4962.3,153418.9,383004,901297,99.7500,97.6500,91.6000,73.4500,15.7500,0.0000,92240.12,340.30
956000,4976.6,156894.5,386752,901294,99.7500,98.1000,92.8500,72.6500,18.6500,0.0000,92254.07,339.80
958000,4990.7,153241.2,367076,901275,99.8500,97.9000,92.6500,72.9000,16.4000,0.0000,92906.99,337.36
960000,5004.8,154299.8,367488,901263,99.8000,98.1000,91.2500,73.0500,18.0500,0.0000,92470.21,342.67
962000,5019.4,157916.7,384640,901231,99.9500,98.0000,92.6500,75.1500,18.0500,0.0000,92521.61,340.61
964000,5033.4,154115.0,376392,901226,99.8000,97.8000,91.7500,72.1000,18.6000,0.0000,92879.17,339.18
966000,5048.0,159568.5,386996,901205,99.6000,98.6500,93.4500,74.3000,20.8500,0.0000,92886.29,342.50
968000,5062.3,156325.4,384348,901194,99.8500,97.8500,92.3500,72.1000,19.6500,0.0000,92972.09,342.20
970000,5076.3,155220.0,378208,901219,99.6500,98.0000,91.6500,73.5500,18.6500,0.0000,93294.47,340.95
972000,5090.6,157089.8,365616,901226,99.7500,97.9000,91.8000,72.4500,20.0500,0.0000,93150.65,341.37
974000,5104.8,159199.3,370992,901273,99.7000,98.1500,93.5000,74.5500,19.7000,0.0000,93241.81,341.61
976000,5119.2,160418.8,363928,901288,99.9000,98.7500,93.1000,75.3500,20.4000,0.0000,93619.08,336.94
978000,5133.5,155915.7,378224,901278,99.8500,98.0000,91.5000,73.5000,18.8000,0.0000,93518.83,341.29
980000,5147.6,157208.6,367180,901310,99.9000,98.3000,92.2500,73.5500,19.2500,0.0000,93616.88,342.79
982000,5161.9,158329.9,384676,901322,99.8500,97.9500,91.6000,72.8000,21.1000,0.0000,93591.96,342.25
984000,5176.3,157486.4,364716,901308,99.9500,98.1500,91.7500,73.6500,20.1000,0.0000,93917.45,338.04
986000,5190.6,157803.1,387252,901312,99.8500,98.4000,92.4500,73.6500,19.5000,0.0000,93850.90,342.10
988000,5204.9,158464.9,387116,901326,99.8500,97.7000,92.5000,74.1000,20.5500,0.0000,94026.62,342.96
990000,5219.2,158410.9,386888,901344,99.8000,97.8500,92.4500,73.3000,21.2000,0.0000,94176.38,341.67
992000,5233.6,156352.5,383268,901316,99.7500,98.4500,92.4500,72.5000,19.7000,0.0000,94409.81,342.28
994000,5247.8,159039.5,386424,901353,99.8500,97.7500,92.0500,74.5000,20.6500,0.0000,94323.12,342.48
996000,5262.0,156714.2,386936,901360,99.7500,97.7000,92.0000,71.8500,19.9000,0.0000,94176.86,345.89
998000,5276.4,158767.1,381804,901358,99.8500,98.1000,92.4500,74.6500,20.6000,0.0000,94835.71,340.75
1000000,5291.2,162488.0,382208,901341,99.8000,98.3000,93.0000,76.4000,21.1000,0.0000,94487.68,342.64
1002000,5305.5,158401.7,532540,901357,99.7000,98.5000,92.7000,73.7000,20.5500,0.0500,94844.53,345.24
1004000,5320.1,160398.2,378444,901347,99.7500,97.4500,92.1000,75.6500,21.1500,0.0000,94523.31,345.24
1006000,5334.6,158748.3,375900,901332,99.9000,98.3000,92.9000,73.8000,20.4500,0.0000,95003.40,344.65
1008000,5349.3,162145.1,386988,901344,99.9000,98.5500,93.0500,75.8000,21.3500,0.0000,94789.98,345.37
1010000,5363.8,162018.9,388776,901363,99.6000,98.4000,93.0500,73.9000,23.5000,0.0000,95166.54,342.74
1012000,5378.6,162705.8,379748,901348,100.0000,98.4500,92.4500,74.3500,22.6500,0.0000,94922.94,345.58
1014000,5393.5,163742.4,368404,901334,99.8000,97.9000,93.0500,75.9500,22.9500,0.0000,95260.21,343.22
1016000,5408.1,162354.2,375908,901342,99.9000,98.4500,92.7000,76.3000,21.7000,0.0000,95433.09,343.92
1018000,5422.3,160200.7,385228,901403,99.6000,98.3500,91.7500,74.3500,21.1500,0.0000,95722.52,342.04
1020000,5437.0,161419.4,386512,901394,99.8000,97.6000,92.0000,74.9000,21.9500,0.0000,95478.29,346.25
1022000,5451.0,159281.3,407036,901462,99.7500,97.9000,91.9000,74.4000,20.9500,0.0000,95903.63,343.50
1024000,5465.3,163088.1,373800,901535,99.8500,98.2500,92.4500,73.9000,23.0000,0.0000,95459.79,347.04
1026000,5479.7,162528.7,382428,901595,99.9000,98.1000,93.6500,75.6000,21.8500,0.0000,95957.61,345.38
1028000,5493.6,161506.4,378040,901708,99.9500,97.9500,91.8500,74.6000,21.9000,0.0000,96046.88,344.58
1030000,5508.3,162333.4,387124,901706,99.9000,98.2000,92.8500,75.5500,22.0500,0.0000,96243.72,346.10
1032000,5522.8,160910.7,384224,901713,99.7500,98.0000,92.4000,74.3500,22.0000,0.0000,96163.78,346.64
1034000,5537.7,165157.1,385112,901709,99.8000,97.8000,93.2500,76.0500,24.0500,0.0000,96076.22,347.54
1036000,5552.3,160371.6,384212,901699,99.6500,97.8000,91.0500,73.2500,22.7500,0.0000,96463.86,344.47
1038000,5567.0,163013.4,368184,901710,99.7000,98.5000,92.9500,75.9500,22.7500,0.0000,96524.89,345.42
1040000,5581.6,161598.2,387100,901705,100.0000,98.1000,92.5500,73.5500,23.0500,0.0000,96852.89,342.42
1042000,5596.3,163972.8,385380,901730,99.7500,97.9000,92.1500,75.8500,23.3000,0.0000,96778.31,344.71
1044000,5611.1,163658.6,378124,901728,99.7500,98.5000,92.5500,76.8000,22.5000,0.0000,96912.08,345.37
1046000,5625.8,163818.8,384484,901747,99.8000,98.2500,92.4000,75.5500,23.5000,0.0000,97023.39,346.29
1048000,5640.6,162243.2,405472,901721,99.7000,97.7000,91.9500,74.4000,22.9000,0.0000,97209.94,347.14
1050000,5655.5,163424.1,388892,901699,99.8000,97.8500,92.5500,75.7000,22.5500,0.0000,97218.47,345.16
1052000,5669.8,158309.0,386196,901701,99.8500,97.2000,90.1000,71.2000,22.5000,0.0000,97410.29,345.43
1054000,5684.7,164680.0,385592,901698,99.9500,98.5000,92.4000,76.1000,24.1000,0.0000,97298.86,345.46
1056000,5699.3,163008.0,378100,901720,99.5500,97.9500,92.4000,76.2000,23.0500,0.0000,97594.34,345.73
1058000,5714.1,163185.4,387080,901708,99.9000,98.5000,93.5000,74.8000,23.0000,0.0000,97692.49,347.09
1060000,5729.1,165771.7,385788,901707,99.8000,97.9500,92.8000,76.1000,23.8000,0.0000,97514.67,348.12
1062000,5743.9,166603.0,377600,901734,99.9500,98.4500,93.7500,76.6500,23.5500,0.0000,97926.51,345.70
1064000,5758.6,163640.1,387300,901750,99.8000,98.2000,91.9000,75.4500,23.5000,0.0000,97904.24,345.99
1066000,5773.1,162114.0,386660,901780,99.6500,98.1000,91.9500,75.1000,22.8000,0.0000,98216.03,347.03
1068000,5787.8,162754.1,372348,901785,99.9000,98.5500,92.3000,75.5000,23.0000,0.0000,98385.31,346.12
1070000,5802.5,166751.8,386920,901833,99.8000,98.5000,93.7000,77.1500,24.7500,0.0000,98131.61,347.47
1072000,5817.0,165108.4,385416,901888,99.6500,97.9500,92.6500,76.0500,23.1000,0.0000,98449.52,345.08
1074000,5832.0,166157.2,509004,901889,99.7500,98.4500,92.9000,76.6500,23.6500,0.0500,98414.10,346.48
1076000,5846.9,165499.8,387032,901900,99.8500,98.0500,93.3500,75.9000,24.1000,0.0000,98766.30,344.71
1078000,5861.8,165917.1,385612,901898,99.8000,97.9500,92.3000,75.1000,25.7000,0.0000,98581.82,347.71
1080000,5876.5,163775.7,367060,901912,99.9000,97.5500,91.8000,75.4500,24.0000,0.0000,98989.72,346.05
1082000,5891.0,161817.2,386396,901935,99.9000,98.4000,92.6500,74.9000,22.3000,0.0000,99038.05,348.18
1084000,5905.6,164052.5,409588,901963,99.8500,97.4000,91.8000,75.8000,23.3500,0.0000,99020.29,347.29
1086000,5920.3,164597.8,386788,901985,99.5500,98.3000,92.1500,75.8500,24.3000,0.0000,99154.97,346.98
1088000,5934.2,161731.2,383044,902097,99.8000,97.8000,91.5000,74.2000,22.9500,0.0000,99292.09,347.95
1090000,5948.8,165544.3,387136,902142,99.8000,98.1000,92.5000,75.6000,24.6000,0.0000,99369.63,345.97
1092000,5963.5,164099.9,382768,902153,99.8500,98.2000,93.0000,75.1500,23.8000,0.0000,99613.69,346.76
1094000,5978.0,163950.7,388380,902205,99.9500,98.7000,92.1000,75.4000,23.7000,0.0000,99641.31,347.42
1096000,5992.8,167430.0,383492,902249,99.6500,98.0000,92.0000,76.8000,24.0000,0.0000,99348.40,348.23
1098000,6007.3,166389.6,383444,902320,99.7500,98.4500,92.5000,75.5500,24.9000,0.0000,99643.30,347.45
1100000,6022.9,166291.6,387044,902228,99.8500,98.5500,93.3500,76.4500,23.2500,0.0000,99902.10,346.49
1102000,6037.8,167388.5,386640,902263,99.6500,97.8500,92.8500,75.8000,25.4000,0.0000,99897.72,346.20
1104000,6052.4,168508.9,386640,902341,99.8000,98.2500,92.7000,75.7000,27.1500,0.0000,100028.05,347.48
1106000,6067.5,170987.8,387480,902380,99.8500,98.4000,94.0000,77.2000,27.0000,0.0000,99927.91,347.08
1108000,6082.1,167630.2,386928,902445,99.9000,98.8500,93.7500,76.1000,26.0000,0.0000,100300.88,346.87
1110000,6097.0,168871.9,375676,902487,99.7500,98.3500,93.1000,76.9000,25.8000,0.0000,100244.30,345.66
1112000,6111.7,168028.0,384748,902548,99.9500,98.2000,92.8500,77.1000,24.6500,0.0000,100537.04,348.33
1114000,6126.7,168755.6,386632,902581,99.8500,98.1500,92.4500,77.5000,26.1000,0.0000,100782.12,345.11
1116000,6141.3,164878.8,386600,902610,99.8000,97.9000,92.7000,75.2500,24.4000,0.0000,100824.69,348.38
1118000,6156.2,166807.4,386744,902623,99.8500,98.4000,93.1500,75.9500,25.0000,0.0000,100980.10,347.38
1120000,6171.1,167745.4,388736,902665,99.8000,98.2000,93.1500,77.1500,23.7500,0.0000,100767.30,346.66
1122000,6186.1,166094.1,382964,902644,99.7000,97.6500,91.4000,75.2500,25.7500,0.0000,101078.92,350.30
1124000,6200.8,165420.0,386820,902679,99.8000,97.7500,92.6500,76.9500,23.5500,0.0000,101169.44,347.07
1126000,6215.8,167742.1,367228,902699,99.9000,97.8500,92.7000,76.2000,24.8000,0.0000,101170.64,346.83
1128000,6230.3,165232.0,387048,902752,100.0000,97.8500,92.0000,75.8500,23.9500,0.0000,101368.15,347.45
1130000,6245.3,168847.4,369156,902777,99.8500,98.0500,92.6000,75.6000,26.6500,0.0000,101272.04,346.69
1132000,6261.0,170004.6,387416,902724,99.6500,98.2500,92.8500,77.3500,26.0500,0.0000,101335.38,349.96
1134000,6276.3,167831.2,506224,902692,99.9500,98.7500,93.7500,77.3000,24.9000,0.0500,101754.49,347.90
1136000,6291.3,167819.1,387176,902699,99.8500,98.3500,93.0000,76.7500,25.2000,0.0000,101776.92,346.43
1138000,6306.5,170474.0,383196,902717,99.8000,98.1000,92.9500,76.6000,27.4000,0.0000,101684.22,348.74
1140000,6321.9,167527.0,387336,902674,99.8000,98.4500,92.7500,77.2000,25.0500,0.0000,102102.48,347.07
1142000,6337.0,167623.6,386868,902663,99.8000,98.2500,92.5500,76.3000,24.8000,0.0000,102007.97,352.37
1144000,6351.5,166390.3,385368,902736,99.8500,98.2000,92.4000,76.0000,24.4500,0.0000,102496.95,346.33
1146000,6366.9,169204.7,430712,902700,99.7000,97.5000,92.8000,75.7000,26.5500,0.0000,102010.28,348.75
1148000,6382.4,170543.7,383476,902678,99.8500,98.3500,93.4000,77.9500,26.1500,0.0000,102360.90,347.58
1150000,6397.4,166716.0,385172,902674,99.7500,98.1000,92.5500,75.1500,25.6500,0.0000,102649.10,348.98
1152000,6412.8,171280.5,384644,902674,99.6500,98.4000,93.1000,77.0000,26.9000,0.0000,102435.68,348.77
1154000,6427.8,169014.6,387648,902699,99.7500,98.0500,92.7000,76.5500,25.4000,0.0000,102769.39,347.34
1156000,6442.9,166828.1,387244,902692,99.7000,97.9500,92.2500,75.3500,25.4000,0.0000,102727.08,349.53
1158000,6458.3,169100.9,387468,902665,99.9000,98.1000,92.6000,75.7000,26.5000,0.0000,102857.50,347.92
1160000,6473.7,171916.4,385200,902671,99.8000,98.4500,93.1500,77.7000,26.9000,0.0000,102737.47,348.90
1162000,6488.7,166662.1,387424,902661,99.9500,98.7500,93.0500,76.5000,23.7000,0.0000,103215.02,348.49
1164000,6504.1,169700.4,383332,902642,99.7500,97.9500,92.9000,77.3000,25.7500,0.0000,103167.41,348.57
1166000,6519.7,173139.0,386660,902628,99.7500,98.2500,92.9500,77.2000,28.0000,0.0000,102881.61,350.29
1168000,6535.4,173113.7,409384,902605,99.8500,98.2500,93.4000,78.4000,27.5500,0.0000,103182.68,349.90
1170000,6550.7,170165.3,381108,902608,99.9500,98.2500,92.8500,77.2500,26.5500,0.0000,103252.90,350.11
1172000,6566.2,171964.3,387148,902592,99.8000,98.1500,92.7500,76.9500,28.0500,0.0000,103492.87,348.02
1174000,6581.8,171914.0,387128,902577,99.9000,98.7500,93.6000,77.6000,26.5000,0.0000,103492.68,351.34
1176000,6597.2,171572.2,384896,902573,99.9500,98.7500,92.8000,77.6500,26.5500,0.0000,103863.03,348.45
1178000,6612.5,169757.0,387348,902562,100.0000,98.2500,92.6000,76.2500,25.9000,0.0000,103820.86,350.81
1180000,6628.0,171658.6,383636,902552,100.0000,98.6000,92.8500,76.6500,27.7000,0.0000,103947.14,350.39
1182000,6643.4,169077.4,512740,902528,99.9500,98.1000,92.8000,75.4000,26.6000,0.0500,104381.58,346.99
1184000,6658.2,168083.7,385188,902574,99.7000,98.2500,92.8500,76.3500,25.1500,0.0000,104417.11,350.80
1186000,6673.6,172653.3,386208,902575,99.9000,98.5000,93.1500,78.5500,27.2500,0.0000,104371.64,348.88
1188000,6689.5,174189.7,387240,902543,99.8000,98.6000,93.7500,78.0000,28.4500,0.0000,104256.46,350.80
1190000,6705.1,172470.8,386252,902525,99.9500,98.2500,93.2000,77.9500,27.2000,0.0000,104570.85,345.87
1192000,6720.8,174727.5,387408,902513,99.8500,97.9000,92.8500,77.5500,29.0500,0.0000,104319.16,351.02
1194000,6736.3,174716.9,388836,902532,99.8000,98.4000,93.4500,78.9500,28.6000,0.0000,104437.53,351.97
1196000,6751.7,172486.0,386640,902543,99.8500,98.4500,92.8500,77.8000,27.5500,0.0000,104722.31,350.50
1198000,6767.0,171251.4,386784,902549,99.9000,98.4500,93.3000,76.7500,27.1000,0.0000,104979.12,349.22
1200000,6782.2,169974.3,388864,902559,99.7000,98.2000,92.7500,77.2500,25.7500,0.0000,104893.29,354.53
1202000,6797.3,169675.0,386712,902573,99.8000,98.1500,92.5500,75.3500,27.1000,0.0000,105099.34,351.50
1204000,6812.8,173846.8,384756,902591,99.9500,98.8500,93.6000,78.5500,27.9000,0.0000,105281.97,350.68
1206000,6827.8,172119.0,385392,902637,99.7500,98.1500,93.1500,77.7500,27.5500,0.0000,105214.48,352.43
1208000,6842.9,171824.7,388420,902677,99.8000,98.4500,93.9000,77.0000,27.5500,0.0000,105462.21,350.64
1210000,6858.4,173894.4,387040,902692,99.9500,98.5500,93.5500,77.9500,28.0500,0.0000,105588.43,351.17
1212000,6873.5,170284.7,387388,902715,99.8500,97.6000,92.1500,76.3500,26.2000,0.0000,105605.67,348.95
1214000,6888.8,169802.5,386808,902707,99.9000,98.6000,93.0000,76.5000,26.0500,0.0000,105810.37,351.62
1216000,6904.2,174040.3,387420,902739,99.9500,98.7500,93.4500,77.9000,27.7000,0.0000,105587.60,352.57
1218000,6919.6,171554.7,384964,902737,99.8500,98.5500,93.0000,76.8500,26.7000,0.0000,105906.61,352.43
1220000,6934.7,172759.7,386472,902792,99.9000,98.4500,93.0500,77.8000,26.5500,0.0000,105922.83,350.09
1222000,6950.0,173847.6,387064,902826,99.8000,98.7500,93.7500,78.3000,27.4500,0.0000,106178.39,348.05
1224000,6965.5,172903.0,386356,902831,99.8000,97.7000,92.1500,76.8000,28.1000,0.0000,106023.80,352.60
1226000,6980.6,170809.8,385664,902857,99.7000,98.1500,92.4500,77.7500,26.4500,0.0000,106437.80,351.71
1228000,6996.0,170377.2,385788,902840,99.7500,98.4500,92.2500,76.7500,26.0500,0.0000,106542.03,349.64
1230000,7011.6,173267.3,387040,902826,99.7000,98.4500,93.4500,78.5000,27.7000,0.0000,106427.66,351.43
1232000,7027.3,172751.4,388044,902802,99.8000,98.1500,92.7500,77.4500,27.6000,0.0000,106591.87,351.48
1234000,7042.9,174103.9,386320,902795,99.7500,98.3500,93.3500,78.7500,27.8000,0.0000,106523.07,354.64
1236000,7058.5,173492.4,384552,902792,99.8000,97.9500,92.6000,77.6000,28.2500,0.0000,106612.78,352.78
1238000,7073.8,174218.0,387308,902826,99.8500,98.5500,93.6500,78.0000,28.6000,0.0000,106841.36,352.23
1240000,7089.1,173494.8,386860,902853,99.8500,98.3500,93.1000,76.4000,28.5500,0.0000,106660.91,353.52
1242000,7104.8,173677.3,386768,902834,99.9000,98.4000,93.2000,77.2000,28.0500,0.0000,106891.07,349.72
1244000,7120.8,173057.9,512628,902775,99.9000,98.8000,93.2000,77.3000,27.7000,0.0500,107153.45,352.60
1246000,7136.6,171962.0,387228,902730,99.9000,98.3500,93.5500,76.5500,26.9500,0.0000,107082.09,355.86
1248000,7151.8,170631.7,407416,902745,99.7500,98.5000,93.2000,77.8000,26.2500,0.0000,107834.17,351.84
1250000,7167.8,177331.9,386676,902723,99.7500,98.5000,93.3500,78.6500,29.8500,0.0000,107081.22,352.68
1252000,7183.3,172101.9,386588,902714,99.9500,98.6500,92.0000,76.6000,28.5500,0.0000,107775.83,350.65
1254000,7198.8,175568.3,385220,902731,99.8500,98.7500,93.8000,78.1500,28.5000,0.0000,107615.30,353.40
1256000,7214.1,171908.8,382492,902751,99.8500,98.5500,93.7500,78.4500,25.6000,0.0000,107816.18,353.11
1258000,7229.5,169783.0,387204,902734,99.9500,98.4500,93.1000,76.6000,26.0500,0.0000,108004.35,353.01
1260000,7245.0,175888.6,385448,902758,99.9000,98.1000,92.5500,78.8000,29.0500,0.0000,107752.74,353.39
1262000,7260.8,170300.3,387464,902692,99.7500,98.3000,92.7500,75.9500,27.2000,0.0000,108135.42,353.67
1264000,7276.7,177269.6,405364,902688,99.8500,98.1000,93.1000,79.5000,29.6500,0.0000,107794.11,353.57
1266000,7292.3,174667.0,388288,902697,99.9000,98.4500,93.6500,78.5000,28.1000,0.0000,108096.55,355.18
1268000,7307.8,171994.3,387040,902682,99.9500,98.4500,92.9500,77.1500,26.7500,0.0000,108415.54,356.04
1270000,7323.2,171960.5,387488,902682,99.7000,97.9000,92.2000,77.2000,26.8000,0.0000,108540.72,353.37
1272000,7338.8,172614.5,387264,902672,99.8500,98.1000,92.3000,76.8500,27.6000,0.0000,108517.85,355.40
1274000,7354.0,172555.5,387268,902698,99.7000,97.8500,92.6500,75.9000,28.6500,0.0000,108576.58,351.86
1276000,7369.3,174441.0,388380,902738,99.8500,98.5000,92.6500,77.7000,28.8500,0.0000,108705.48,354.41
1278000,7385.4,175718.3,383220,902687,99.9000,98.6000,92.9500,78.8000,27.9000,0.0000,108613.92,355.41
1280000,7401.1,179310.8,385532,902720,99.8500,99.0000,93.5000,79.7500,30.7000,0.0000,108773.40,352.73
1282000,7416.9,177055.6,410608,902730,99.8000,98.5500,94.0500,78.4000,29.4000,0.0000,108807.24,353.18
1284000,7432.3,172962.0,407956,902741,99.8500,98.2000,93.8000,78.5000,26.8000,0.0000,109170.42,351.89
1286000,7448.2,175441.3,387048,902710,99.8500,97.7000,92.8000,77.4500,29.0000,0.0000,109014.12,353.65
1288000,7464.3,177283.6,387480,902687,99.9500,98.5500,92.9000,79.0000,29.0000,0.0000,109156.93,354.36
1290000,7479.9,172391.8,387412,902664,99.8000,98.2000,92.8500,77.8000,27.2500,0.0000,109620.21,356.68
1292000,7495.6,175517.0,386876,902659,99.7500,98.1000,93.5000,79.3500,28.3000,0.0000,109569.86,355.14
1294000,7511.4,174972.9,386016,902649,99.8000,98.8500,93.9000,77.9500,28.3500,0.0000,109496.17,356.47
1296000,7527.1,175047.7,387080,902642,99.7500,98.4500,93.7000,79.2500,26.6500,0.0000,109673.08,353.63
1298000,7543.2,179908.5,389340,902631,99.8000,98.5000,93.6000,79.7000,30.8000,0.0000,109326.62,354.86
1300000,7559.0,174634.4,385536,902611,99.7500,98.1500,93.4000,78.7000,27.8500,0.0000,109945.27,353.79
1302000,7574.8,174470.3,387476,902594,99.8000,98.1000,93.2500,78.8000,27.3000,0.0000,109876.94,353.92
1304000,7590.9,177830.8,391924,902571,99.7500,97.7500,93.0000,78.8500,29.3000,0.0000,109756.99,355.72
1306000,7606.8,176107.5,378408,902547,99.8000,98.3500,93.7500,77.6000,28.6500,0.0000,110070.06,353.36
1308000,7622.6,174458.9,386900,902537,99.8000,98.2500,92.9500,77.9500,27.3500,0.0000,110110.38,357.02
1310000,7638.3,177575.3,411380,902555,99.8500,98.7500,93.4500,79.0000,28.8500,0.0000,110150.99,353.66
1312000,7653.6,172943.9,386812,902575,99.7500,98.6500,93.5500,78.2500,26.4000,0.0000,110473.40,355.37
1314000,7669.2,176500.6,387316,902602,99.9500,98.6500,93.7000,78.2500,28.4000,0.0000,110352.93,354.08
1316000,7684.6,173607.5,386488,902621,99.8500,98.7500,93.3500,77.2500,26.8500,0.0000,110755.61,352.37
1318000,7700.2,176044.8,385076,902632,99.9500,98.5000,92.9000,78.3000,28.7000,0.0000,110730.60,352.61
1320000,7715.6,173821.7,387228,902651,99.6500,97.9000,92.5000,77.0500,28.0500,0.0000,110533.61,356.90
1322000,7730.8,170470.4,386916,902671,99.7500,97.9500,92.5500,76.7500,25.8000,0.0000,111075.75,355.61
1324000,7746.3,175434.8,386248,902687,99.7000,98.7000,93.0500,78.2500,28.4500,0.0000,110632.38,358.86
1326000,7761.8,173333.0,402412,902694,99.7500,98.3000,93.4000,77.0000,27.2000,0.0000,111135.88,357.66
1328000,7777.4,174949.6,407440,902701,99.7500,97.9500,93.9000,78.1500,27.3500,0.0000,110913.61,356.52
1330000,7793.0,176482.4,387136,902718,99.9500,98.3000,93.4500,78.9000,28.8500,0.0000,111020.91,355.57
1332000,7808.8,174684.4,402392,902696,99.8500,98.3000,93.1000,77.4000,27.8000,0.0000,111503.24,353.32
1334000,7824.4,173965.8,387436,902697,99.8000,98.0000,92.4500,77.2500,28.4000,0.0000,111427.26,355.67
1336000,7840.2,174448.1,386528,902680,99.6500,98.1500,92.7500,78.4500,27.6000,0.0000,111635.71,356.33
1338000,7856.0,175432.2,388652,902672,99.9000,98.3500,93.2000,78.8000,27.2500,0.0000,111496.16,358.19
1340000,7871.2,174539.1,386892,902712,99.8000,98.0500,93.0000,77.7000,27.5000,0.0000,111687.14,357.51
1342000,7886.2,173762.5,411388,902776,99.8500,98.3000,92.8000,77.5000,27.4000,0.0000,111848.29,353.47
1344000,7901.9,177590.4,386812,902804,99.6500,98.2500,94.0000,79.9000,27.9500,0.0000,111687.08,355.05
1346000,7917.2,174295.9,411200,902840,99.7500,98.2500,93.7000,78.5500,26.6500,0.0000,111999.62,356.42
1348000,7932.8,174892.5,407564,902838,99.8500,98.2500,93.3500,78.7000,27.6000,0.0000,112073.33,356.41
1350000,7948.3,172686.9,386888,902840,99.9500,98.1500,93.2500,79.0000,25.3000,0.0000,112360.72,355.67
1352000,7963.8,171945.2,409216,902833,99.9500,98.4000,92.9500,77.4500,25.3000,0.0000,112530.96,353.64
1354000,7979.1,170242.2,387180,902842,99.7500,98.2500,93.1000,79.4500,23.9000,0.0000,112799.86,353.19
1356000,7994.7,173255.7,388732,902826,99.7000,98.1500,93.3000,79.5500,25.7500,0.0000,112308.32,359.07
1358000,8010.1,172384.2,385724,902836,99.8000,98.3500,93.3500,78.1500,25.3000,0.0000,112645.85,354.96
1360000,8025.5,171831.0,386972,902843,99.9500,98.6500,93.5500,78.4500,25.4500,0.0000,112691.65,356.66
1362000,8040.8,170889.5,386892,902851,99.8500,98.7000,93.9500,78.8000,24.0000,0.0000,112627.29,358.39
1364000,8056.0,170034.7,392448,902865,99.9000,98.5000,93.5000,77.0000,24.2000,0.0000,113050.61,355.83
1366000,8071.4,171708.4,483724,902861,99.8500,98.2000,93.7000,78.1500,25.4000,0.0500,112825.42,359.33
1368000,8086.8,170849.0,411240,902858,99.8500,98.2500,93.6500,78.1000,24.3000,0.0000,112907.45,356.08
1370000,8102.2,173498.9,507312,902876,99.7500,98.5000,93.3500,79.2000,25.6500,0.0500,112862.86,357.33
1372000,8117.9,173991.2,387068,902866,99.8500,98.4500,93.4000,79.5500,25.1000,0.0000,112923.49,356.98
1374000,8133.5,173567.2,387120,902863,99.7500,98.0500,93.5500,78.1500,25.9000,0.0000,112928.26,358.80
1376000,8149.0,173813.4,387252,902870,100.0000,98.7500,93.7000,79.9000,25.6500,0.0000,113170.69,357.97
1378000,8164.3,170487.6,377928,902879,99.7000,97.8500,92.6000,78.9500,24.1500,0.0000,113413.81,358.22
1380000,8179.4,169315.1,387196,902894,99.8500,98.4500,93.6500,78.5000,23.3000,0.0000,113991.52,352.35
1382000,8195.0,174144.9,387140,902896,99.9000,98.5000,93.6000,79.1000,26.7000,0.0000,113279.22,357.21
1384000,8210.4,174516.3,386760,902921,99.8500,98.1500,94.0500,79.9500,25.8000,0.0000,113546.08,357.80
1386000,8225.7,171922.6,410888,902940,99.9000,98.1500,92.8500,80.2000,24.0500,0.0000,113793.28,354.39
1388000,8241.3,174958.5,387328,902945,99.9000,98.7000,93.6500,79.8500,25.9000,0.0000,113721.88,354.26
1390000,8256.7,174413.2,389380,902969,99.8500,98.6000,93.8000,79.4500,25.3000,0.0000,113852.57,356.08
1392000,8272.1,174370.4,389056,902994,99.6000,98.0500,93.4500,80.0000,25.5000,0.0000,113942.31,355.36
1394000,8287.5,173180.6,386656,903012,99.9000,98.0000,93.3500,79.2500,24.6000,0.0000,113985.78,356.74
1396000,8303.0,173029.1,386988,903017,99.7000,98.4000,93.5500,79.4000,24.8500,0.0000,113930.06,358.57
1398000,8318.5,172498.0,384568,903015,99.7500,98.0500,92.9500,78.6000,24.5500,0.0000,114201.32,355.21
1400000,8333.9,170777.3,384580,903010,99.7500,97.8000,93.2500,78.2000,24.2500,0.0000,114245.39,358.62
1402000,8349.3,170094.5,385996,902998,99.7500,98.5000,93.5500,78.9500,22.1000,0.0000,114469.82,358.40
1404000,8365.3,177433.0,386872,902990,99.6500,98.3000,94.4000,81.0000,26.6000,0.0000,114100.15,358.77
1406000,8381.2,176208.6,387592,902976,99.7000,98.8000,94.3000,80.5500,26.2500,0.0000,114262.65,358.24
1408000,8396.8,173505.6,386708,902977,99.8000,98.4500,94.1000,81.0500,23.3000,0.0000,114719.00,354.82
1410000,8412.2,172363.4,386228,902983,99.8000,98.6000,93.5000,79.7500,23.7500,0.0000,114380.73,359.87
1412000,8427.8,170768.0,385244,902965,99.9000,98.7500,93.6500,79.5000,23.6000,0.0000,114918.83,357.00
1414000,8442.9,169622.7,387440,902982,99.8500,98.2000,94.0500,79.1500,22.1500,0.0000,115092.88,354.89
1416000,8458.4,171344.1,387152,902970,99.8500,98.6000,93.5000,80.0000,22.5500,0.0000,114921.35,357.95
1418000,8474.2,171463.7,378360,902941,99.9000,98.7500,93.6000,79.8000,22.5000,0.0000,114925.34,357.03
1420000,8489.3,168516.7,522128,902946,99.9000,98.3500,93.0000,78.7500,21.8000,0.0500,115026.97,360.25
1422000,8504.4,167780.5,386612,902945,99.8000,98.3000,93.2000,78.2000,21.3500,0.0000,115188.89,359.07
1424000,8519.3,165228.6,385308,902956,99.7000,98.3000,93.5000,78.5000,19.4500,0.0000,115483.03,359.86
1426000,8534.5,168267.8,409196,902951,99.8500,98.3000,94.0000,79.7000,20.8000,0.0000,115333.32,358.84
1428000,8549.7,165946.5,387084,902931,99.9000,98.5000,93.8000,77.2000,21.2000,0.0000,115597.27,359.20
1430000,8565.2,169463.9,386948,902913,99.9500,98.7000,94.0000,79.6000,21.2500,0.0000,115494.95,360.20
1432000,8580.2,166099.9,386476,902914,99.8500,98.4000,92.5000,79.4500,19.9000,0.0000,115606.08,358.45
1434000,8595.4,168402.9,386952,902909,99.9000,98.4000,93.4000,79.9500,20.9000,0.0000,115609.45,358.60
1436000,8610.9,168015.9,386892,902880,99.8500,99.0500,95.2000,79.8500,19.9000,0.0000,115881.27,356.28
1438000,8626.0,165601.3,386440,902870,99.8500,98.8000,94.3500,78.8500,18.8500,0.0000,116079.24,356.03
1440000,8641.3,169582.2,410732,902866,99.8500,98.5000,93.9500,80.8000,19.9500,0.0000,115891.20,354.86
1442000,8656.4,165270.5,387156,902856,99.8000,98.3000,92.7500,79.0000,18.5500,0.0000,116059.07,358.52
1444000,8671.4,164347.3,387004,902847,99.9000,98.5000,92.5000,79.2000,17.4000,0.0000,116199.99,355.36
1446000,8686.5,165900.5,489628,902834,99.6500,98.3000,93.8500,79.7000,18.6000,0.0500,116377.95,353.34
1448000,8701.6,165469.8,387412,902822,99.8500,98.7500,93.8000,79.5000,19.1000,0.0000,116156.27,359.04
1450000,8716.7,164281.4,386788,902810,99.8500,98.5500,93.9000,80.0000,17.8000,0.0000,116627.79,353.64
1452000,8732.0,168143.8,386340,902793,99.7000,98.7500,93.1000,80.2000,19.7500,0.0000,116360.46,354.67
1454000,8747.3,165904.1,407892,902770,99.9000,98.5000,94.4000,79.3500,18.8500,0.0000,116567.30,355.37
1456000,8762.5,166458.6,387236,902753,99.8500,98.6500,94.2000,80.2000,18.9000,0.0000,116649.32,357.41
1458000,8777.7,165570.9,386880,902730,99.9000,98.7500,93.1500,79.8500,18.0000,0.0000,116648.19,356.85
1460000,8793.0,167034.7,386988,902712,99.8500,98.5500,92.8000,78.9500,19.6500,0.0000,116433.42,358.55
1462000,8808.2,165835.7,386200,902697,99.9500,98.4000,93.8000,78.8000,19.0000,0.0000,116783.43,358.76
1464000,8823.0,166302.9,382308,902715,99.9000,98.1000,92.9500,79.3500,19.1000,0.0000,116927.10,355.68
1466000,8838.2,168475.5,377544,902717,99.8500,98.4500,93.7000,80.8500,20.0500,0.0000,117063.43,357.56
1468000,8853.2,168243.2,386404,902740,99.8000,98.3500,93.5500,78.9500,21.0000,0.0000,116716.37,358.66
1470000,8868.4,169195.5,410732,902749,99.9500,98.6500,93.0000,79.8500,21.1500,0.0000,116656.20,357.79
1472000,8883.5,166567.2,384600,902750,99.8000,98.1000,92.5000,79.2500,19.3000,0.0000,116929.48,358.00
1474000,8899.1,169027.3,387392,902707,99.9000,98.6000,93.2500,79.7000,21.1500,0.0000,116848.28,358.09
1476000,8914.2,166848.1,387112,902708,99.9000,98.5000,93.1500,79.9500,19.8000,0.0000,117156.59,356.91
1478000,8929.6,169299.1,387428,902701,100.0000,98.8500,95.0000,80.7000,20.0500,0.0000,116899.69,360.88
1480000,8944.8,167746.2,532416,902700,99.8500,98.5500,93.8500,81.0000,18.9000,0.0500,117334.67,356.31
1482000,8960.0,170879.6,386936,902711,99.8500,98.5000,94.0500,81.4500,21.6000,0.0000,116964.56,358.24
1484000,8975.7,169673.7,413884,902672,99.7000,98.1000,93.5000,81.0500,19.9000,0.0000,117092.13,357.22
1486000,8991.1,166625.0,388648,902639,99.8000,98.1500,92.9500,79.1000,19.7500,0.0000,117444.71,359.16
1488000,9007.0,171613.2,387040,902600,99.8500,98.6000,94.2000,80.2500,22.1500,0.0000,117138.61,360.17
1490000,9022.6,172419.3,386156,902591,99.9500,98.4500,94.4500,80.7000,22.8000,0.0000,117445.41,356.21
1492000,9038.5,175186.0,389064,902577,99.7500,98.6000,94.7500,81.1500,23.8000,0.0000,117202.80,358.97
1494000,9053.8,170942.7,386836,902584,99.5500,98.3000,93.2500,79.7500,22.2500,0.0000,117563.89,358.80
1496000,9068.9,166457.6,387080,902584,99.9000,98.6500,93.4000,77.6500,20.0000,0.0000,117890.67,358.62
1498000,9084.9,174876.9,387708,902554,99.8000,98.3500,94.7000,81.5500,24.0500,0.0000,117534.88,357.02
1500000,9100.4,167643.0,387360,902521,99.7500,98.0000,92.8500,78.8500,21.0000,0.0000,117898.91,356.51
1502000,9116.1,172238.5,387224,902496,99.8500,98.2500,93.8500,79.3000,23.4000,0.0000,117860.98,355.29
1504000,9131.7,173777.5,378320,902500,99.9000,98.8000,94.5500,79.9500,23.7000,0.0000,117845.87,357.31
1506000,9147.4,171864.0,387020,902476,99.8500,98.5000,93.5000,79.6500,23.2500,0.0000,117797.34,357.73
1508000,9163.1,176044.0,502540,902479,99.8000,98.6500,94.4000,80.7000,25.2500,0.0500,117609.83,360.70
1510000,9178.6,172593.9,387004,902486,99.7500,98.5500,94.4000,79.7000,23.7500,0.0000,117940.35,358.30
1512000,9194.2,173810.6,388656,902492,99.9000,98.8500,94.7500,79.8500,24.6000,0.0000,118016.12,358.59
1514000,9209.9,173977.4,402248,902486,99.8500,98.8000,94.1000,81.0000,23.3500,0.0000,118187.98,357.67
1516000,9225.5,175679.9,386472,902493,99.6500,98.6000,93.6500,80.8000,25.8000,0.0000,118379.45,355.20
1518000,9241.1,175727.2,515492,902512,99.9500,98.6500,93.5000,80.3500,25.1500,0.0500,118011.07,359.05
1520000,9256.7,173936.5,388488,902518,99.8000,98.2500,93.2000,80.3500,24.9000,0.0000,118408.81,357.45
1522000,9272.2,176872.7,387300,902547,99.9500,98.5000,94.0500,80.8000,26.2000,0.0000,118276.47,359.44
1524000,9287.8,174324.7,387236,902557,99.7500,98.6000,94.7000,80.1500,24.5500,0.0000,118517.36,359.13
1526000,9303.3,172428.5,386816,902556,99.6000,98.3500,94.1000,79.0500,24.8000,0.0000,118553.96,360.83
1528000,9319.2,177358.9,505672,902551,100.0000,99.0000,94.4500,81.8500,25.4500,0.0500,118549.80,355.45
1530000,9335.1,175957.3,385736,902542,99.8500,98.2500,93.7000,80.5500,25.7000,0.0000,118730.58,358.01
1532000,9350.9,173793.0,388612,902519,99.7500,98.9500,93.2000,79.8500,24.4000,0.0000,118652.52,357.20
1534000,9366.6,174075.9,385384,902515,99.9000,98.5500,93.2000,78.8500,25.9000,0.0000,118735.38,358.20
1536000,9382.5,175162.7,386404,902493,99.9000,98.7500,94.0000,80.4000,24.6000,0.0000,119019.56,354.47
1538000,9398.5,177616.9,387248,902486,99.9500,98.8000,94.7500,81.5500,25.6000,0.0000,118849.59,356.47
1540000,9414.0,171646.5,387096,902482,99.7500,98.5500,92.5000,78.8000,24.3500,0.0000,119146.22,360.40
1542000,9429.7,172532.8,387180,902467,99.9500,98.5500,93.5000,79.1500,24.3500,0.0000,119150.10,358.40
1544000,9445.3,173672.0,387084,902462,99.8000,98.4000,94.0500,80.1500,24.4000,0.0000,119242.68,358.84
1546000,9461.2,175809.7,387384,902450,99.6500,98.4500,93.9500,80.8000,25.0500,0.0000,119296.18,359.94
1548000,9476.6,171616.3,386816,902464,99.9000,98.5500,93.6500,79.9000,22.7500,0.0000,119330.72,360.61
1550000,9492.3,174125.1,411600,902455,99.9000,98.5500,93.8000,80.8500,23.4500,0.0000,119588.87,358.60
1552000,9508.2,177922.2,513424,902462,100.0000,98.7500,94.2500,81.3000,25.8000,0.0500,119298.83,358.37
1554000,9523.7,174497.3,386312,902474,99.8500,98.4500,92.7000,79.8500,24.1500,0.0000,119557.55,355.35
1556000,9539.5,176585.8,385396,902485,99.8000,98.7000,94.5000,81.1000,24.8500,0.0000,119330.47,360.23
1558000,9555.0,171966.1,387128,902485,99.8500,98.3000,93.4500,80.0500,22.7500,0.0000,119811.91,358.20
1560000,9570.3,172896.6,384492,902501,99.9000,98.4000,93.7000,80.7500,24.1000,0.0000,119873.33,358.95
1562000,9586.0,176131.4,387380,902509,99.8500,98.6000,93.7000,81.1500,25.3000,0.0000,119703.02,358.93
1564000,9601.5,172768.5,386908,902513,99.8000,98.2500,93.3500,79.6500,23.5000,0.0000,119843.58,358.35
1566000,9616.3,168655.0,386520,902555,99.8000,98.1500,93.1000,79.0000,21.1000,0.0000,120331.68,356.62
1568000,9631.4,171177.7,386960,902592,99.8500,98.9000,94.3000,80.8000,21.0000,0.0000,120077.82,361.13
1570000,9646.5,171250.0,385380,902619,99.9000,98.9000,93.7500,79.9500,22.3500,0.0000,120180.32,359.56
1572000,9662.0,173207.0,407136,902629,99.9000,99.0000,94.5000,80.4500,22.8500,0.0000,120169.25,359.28
1574000,9677.9,169922.1,387316,902571,99.8500,98.0000,92.9000,78.6000,22.6000,0.0000,120356.61,358.98
1576000,9693.3,174014.0,386984,902587,99.7500,98.9000,94.3500,80.8500,24.1500,0.0000,120204.15,362.61
1578000,9708.9,173574.7,387072,902598,99.8500,98.7500,94.9000,83.0000,21.5500,0.0000,120624.60,357.10
1580000,9724.1,171882.2,387132,902621,99.7000,98.2500,93.0000,79.7000,22.9500,0.0000,120218.39,362.47
1582000,9739.7,174840.7,386492,902626,99.8500,98.7000,94.6500,81.0500,24.0500,0.0000,120247.30,359.50
1584000,9755.4,172465.4,386760,902613,100.0000,99.1000,94.1500,80.7000,22.9000,0.0000,120716.93,358.60
1586000,9771.3,174709.1,387564,902592,99.9000,98.4000,94.0000,81.6500,23.2000,0.0000,120654.73,357.24
1588000,9787.0,174126.7,386088,902591,99.8500,98.6500,94.6000,81.3000,23.4000,0.0000,120543.10,359.50
1590000,9802.4,172110.8,387356,902596,99.7500,98.2000,94.0000,80.4000,22.5000,0.0000,120915.33,358.02
1592000,9817.9,172918.3,387104,902603,99.9000,98.6500,94.0000,79.9500,23.2500,0.0000,120852.59,356.92
1594000,9833.5,174286.6,387160,902613,99.9500,98.9000,94.6500,80.5000,23.5000,0.0000,121166.83,355.09
1596000,9849.1,175310.0,489708,902626,99.7000,97.9500,94.3000,81.6500,23.5500,0.0500,120964.42,355.78
1598000,9864.8,175280.1,386988,902630,99.9000,98.8000,93.6000,81.1500,24.2500,0.0000,120842.40,360.35
1600000,9880.6,174843.0,411012,902621,99.8500,98.8000,94.5000,81.0500,24.3000,0.0000,121198.17,355.76
1602000,9895.9,174190.7,387148,902652,99.9000,98.6500,93.7000,80.3500,24.1500,0.0000,121091.67,358.90
1604000,9911.5,176086.7,451964,902665,99.8500,98.6500,94.6500,80.5500,25.1000,0.0000,120999.63,360.92
1606000,9926.9,173616.8,383272,902690,99.8500,98.4500,94.0000,80.2000,23.6500,0.0000,121502.62,357.49
1608000,9942.9,178293.2,388524,902686,99.7000,98.6500,94.2000,81.7000,26.2000,0.0000,120953.63,359.88
1610000,9958.5,173630.7,387048,902686,99.8000,98.7000,93.4000,79.9500,23.5500,0.0000,121346.54,359.15
1612000,9974.1,175011.6,385496,902692,99.8500,98.4500,94.4000,81.7500,23.6500,0.0000,121695.77,357.32
1614000,9989.9,175220.6,387108,902690,99.8500,98.7000,94.6500,81.1000,23.8500,0.0000,121348.40,359.15
1616000,10005.6,175724.6,422480,902699,99.8500,98.6500,94.1000,80.8500,24.7000,0.0000,121581.65,355.71
1618000,10021.4,175585.9,385904,902695,99.8500,98.7500,94.6500,81.7500,24.0000,0.0000,121815.35,358.58
1620000,10037.3,178666.6,386564,902705,99.8500,98.6000,94.6500,82.3500,25.7500,0.0000,121280.00,358.96
1622000,10052.9,175513.7,386960,902717,99.8000,98.4000,94.4500,80.6500,24.6500,0.0000,121777.07,360.40
1624000,10068.4,177206.9,386804,902751,99.9500,99.0000,94.8000,82.0000,24.2000,0.0000,121629.98,360.90
1626000,10083.8,174432.1,390948,902774,99.9500,99.0000,94.5000,80.7500,23.3500,0.0000,122127.64,358.80
1628000,10099.3,174583.8,389560,902795,99.9000,98.9000,94.6500,80.6500,23.8000,0.0000,122144.57,357.36
1630000,10115.3,178183.5,387304,902792,99.8000,98.5000,94.2000,80.4000,26.4500,0.0000,121883.44,356.29
1632000,10131.0,175174.2,478352,902791,99.9000,98.7500,94.4500,81.0000,23.5000,0.0500,122021.80,358.15
1634000,10146.8,176816.3,385744,902802,99.8500,98.7000,93.6500,81.1500,25.1000,0.0000,122090.66,356.49
1636000,10162.5,175339.8,385684,902802,99.8000,98.6000,93.8000,80.0000,24.6000,0.0000,122143.83,359.12
1638000,10177.7,173703.5,487472,902837,99.9500,98.7500,95.0500,81.3000,23.4500,0.0500,122532.33,357.80
1640000,10193.5,176153.1,499164,902842,99.6000,98.5000,95.4000,83.8000,23.3500,0.0500,122702.49,357.27
1642000,10209.3,177988.5,387320,902851,99.6500,98.5000,94.4000,81.9000,25.7500,0.0000,122293.12,358.64
1644000,10225.3,178570.8,485060,902857,99.7500,98.9000,94.4500,82.3000,25.2500,0.0500,122471.38,355.13
1646000,10241.0,177219.2,386256,902867,99.8500,98.3500,94.3500,81.2000,26.1000,0.0000,122359.60,361.48
1648000,10256.8,177734.2,386704,902881,99.9500,99.0000,95.0000,81.9000,24.8000,0.0000,122668.14,357.02
1650000,10272.5,176145.8,388028,902893,99.7500,98.5000,93.8000,81.4500,24.7500,0.0000,122636.33,358.09
1652000,10288.4,177676.7,399284,902897,99.8500,99.0000,94.6000,82.6000,24.7500,0.0000,122751.75,357.81
1654000,10304.4,176615.7,387096,902884,100.0000,98.7000,94.1500,80.5500,24.7000,0.0000,122978.97,355.78
1656000,10320.0,176115.2,516052,902900,99.7500,98.2500,94.2000,80.6500,25.1000,0.0500,122714.53,360.28
1658000,10335.6,176319.3,386728,902917,99.8500,98.7500,94.6500,81.6000,23.9000,0.0000,122961.00,358.58
1660000,10351.0,172525.0,514136,902924,99.8000,98.3000,93.9500,80.9500,22.8000,0.0500,123461.20,359.21
1662000,10366.9,176844.1,388536,902924,99.9000,98.3500,93.8500,80.7500,25.9500,0.0000,123143.66,358.25
1664000,10382.6,174095.7,386840,902914,99.9500,98.5500,94.2000,81.3500,23.3500,0.0000,123351.01,357.57
1666000,10398.9,180972.1,388532,902904,99.7500,98.7000,94.2000,81.2000,28.2000,0.0000,122758.81,361.06
1668000,10415.0,179241.3,387288,902901,99.9000,99.1500,94.8500,82.6000,24.7500,0.0000,123004.82,359.58
1670000,10431.1,178550.8,387788,902893,99.9000,98.4000,94.2000,82.1000,25.7000,0.0000,123348.80,356.86
1672000,10446.7,175760.9,386592,902904,99.9000,98.1000,93.6000,80.1500,24.9500,0.0000,123815.34,354.54
1674000,10462.8,175971.1,386640,902885,99.7500,98.8500,94.7500,81.6500,24.4500,0.0000,123617.16,357.89
1676000,10478.6,176565.9,387048,902886,99.9000,98.5000,93.5500,80.8000,24.8500,0.0000,123134.96,360.90
1678000,10494.5,178760.1,387236,902891,99.9000,99.0500,93.7000,81.3000,26.1500,0.0000,123480.21,357.74
1680000,10510.7,179746.7,387060,902884,99.8500,98.9500,94.7500,82.8000,26.0000,0.0000,123575.01,357.94
1682000,10526.9,179271.8,421888,902875,99.8500,98.4500,95.0500,82.3000,26.0000,0.0000,123716.76,357.43
1684000,10542.9,178173.1,488716,902869,99.9000,98.7000,94.4500,81.1500,25.9000,0.1000,123818.31,357.33
1686000,10558.9,178412.1,388700,902861,100.0000,99.0500,95.4500,82.4000,25.3000,0.0000,123973.86,355.15
1688000,10574.9,173925.5,439500,902828,99.9000,98.3000,93.0000,79.8000,24.5500,0.0000,124089.49,361.71
1690000,10590.8,176038.6,387116,902824,99.9000,98.4500,93.8500,80.3000,25.4000,0.0000,124076.80,362.21
1692000,10606.7,177227.1,387128,902821,99.8000,98.1500,92.9000,80.6500,26.1500,0.0000,123923.61,360.86
1694000,10622.7,177250.7,389488,902812,99.7000,98.5500,94.3000,80.6500,25.8000,0.0000,123967.66,363.17
1696000,10638.6,177106.7,407128,902805,99.9000,98.6000,94.2500,80.9500,25.0000,0.0000,124100.64,358.68
1698000,10654.8,180243.6,387388,902798,99.6500,98.5500,94.5000,82.2000,27.1000,0.0000,123859.54,362.68
1700000,10671.1,180810.0,387204,902788,99.9000,98.7500,94.3500,82.3000,27.3500,0.0000,124035.13,357.66
1702000,10687.0,175995.8,489120,902776,99.9500,98.6000,93.3500,80.2500,25.5500,0.0500,124446.58,357.36
1704000,10703.5,180076.4,411392,902751,99.9000,98.7000,94.1500,81.7500,26.8000,0.0000,124152.17,360.74
1706000,10719.7,180039.6,387156,902736,99.9000,98.4500,94.4000,82.4000,26.7000,0.0000,124246.64,359.26
1708000,10736.1,181633.9,456976,902722,99.7000,98.5500,94.6000,82.2500,27.5000,0.0500,124319.84,359.83
1710000,10752.3,179517.3,387040,902711,99.9000,98.6500,94.3500,82.1500,26.6000,0.0000,124645.40,359.31
1712000,10768.5,178691.0,410988,902697,99.7500,98.3000,94.0000,81.2500,26.4000,0.0000,124828.44,355.93
1714000,10784.5,177719.3,385004,902686,99.7500,98.2500,93.1500,80.8500,26.8500,0.0000,124520.46,362.05
1716000,10800.8,179955.4,386792,902673,99.8000,98.7500,94.6000,82.5500,26.3500,0.0000,124558.80,360.85
1718000,10817.3,181842.2,389112,902648,99.8500,98.6000,94.0000,82.1500,28.2500,0.0000,124622.91,360.61
1720000,10834.4,181322.2,384800,902578,99.7500,98.9000,95.0500,82.8500,27.4500,0.0000,124752.18,361.47
1722000,10850.9,181361.4,387128,902550,99.8000,98.6000,94.4000,81.1000,28.4500,0.0000,124492.24,360.78
1724000,10867.0,178902.8,387388,902539,99.7000,98.6500,93.9500,81.7500,26.5000,0.0000,124854.74,361.48
1726000,10883.1,178930.1,387108,902532,99.9000,98.7500,94.3000,81.3000,27.1500,0.0000,125042.55,358.44
1728000,10899.1,180274.0,387512,902545,99.9000,98.5000,93.7000,81.7500,27.7500,0.0000,125034.59,360.81
1730000,10915.3,178852.6,409212,902530,99.9000,98.4500,94.2500,82.0000,26.6500,0.0000,125080.31,360.16
1732000,10931.7,182477.4,387332,902518,99.6500,98.3500,94.4000,82.2000,28.4500,0.0000,125101.22,357.62
1734000,10947.8,179405.5,411220,902511,99.8500,98.8500,94.4000,81.3000,27.9000,0.0000,125555.41,359.54
1736000,10964.2,181801.9,387276,902502,99.9000,98.6000,94.5500,82.3000,27.5500,0.0000,125224.01,360.22
1738000,10980.4,179371.4,385540,902488,99.9500,98.7000,94.2500,80.9000,27.1500,0.0000,125120.09,363.06
1740000,10996.8,181585.7,389104,902479,99.8500,98.4000,94.1000,81.2000,28.5500,0.0000,125232.04,360.54
1742000,11013.0,179470.7,409376,902468,99.8000,98.5000,94.2500,81.0500,26.6000,0.0000,125471.05,359.61
1744000,11029.3,178335.1,469644,902439,99.9000,98.9000,94.3500,79.4500,26.9500,0.0500,125680.40,361.05
1746000,11045.4,178358.8,389400,902427,99.8500,98.5000,94.1000,80.4000,26.1000,0.0000,125690.27,360.23
1748000,11061.7,179653.9,387212,902413,99.8000,98.9500,94.4000,81.9000,27.2000,0.0000,125930.19,358.79
1750000,11077.8,179482.1,386716,902409,99.9500,98.6000,94.1000,81.3500,26.8000,0.0000,125476.97,363.77
1752000,11094.1,179776.7,386404,902395,99.8000,98.9500,94.3500,81.4500,27.0500,0.0000,125768.79,361.14
1754000,11110.4,180144.0,386656,902374,99.9500,98.1000,93.9000,81.5000,28.1000,0.0000,126097.22,357.23
1756000,11126.9,183167.2,470516,902362,99.9500,98.4500,94.4000,80.9500,29.7500,0.0500,125610.48,362.14
1758000,11143.3,182344.2,386644,902350,99.7000,98.1500,93.2500,81.0500,29.4000,0.0000,125545.63,363.25
1760000,11159.7,182306.3,410276,902343,99.8000,98.6500,94.3500,80.9000,29.2500,0.0000,125783.17,361.29
1762000,11175.9,179273.1,388672,902328,99.7500,98.7500,94.5500,80.7000,27.1500,0.0000,126166.59,362.82
1764000,11192.4,181995.0,389348,902311,99.9000,98.3500,94.6500,82.2500,28.2000,0.0000,126223.12,361.64
1766000,11208.9,184194.9,387072,902304,99.8000,98.9000,94.1000,82.5000,29.5000,0.0000,125950.04,362.47
1768000,11225.3,182041.1,408932,902291,99.9500,99.1500,94.4500,82.6500,27.5000,0.0000,126206.89,361.26
1770000,11241.5,178914.5,509692,902278,99.8500,98.0000,94.4000,80.6000,26.4000,0.0500,126259.62,361.83
1772000,11257.7,179472.9,389096,902269,99.9000,98.7500,94.1500,79.9500,27.9500,0.0000,126543.69,361.05
1774000,11274.2,181759.3,387312,902249,99.6500,98.8000,94.4500,81.6500,28.1500,0.0000,126610.77,360.13
1776000,11290.4,180167.9,418124,902237,99.8000,98.4500,94.1000,81.9000,27.6000,0.0000,126649.05,361.51
1778000,11306.8,182529.8,386660,902231,99.8500,98.9000,94.7500,83.5000,27.7000,0.0000,126648.37,359.35
1780000,11323.4,181531.8,383884,902206,99.7000,98.6500,94.2000,82.0500,28.2500,0.0000,126599.16,361.37
1782000,11339.8,182718.0,386960,902193,99.8500,98.7000,95.0000,82.3000,28.2000,0.0000,126646.23,360.33
1784000,11356.1,181867.7,389048,902191,99.9500,98.9000,94.3500,82.1000,28.3500,0.0000,126827.45,359.86
1786000,11371.9,177743.0,387052,902204,99.6500,98.2000,93.0000,80.7000,26.7500,0.0000,126997.08,362.75
1788000,11388.4,182943.2,469964,902191,99.8500,98.6500,94.6500,82.3000,28.9500,0.0500,126863.21,363.16
1790000,11404.7,182545.1,387348,902186,99.9500,98.7500,94.3000,81.4000,28.9500,0.0000,126853.87,362.41
1792000,11421.2,183979.3,397788,902179,99.7000,98.6500,94.4000,83.1000,29.1000,0.0000,126858.96,362.58
1794000,11437.6,181315.8,387096,902165,99.8500,98.4500,93.8500,81.7500,28.2000,0.0000,127025.97,361.93
1796000,11454.5,187120.3,506276,902143,99.8500,98.7000,94.3500,82.1000,31.3000,0.1000,126759.49,362.38
1798000,11471.1,184237.4,386840,902130,99.6500,98.1500,93.1000,81.9000,29.9000,0.0000,126875.75,362.57
1800000,11487.6,182293.0,388488,902112,99.7000,98.5000,94.0000,82.0500,29.0500,0.0000,127155.76,361.75
1802000,11504.3,184229.8,387272,902093,99.9000,98.4500,94.1500,82.1500,28.9500,0.0000,127219.71,361.99
1804000,11520.8,183266.1,387060,902083,99.9000,98.8000,94.8000,81.9500,29.1500,0.0000,127128.43,365.63
1806000,11537.5,184840.2,420500,902066,99.7000,98.9500,94.5000,83.5000,29.6500,0.0000,127316.80,363.99
1808000,11554.1,183534.2,387092,902048,99.8500,98.4500,95.0000,83.3000,28.4000,0.0000,127311.39,366.14
1810000,11570.5,183472.0,386428,902044,99.7000,98.4500,94.5500,80.4500,29.8000,0.0000,127311.76,364.79
1812000,11587.3,187090.8,401960,902033,99.9000,98.3500,94.7000,82.3500,30.9500,0.0000,127339.65,361.45
1814000,11603.9,184184.5,386564,902017,99.8500,98.6000,94.1500,81.8500,30.3500,0.0000,127678.29,361.81
1816000,11620.4,182403.4,404896,902007,99.9000,98.7000,95.1500,81.4500,28.6500,0.0000,127762.63,362.31
1818000,11636.8,183239.9,386588,901998,99.6000,98.1000,94.5000,82.4500,29.4000,0.0000,127723.62,364.79
1820000,11653.3,181869.5,528836,901980,99.9000,98.8500,95.0000,81.0500,29.0000,0.0500,127726.16,365.96
1822000,11669.8,185133.6,437756,901985,99.8500,98.8000,94.4000,82.6500,29.7000,0.0000,127524.47,362.40
1824000,11686.2,186556.2,387200,901999,99.9500,98.9000,94.5500,82.7000,31.0500,0.0000,127554.80,363.01
1826000,11702.5,182235.0,405304,901999,99.8000,98.7500,94.1000,80.8000,29.6000,0.0000,128138.90,360.12
1828000,11718.9,185978.4,438068,902011,99.7500,98.5000,94.6000,81.6000,31.1500,0.0000,128017.86,360.02
1830000,11734.9,180958.4,387012,902021,99.7500,98.4000,94.2000,81.6500,28.3500,0.0000,128320.78,364.96
1832000,11751.4,185129.9,386956,902020,99.7500,98.4500,93.9000,82.1500,30.3000,0.0000,128158.96,365.08
1834000,11768.0,185651.1,421312,902016,99.9000,98.6000,94.3500,81.9000,31.4000,0.0000,127958.08,365.38
1836000,11784.6,187248.5,387364,902022,99.7500,98.7000,94.7500,82.9000,30.5500,0.0000,127987.74,365.50
1838000,11801.2,186793.2,388652,902022,99.7500,98.4000,94.4500,82.3500,31.5500,0.0000,128250.28,364.68
1840000,11817.7,184723.1,387236,902017,99.9000,98.6500,94.3000,81.7000,30.4500,0.0000,128074.36,364.11
1842000,11834.3,185104.6,522332,902015,99.9500,98.5000,94.5500,82.0000,30.4500,0.0500,128384.78,362.43
1844000,11851.6,186563.6,431584,901956,99.7500,99.1000,94.7000,82.5000,31.6500,0.0000,128379.89,365.29
1846000,11868.4,186371.2,388676,901946,99.8500,98.9000,95.0000,82.8000,30.5000,0.0000,128313.99,363.80
1848000,11884.8,185149.2,386880,901947,99.7000,98.6000,94.2500,82.5500,30.6500,0.0000,128703.59,364.94
1850000,11901.4,185581.7,387112,901948,99.9000,98.4000,94.4000,82.7000,30.5000,0.0000,128634.71,365.22
1852000,11917.9,187140.1,408176,901956,99.9500,99.1000,94.5500,83.2000,31.2000,0.0000,128583.54,363.95
1854000,11934.3,184647.1,470720,901963,99.8500,98.3000,93.7000,81.8500,30.2000,0.0500,128866.04,361.60
1856000,11950.9,186481.7,436884,901961,99.9000,98.9000,94.9000,81.7000,31.5500,0.0000,128915.54,363.46
1858000,11967.8,186946.7,479652,901943,99.9500,98.6000,94.5000,82.6500,31.5000,0.0500,128811.56,364.14
1860000,11984.7,189902.5,410752,901939,99.7500,98.9500,95.1000,82.7000,32.8500,0.0000,128557.07,366.16
1862000,12001.6,188872.7,393184,901930,99.8500,98.9500,95.0000,84.0500,31.9500,0.0000,128642.89,366.43
1864000,12018.7,189875.8,386988,901914,99.8500,98.6000,94.6000,83.2000,33.5000,0.0000,128897.40,366.05
1866000,12035.9,185748.5,387144,901863,99.8500,98.2000,93.8000,80.9500,32.0500,0.0000,129066.40,363.02
1868000,12052.6,185207.3,490804,901848,99.7500,98.4500,94.3000,82.7500,30.5500,0.1000,129321.63,363.22
1870000,12069.3,186279.1,411120,901841,99.7500,98.7500,94.2000,82.0500,30.9500,0.0000,129522.56,361.40
1872000,12085.8,184460.9,387252,901834,99.8500,98.5000,94.5000,81.0000,30.5000,0.0000,129524.00,364.19
1874000,12102.4,186278.7,513848,901833,99.8000,98.4500,93.6000,82.2000,30.9000,0.0500,129242.99,367.63
1876000,12119.2,188788.6,387476,901832,99.9000,98.5500,95.3500,83.0500,32.1000,0.0000,129333.04,365.14
1878000,12135.7,185685.7,507500,901831,99.7000,98.7000,94.1000,82.5500,30.4000,0.0500,129371.79,365.85
1880000,12152.4,188565.9,419264,901839,99.9000,98.7500,94.5000,82.6500,32.7000,0.0000,129328.37,366.96
1882000,12169.1,186713.5,407584,901835,99.6500,98.5500,94.1000,82.7500,30.7000,0.0000,129737.52,361.53
1884000,12185.8,187808.9,477628,901834,100.0000,99.0500,95.1000,83.5000,31.2000,0.0000,129580.67,366.19
1886000,12202.4,186060.9,387228,901832,99.8500,98.5000,94.4500,81.4000,31.1500,0.0000,129872.86,363.76
1888000,12219.4,189637.8,387248,901826,99.9500,99.0500,95.6000,83.1000,32.2000,0.0000,129817.61,361.50
1890000,12236.2,189382.1,389228,901825,99.9000,98.2500,93.9000,83.0500,33.6000,0.0000,129720.64,367.98
1892000,12252.8,185866.9,484440,901824,99.8500,98.5000,94.3500,82.0000,30.4000,0.0500,130089.44,361.68
1894000,12269.7,188807.2,387260,901815,99.9000,98.5000,94.5000,83.3500,32.4000,0.0000,129998.04,364.71
1896000,12286.5,188274.2,386580,901810,99.7500,99.0000,95.1500,83.4500,31.8000,0.0000,129909.80,365.65
1898000,12303.2,187197.4,387240,901804,99.9000,98.2500,94.8000,82.4500,31.7000,0.0000,129971.79,364.79
1900000,12320.1,191459.8,387140,901810,99.9000,98.6000,94.5500,83.4000,33.5000,0.0000,129878.68,363.77
1902000,12336.6,189412.1,422316,901834,99.9500,98.6000,93.9500,82.3500,33.8000,0.0000,129946.64,367.42
1904000,12353.5,189242.4,387344,901829,99.9000,98.7000,94.8500,83.7000,32.5000,0.0000,130442.13,361.72
1906000,12370.0,185595.2,410948,901829,99.7000,98.3500,94.3000,82.0500,30.6000,0.0000,130376.56,366.02
1908000,12386.8,187771.7,405652,901825,99.8000,98.6500,93.8500,82.5500,31.7000,0.0000,130387.11,362.88
1910000,12403.5,187713.2,388312,901821,99.8000,98.8500,95.3000,82.9500,31.5500,0.0000,130490.05,363.03
1912000,12420.5,189230.3,472868,901812,99.9000,98.9000,94.8000,83.4500,30.9000,0.0500,130491.50,363.19
1914000,12437.6,190911.8,411216,901800,99.9000,99.1000,94.5000,84.0000,33.0500,0.0000,130474.62,362.79
1916000,12454.4,186823.0,407288,901793,99.8000,98.9000,94.8000,82.7500,30.7000,0.0000,130629.37,366.94
1918000,12471.5,190101.9,430856,901777,99.8000,98.5000,95.5000,82.9000,32.9000,0.0000,130517.67,364.88
1920000,12488.2,187726.3,489516,901772,99.8000,99.0500,95.1500,82.3000,30.9000,0.0500,130776.92,367.49
1922000,12505.2,191083.4,387344,901770,99.7000,98.1000,94.8500,83.2000,33.4000,0.0000,130654.00,365.24
1924000,12522.2,192110.6,408924,901777,99.8000,98.9500,95.2000,83.8000,34.2500,0.0000,130704.96,366.71
1926000,12538.9,185514.7,531348,901762,99.8000,98.5500,94.3500,82.6500,29.9500,0.0500,131014.06,366.69
1928000,12555.9,189517.1,387124,901751,99.8500,98.3500,94.5000,83.7000,32.9000,0.0000,130951.16,364.35
1930000,12572.9,189812.2,498092,901746,99.9500,98.5000,94.4500,83.1000,31.9500,0.0000,130946.44,364.58
1932000,12589.7,187643.4,480020,901734,99.8000,99.1000,94.9000,82.7000,30.8500,0.0500,131197.42,366.53
1934000,12606.7,190142.1,387528,901727,99.9000,98.6500,94.0000,82.8000,33.5000,0.0000,131084.75,366.74
1936000,12623.5,187106.1,385096,901721,99.9000,98.5000,94.2500,82.4000,31.3500,0.0000,131250.63,367.82
1938000,12640.5,187869.1,387312,901700,99.8500,99.0000,95.9500,83.4000,30.8500,0.0000,131493.78,367.66
1940000,12657.2,189235.0,387424,901704,100.0000,98.6500,94.2000,83.2000,32.4000,0.0000,131245.94,367.18
1942000,12674.3,191443.9,436844,901699,99.8000,98.3000,94.0000,81.9500,34.2000,0.0000,130979.41,366.10
1944000,12691.0,188846.1,408788,901704,99.7000,98.5500,94.0000,81.9500,33.1000,0.0000,131474.08,367.11
1946000,12707.8,189382.6,467652,901708,99.8000,98.7500,95.3000,83.2500,31.4500,0.0500,131567.33,367.95
1948000,12724.4,186830.9,409820,901707,99.8500,98.6500,94.2000,81.7000,31.8500,0.0000,131610.44,369.18
1950000,12741.4,188922.7,408948,901691,99.8000,98.7000,94.8000,83.6000,31.5500,0.0000,131651.60,366.17
1952000,12758.5,190952.5,386800,901685,99.9500,98.8500,95.5500,83.9500,33.1500,0.0000,131547.84,368.44
1954000,12775.5,188110.4,387092,901664,99.7500,98.2000,94.1000,82.0500,32.7000,0.0000,131667.87,369.12
1956000,12792.9,193852.1,407636,901652,99.9500,98.6500,95.0000,83.9500,34.1000,0.0000,131538.17,366.57
1958000,12809.8,188752.1,387660,901637,99.9500,98.4500,94.1000,82.5000,32.5000,0.0000,132171.61,364.25
1960000,12826.7,188585.3,407576,901627,100.0000,98.9500,95.0000,83.4000,32.9500,0.0000,132077.04,368.29
1962000,12843.5,187356.8,387164,901617,99.7500,98.1500,93.7000,82.6000,32.0000,0.0000,132325.15,367.17
1964000,12860.6,188245.4,387900,901593,99.9000,98.5000,94.8500,83.9000,31.2000,0.0000,132065.31,368.28
1966000,12877.6,190663.8,528552,901588,99.9000,99.0000,94.9500,82.7000,33.3000,0.0500,131941.23,369.63
1968000,12894.4,188087.9,386880,901586,99.7500,98.7000,94.3000,82.0500,32.6500,0.0000,132155.63,369.04
1970000,12911.5,193087.1,387456,901584,99.8500,98.5000,95.2000,83.5000,35.3000,0.0000,131926.47,370.20
1972000,12928.2,186696.2,386628,901578,99.8000,98.7000,94.5000,82.1000,31.2500,0.0000,132325.81,370.25
1974000,12944.9,187544.3,409616,901574,99.7500,98.2000,92.9500,82.1500,31.9500,0.0000,132377.76,367.53
1976000,12961.9,191368.8,406292,901573,99.9500,98.4000,94.7000,83.0000,33.7000,0.0000,132313.00,366.86
1978000,12979.0,191594.4,387036,901569,99.7500,98.9000,95.4500,84.2500,32.3500,0.0000,132275.19,368.67
1980000,12996.0,191465.1,435512,901568,99.8500,98.9000,95.7500,84.0000,32.5000,0.0000,132576.00,367.08
1982000,13013.2,192394.7,486524,901564,100.0000,98.9000,95.2500,83.4500,33.9500,0.0500,132474.65,367.27
1984000,13030.2,190056.3,387632,901557,99.8000,98.8500,95.0000,82.5500,33.3000,0.0000,132728.54,367.65
1986000,13047.2,190385.9,410956,901550,99.9500,98.4500,94.4500,83.6000,33.1000,0.0000,132722.38,369.22
1988000,13064.1,189751.4,387428,901544,99.8000,98.5000,94.8000,83.2000,31.7500,0.0000,132726.21,368.68
1990000,13081.1,190972.9,409040,901541,99.9000,98.5500,94.1500,84.2000,32.6500,0.0000,132949.18,362.59
1992000,13098.1,190171.3,398272,901538,99.9000,98.6000,94.1000,82.7500,32.9000,0.0000,132897.76,367.62
1994000,13114.7,184852.5,436896,901530,99.8500,98.7500,94.0500,82.0500,30.0000,0.0000,133522.38,365.66
1996000,13131.8,191481.1,402544,901519,99.8500,98.3000,94.8000,84.6000,33.3500,0.0000,133047.43,368.41
1998000,13148.9,191241.0,386904,901516,99.8000,98.8500,95.5500,83.1500,33.0500,0.0000,133187.37,367.62
2000000,13165.7,189475.0,420400,901515,99.8500,98.7000,95.0000,83.3500,31.2000,0.0000,133105.42,370.78
2002000,13182.8,191711.5,387652,901509,99.9000,98.9000,95.4500,83.1500,33.6500,0.0000,133037.89,372.50
2004000,13199.9,191550.6,430532,901505,99.9000,98.4500,94.4500,83.1500,33.1500,0.0000,132972.86,370.65
2006000,13217.1,193169.5,485676,901501,99.9000,98.6500,95.0000,83.6000,34.1000,0.1000,133128.81,368.44
2008000,13234.3,194339.0,409584,901500,99.9500,98.5500,94.9500,83.6500,34.8000,0.0000,133245.57,366.95
2010000,13251.4,185474.3,411208,901461,99.8500,98.7000,94.4500,82.3500,30.8000,0.0000,133841.86,368.69
2012000,13268.4,190290.7,387284,901455,99.8500,98.5500,95.3000,83.2000,32.3500,0.0000,133673.20,365.72
2014000,13285.4,191667.4,389316,901456,99.9500,98.7000,94.7000,82.1500,34.2500,0.0000,133200.31,371.91
2016000,13302.6,192828.2,387732,901450,99.7000,98.5000,95.1000,84.5000,33.8000,0.0000,133499.71,369.61
2018000,13319.7,192066.4,387012,901448,99.8000,98.7000,94.6500,83.5500,33.3000,0.0000,133754.13,368.80
2020000,13336.9,193764.8,386472,901450,99.9500,98.8000,95.3500,83.3000,33.9500,0.0000,133682.15,364.95
2022000,13354.5,194732.8,411232,901425,99.7500,98.3500,95.3000,84.4500,34.2500,0.0000,133731.55,366.83
2024000,13371.8,192654.0,389588,901415,99.7500,98.5000,93.6000,82.5500,34.1500,0.0000,133689.36,368.03
2026000,13389.0,192488.5,387276,901407,99.8500,99.1000,95.4000,83.9500,33.3500,0.0000,133850.32,368.64
2028000,13406.1,190785.5,389236,901391,99.7000,98.8500,94.2500,83.4000,32.8500,0.0000,133926.73,370.29
2030000,13423.3,192376.2,387016,901389,99.9000,98.9500,94.8500,83.4500,33.3500,0.0000,133886.25,367.34
2032000,13440.6,193381.9,386812,901376,99.9000,98.8000,95.1000,82.5000,34.9500,0.0000,133830.20,371.25
2034000,13457.5,189958.6,464072,901373,99.8000,98.6000,94.4000,82.9000,32.1000,0.0500,133971.62,369.67
2036000,13474.5,191519.3,385484,901375,99.9000,98.4500,94.1500,82.8500,33.2500,0.0000,133744.86,373.79
2038000,13491.7,193151.0,389228,901375,99.8500,98.6500,94.9500,84.2000,33.8500,0.0000,134232.71,367.12
2040000,13508.9,194458.7,386788,901373,99.8000,98.7500,94.9000,84.0000,34.4000,0.0000,133971.34,368.84
2042000,13526.0,191180.1,387300,901366,99.8000,98.4000,94.4000,83.0000,33.9500,0.0000,134712.65,366.62
2044000,13543.2,194178.9,496172,901364,99.9000,98.7500,95.0500,83.0000,34.6000,0.1000,134120.50,372.90
2046000,13560.2,190550.2,387340,901364,99.8500,98.9000,94.9000,83.1500,32.8000,0.0000,134580.64,371.14
2048000,13577.3,192996.7,407160,901361,99.9000,98.3500,94.3500,83.0000,34.8500,0.0000,134498.74,369.37
2050000,13594.3,189381.6,402540,901352,99.6500,98.5000,94.1500,82.7500,32.7500,0.0000,134653.59,369.26
2052000,13611.2,188834.3,388236,901341,99.8500,98.4000,93.8500,81.9500,33.1500,0.0000,135041.67,367.17
2054000,13628.5,193025.1,409644,901329,99.9000,98.8000,94.4500,83.7500,34.1500,0.0000,134976.36,366.43
2056000,13645.7,192580.8,439724,901326,99.8000,98.2500,94.6000,82.6000,33.7500,0.0000,134389.70,373.04
2058000,13662.9,193852.0,513496,901328,99.7500,98.4000,94.3500,83.2000,34.5000,0.0500,134896.05,368.03
2060000,13680.2,194625.4,387268,901325,99.9500,98.3500,94.8500,83.5500,34.4500,0.0000,134565.99,369.83
2062000,13697.4,194084.8,485600,901319,99.8000,98.5500,95.0500,83.8500,34.6000,0.0500,135086.07,365.39
2064000,13714.7,193706.8,387216,901316,99.9500,98.9500,94.6000,83.3000,34.7000,0.0000,134809.43,369.93
2066000,13732.0,193718.9,410828,901307,99.7500,98.5500,94.2000,83.0000,35.4000,0.0000,134980.64,369.19
2068000,13749.1,192087.6,415856,901301,99.8000,98.8500,95.6000,83.1000,33.5000,0.0000,135346.11,367.97
2070000,13766.3,191431.0,441304,901292,99.8000,98.5500,95.0000,83.3000,32.8000,0.0000,135522.13,367.15
2072000,13783.4,193884.1,463368,901297,99.8500,98.9000,94.9500,83.2000,35.2000,0.0500,135095.07,373.88
2074000,13800.5,192690.0,387492,901295,99.7500,98.6000,93.9500,83.5000,34.0500,0.0000,135546.87,369.10
2076000,13817.6,191418.5,436204,901292,99.9500,98.5500,94.5000,83.1000,33.2000,0.0000,135412.75,372.46
2078000,13834.8,194582.9,388520,901291,99.7500,98.5500,95.1000,83.5000,35.7000,0.0000,135551.21,368.30
2080000,13852.1,195036.1,417932,901288,99.8000,98.4000,94.1000,83.6500,35.4500,0.0000,135411.69,369.75
2082000,13869.5,195579.5,500432,901286,99.9000,98.6500,94.7000,83.7000,35.3000,0.0500,135373.49,371.92
2084000,13886.6,192465.9,486064,901284,99.9500,98.7500,95.0500,82.4000,33.8000,0.0500,135559.76,370.85
2086000,13903.5,190196.6,404816,901286,99.8500,98.6000,95.1000,83.1000,31.7000,0.0000,135720.94,373.73
2088000,13920.8,195399.5,507980,901288,99.9500,99.0000,96.1000,84.0000,34.3000,0.0500,135451.25,373.29
2090000,13938.0,194283.7,507968,901289,99.7000,98.4000,94.7500,84.7500,33.5000,0.0500,135694.82,370.37
2092000,13955.2,194863.6,387236,901293,99.9500,98.8000,94.6500,83.0000,35.9000,0.0000,135856.30,369.93
2094000,13972.6,196137.5,388992,901294,99.9000,99.1500,95.9500,84.4500,34.8000,0.0000,135858.33,370.80
2096000,13989.6,192373.2,388584,901298,99.9000,98.5000,94.7500,82.5000,34.3000,0.0000,136268.58,369.95
2098000,14006.5,190032.8,488896,901294,99.8500,98.6500,95.0000,83.2000,31.8000,0.0500,136087.12,373.37
2100000,14023.9,196303.4,410800,901293,99.9500,98.6000,94.4000,84.1500,35.7500,0.0000,135922.42,368.22
2102000,14041.0,193239.3,387628,901296,99.7500,98.3500,94.6000,82.9000,34.8500,0.0000,136161.87,373.95
2104000,14058.4,196612.2,526252,901295,99.9000,99.1000,95.7000,84.2500,35.8000,0.0500,136141.43,368.48
2106000,14075.6,193812.2,426796,901293,99.5500,98.5500,94.9000,83.6500,34.3500,0.0000,136210.80,370.62
2108000,14092.6,194933.6,387404,901314,99.8000,98.8000,95.3000,83.8000,35.1000,0.0000,136083.92,373.18
2110000,14109.9,196203.6,489152,901319,99.9000,98.5500,95.1000,84.8000,34.4500,0.0500,136143.02,371.82
2112000,14127.0,193466.5,387332,901321,99.8500,98.0000,93.8000,83.4500,34.8000,0.0000,136592.94,369.26
2114000,14144.3,196159.3,471900,901324,99.9000,98.6500,95.3000,83.6000,35.5500,0.0500,136359.74,369.66
2116000,14161.6,196204.8,522772,901328,99.7000,99.1000,95.5000,84.3000,34.9000,0.0500,136066.83,373.36
2118000,14179.2,197843.8,387452,901327,99.9000,98.7500,94.9000,84.4000,36.3500,0.0000,136401.67,373.67
2120000,14196.6,196792.9,387124,901329,99.9000,98.6000,95.0500,84.5000,35.6000,0.0000,136581.55,371.73
2122000,14213.8,195592.2,510028,901335,99.8000,98.7000,94.9500,84.2000,35.1500,0.0500,136774.59,370.38
2124000,14231.0,194986.2,387388,901342,99.7000,98.0000,95.1000,83.4000,34.8500,0.0000,136637.02,372.00
2126000,14248.3,195258.9,387568,901341,99.8000,98.5000,94.7000,84.4500,35.0500,0.0000,137019.96,371.38
2128000,14265.3,195153.8,386616,901358,99.8500,98.8000,95.2000,84.9000,34.5500,0.0000,137009.37,369.72
2130000,14282.3,194575.6,540552,901374,100.0000,98.6500,94.9000,84.7000,34.1000,0.0500,137126.77,373.39
2132000,14299.6,197611.8,387404,901382,99.8000,98.8500,95.1500,84.2500,36.6500,0.0000,136881.86,372.24
2134000,14316.9,194728.3,537008,901382,99.9000,98.8500,95.1000,83.9500,34.9500,0.0500,136961.25,375.87
2136000,14334.1,194272.2,480564,901383,99.7500,98.4500,94.5500,82.5000,35.5500,0.0500,137249.39,370.05
2138000,14351.6,197549.6,402816,901382,99.8500,99.0000,95.4000,85.6000,35.2000,0.0000,137058.08,371.44
2140000,14368.9,196353.9,387248,901387,99.7000,98.5500,94.4000,82.9500,36.7000,0.0000,137135.64,372.70
2142000,14386.2,196430.4,498248,901389,99.9000,98.5500,95.4000,84.1000,34.9500,0.0500,137216.48,373.05
2144000,14403.4,193720.4,439620,901386,99.8500,98.9500,94.7000,82.7500,34.5000,0.0000,137417.02,371.25
2146000,14421.1,199778.7,436080,901386,99.8000,98.8000,94.3000,84.2000,36.9500,0.0000,136884.34,374.72
2148000,14438.5,197245.6,387092,901391,99.8000,98.3500,94.4500,84.0500,35.9500,0.0000,137238.68,372.72
2150000,14455.9,198003.9,429280,901397,99.9500,98.4500,95.1500,84.7500,37.0500,0.0000,137490.56,371.78
2152000,14473.6,195337.6,403012,901372,99.8500,99.0500,95.8500,83.7000,33.9000,0.0000,137551.67,373.68
2154000,14491.2,200820.2,419516,901379,99.9500,98.8500,94.9000,83.4500,37.9500,0.0000,136896.82,376.41
2156000,14508.6,197724.8,479340,901387,99.8000,97.9500,94.4000,84.3500,36.3000,0.0500,137621.38,373.19
2158000,14525.8,195079.7,395816,901391,99.8000,98.4000,93.8500,83.6500,35.2000,0.0000,137608.16,375.22
2160000,14543.2,196895.9,408772,901394,99.9500,98.7000,95.0000,84.5000,34.9000,0.0000,137601.26,373.25
2162000,14560.5,196859.5,411012,901400,99.8000,98.3500,94.6000,83.5500,36.1000,0.0000,137696.16,373.77
2164000,14578.0,201362.1,412620,901417,99.9500,99.3500,96.1500,86.0000,36.8000,0.0000,137844.64,369.52
2166000,14595.2,195154.6,402136,901421,99.8000,98.3500,94.1000,82.8000,35.4500,0.0000,138094.15,371.08
2168000,14612.7,198813.8,478856,901425,99.9500,99.0500,95.5500,85.3000,36.9000,0.1500,137854.21,374.49
2170000,14630.3,196595.9,493276,901417,99.9000,98.9000,95.4000,84.7500,35.0500,0.0500,138086.01,373.57
2172000,14648.0,196385.8,409000,901397,99.9000,98.9500,94.7000,84.3500,35.1500,0.0000,138191.62,373.17
2174000,14665.7,200555.3,512948,901395,99.9000,98.7000,95.5500,85.3000,36.7000,0.1500,137793.44,372.91
2176000,14683.2,196777.2,557772,901391,99.9500,98.9000,95.4000,85.3000,35.2500,0.0500,138328.30,375.96
2178000,14700.5,194601.8,393556,901387,99.9000,98.5000,94.3500,83.1500,35.1500,0.0000,138287.49,376.25
2180000,14718.1,198216.7,474212,901385,99.9000,98.7500,95.6500,84.9000,36.2500,0.0500,138241.21,376.47
2182000,14735.6,197768.7,557540,901387,99.5500,97.9500,94.2000,83.8500,35.6000,0.0500,137999.73,376.14
2184000,14753.0,197509.5,481752,901391,99.8500,98.5000,94.6500,84.2000,36.5000,0.1000,138360.05,373.91
2186000,14770.6,196571.7,487940,901376,99.8000,98.4500,94.9000,82.4000,35.6000,0.0500,138282.21,378.53
2188000,14788.3,197989.1,387204,901362,99.9500,98.4000,95.0500,85.2000,36.2000,0.0000,138635.54,373.52
2190000,14806.3,199721.3,492136,901340,99.8500,98.8500,95.4500,83.8500,36.8000,0.0500,138471.19,373.75
2192000,14824.4,200196.7,420720,901318,99.9000,98.6000,95.3000,85.2000,37.5500,0.0000,138373.49,375.49
2194000,14842.4,197857.4,468992,901285,99.8000,98.6500,94.9000,84.0000,36.6000,0.0500,138477.60,378.54
2196000,14860.4,203626.6,489956,901286,99.8000,99.0000,96.0500,85.4500,38.6500,0.0500,138326.42,375.67
2198000,14878.1,197251.6,426040,901271,99.8000,98.4000,94.4000,84.1500,36.2500,0.0000,138684.05,377.00
2200000,14895.8,199545.4,512296,901268,99.7500,98.7500,95.3000,85.2500,36.7000,0.0500,138768.50,375.71
2202000,14913.4,197022.0,387164,901257,99.9000,98.3000,94.6500,83.5000,35.9000,0.0000,138910.24,374.85
2204000,14931.3,199815.5,537088,901240,99.9500,98.9000,94.6000,83.7000,37.5000,0.0500,138640.19,377.18
2206000,14948.7,196316.4,515392,901237,99.9500,98.7500,95.1500,83.8000,36.0000,0.0500,139253.99,374.06
2208000,14966.2,195433.5,387128,901226,99.8000,98.7500,95.3500,82.5500,35.3000,0.0000,139242.46,377.17
2210000,14984.2,199910.2,387204,901209,99.9500,98.6000,94.8500,84.6000,36.8500,0.0000,139101.83,372.70
2212000,15001.6,196548.4,522640,901204,99.9000,98.9000,94.8500,83.8000,35.9000,0.0500,139506.07,373.84
2214000,15019.4,198349.9,387848,901194,99.7000,98.7000,95.0500,83.8500,36.7500,0.0000,139213.98,376.50
2216000,15036.9,197324.8,470236,901191,99.8000,98.9000,94.8500,83.5000,36.4000,0.0500,139381.77,376.92
2218000,15054.4,197390.1,388400,901185,99.7500,98.4500,94.5000,83.8000,36.3500,0.0000,139487.81,373.98
2220000,15071.9,197938.5,503028,901184,99.9000,98.8500,95.2000,83.9000,36.8000,0.1000,139378.56,375.01
2222000,15089.5,199197.1,484752,901183,99.8500,98.9000,95.6500,84.4500,36.5000,0.0500,139568.00,375.47
2224000,15107.2,199560.2,387856,901181,100.0000,98.7000,94.7000,83.5000,37.1000,0.0000,139367.25,373.39
2226000,15125.0,199772.2,500816,901174,99.8000,98.7000,94.8000,83.9000,37.7000,0.0500,139560.68,373.93
2228000,15142.5,198119.6,458744,901172,99.7500,98.7000,95.4000,85.0500,36.0500,0.0500,139849.85,374.87
2230000,15160.1,198069.8,406216,901167,99.9000,98.4000,94.4000,83.1000,37.3000,0.0000,139413.53,378.85
2232000,15177.6,198912.2,503316,901175,99.8500,99.0500,95.5000,85.2000,36.4500,0.0500,139627.28,378.93
2234000,15195.2,197272.6,524356,901166,99.9000,98.4500,94.5500,84.9500,35.7500,0.0500,139895.81,376.94
2236000,15212.9,199662.8,416876,901165,99.8000,98.9000,95.4500,84.1500,37.4500,0.0000,139833.31,377.29
2238000,15230.3,196468.1,387428,901158,99.8500,98.8500,94.5500,83.8000,36.2000,0.0000,140069.25,377.63
2240000,15248.3,202485.2,387084,901156,99.7500,98.8500,96.0500,85.9500,37.5000,0.0000,139734.10,376.23
2242000,15265.9,199132.0,387240,901155,99.8500,98.5500,95.4000,84.8000,37.2000,0.0000,140198.91,374.97
2244000,15283.5,197937.5,525800,901149,99.9500,98.7000,95.0000,84.0500,36.6500,0.1000,140074.63,379.69
2246000,15301.2,199834.5,386224,901142,99.6000,98.0500,94.0500,83.1500,38.4000,0.0000,139916.75,377.97
2248000,15319.1,202853.9,388268,901142,99.9000,99.0500,96.2000,85.0000,38.4000,0.0000,140327.76,372.04
2250000,15336.7,198414.7,428576,901137,99.9000,98.5000,94.9000,84.8500,36.1000,0.0000,140334.57,376.53
2252000,15354.4,198902.1,477892,901134,99.8500,98.6500,95.4000,84.4000,37.8000,0.0500,140501.44,374.53
2254000,15372.0,199455.9,485640,901133,99.7000,98.4500,95.0500,85.0000,36.5500,0.0500,140167.77,377.48
2256000,15389.5,197159.5,439464,901129,99.9000,98.7000,95.2000,84.0000,36.3500,0.0000,140482.13,381.49
2258000,15407.3,200313.8,401380,901127,99.9500,99.1000,95.8000,85.3500,37.4500,0.0000,140554.65,378.35
2260000,15425.0,199427.0,468480,901122,99.9500,99.0500,94.3500,84.3000,37.2500,0.0500,140396.14,377.01
2262000,15442.9,201632.9,402160,901117,99.8500,98.8000,95.3500,84.8500,37.7500,0.0000,140412.63,376.85
2264000,15460.4,197686.5,438932,901112,99.9500,98.8500,95.3000,84.2000,36.3000,0.0000,140638.97,378.34
2266000,15477.9,197347.3,486352,901112,99.8000,98.5000,95.1500,83.5000,37.0500,0.0500,140964.14,377.76
2268000,15495.7,203196.0,409788,901115,99.8000,98.0500,94.5000,85.2000,39.4500,0.0000,140354.92,378.84
2270000,15513.2,196436.3,417956,901112,99.9000,98.3500,94.5000,83.6000,35.7500,0.0000,141009.75,377.26
2272000,15530.8,197430.1,475220,901101,99.9500,98.5500,95.2500,83.4500,36.0000,0.0500,140852.15,377.41
2274000,15548.6,201342.1,387312,901099,99.9000,98.6500,95.2000,84.1500,37.9000,0.0000,140638.01,374.66
2276000,15566.3,199711.4,389776,901100,99.9000,99.0000,95.4000,83.2000,37.7000,0.0000,140842.24,379.45
2278000,15583.9,198918.1,402360,901096,99.9000,98.7000,95.1000,84.2500,36.9000,0.0000,140933.04,379.49
2280000,15601.7,201786.9,421892,901096,99.7500,98.6000,95.0000,84.8500,37.9500,0.0000,140887.97,378.89
2282000,15619.6,202358.9,428860,901094,99.9000,98.9000,95.5500,85.0000,37.9000,0.0000,141085.30,377.89
2284000,15637.2,199218.9,514864,901095,99.8500,98.8000,95.0500,85.0000,36.0000,0.0500,141385.54,376.61
2286000,15654.9,200088.4,388048,901093,99.7500,98.6500,94.9000,84.7000,37.4500,0.0000,141327.77,375.95
2288000,15673.1,198369.3,420976,901060,99.9000,98.7000,95.0000,83.5500,36.0500,0.0000,141257.14,377.96
2290000,15691.2,203397.8,418940,901052,99.8500,98.9000,95.6000,85.3000,38.5500,0.0000,141125.85,379.03
2292000,15709.1,201629.2,405900,901044,99.6000,98.5000,95.1500,85.1500,37.5500,0.0000,141105.31,378.91
2294000,15726.9,200936.7,387092,901042,99.8000,98.7000,95.4000,85.0000,38.1000,0.0000,141397.34,378.61
2296000,15744.7,200432.2,439712,901038,99.8500,98.8000,95.7000,84.3000,36.8000,0.0000,141443.58,375.37
2298000,15762.7,203623.5,411308,901035,99.9000,98.9000,95.6500,84.9000,38.3500,0.0000,141387.03,377.65
2300000,15780.2,197503.2,388072,901033,99.8500,98.5500,94.7500,83.1500,36.6500,0.0000,141527.71,379.34
2302000,15797.8,199509.5,411312,901034,99.9000,98.8000,95.4500,84.7000,37.0500,0.0000,141880.92,374.86
2304000,15815.9,203717.2,387580,901026,99.7500,98.3000,96.0500,86.0500,38.2500,0.0000,141592.82,379.09
2306000,15833.3,195057.2,509012,901021,99.8000,98.5000,94.9000,83.0000,34.4000,0.0500,141988.42,380.47
2308000,15851.1,200345.4,411012,901018,99.7500,98.8500,95.1000,84.8000,36.9000,0.0000,141646.92,380.81
2310000,15869.3,205997.0,571464,901015,99.9500,98.9500,95.2500,85.2500,39.9000,0.1000,141508.87,379.94
2312000,15887.0,200985.3,388804,901016,99.9000,99.0000,95.0500,84.3500,38.0500,0.0000,142210.70,374.12
2314000,15904.6,201279.3,387140,901025,99.7500,98.7000,95.4500,85.2500,38.2000,0.0000,142034.75,379.90
2316000,15922.2,200511.4,511788,901031,99.9000,98.5000,95.4000,86.5500,36.1500,0.1000,142191.19,376.72
2318000,15939.8,201064.7,435980,901044,99.9000,99.1500,94.9500,83.7000,38.1000,0.0000,141952.02,379.42
2320000,15957.6,202514.8,388032,901043,99.9500,98.9500,95.9500,85.3500,37.9500,0.0000,142194.12,377.79
2322000,15975.2,201344.9,418956,901055,99.9500,98.9500,95.4000,83.5500,38.5500,0.0000,142331.05,375.71
2324000,15993.1,202189.9,455504,901054,99.9500,99.0500,95.6000,86.1000,38.1000,0.0000,142176.78,378.24
2326000,16010.8,200960.3,435196,901053,99.8500,98.5000,94.5500,83.8000,38.0500,0.0000,142213.04,376.78
2328000,16028.6,200975.3,530464,901049,99.7500,98.8500,95.0500,85.5000,37.7000,0.0500,142451.19,377.71
2330000,16046.5,203904.0,428688,901055,99.5000,98.2500,95.1000,85.3500,39.3500,0.0000,142171.93,380.76
2332000,16064.2,200614.9,524396,901059,99.9500,99.1000,95.7000,83.6500,37.5500,0.0500,142301.44,381.97
2334000,16081.8,201949.3,533028,901068,99.8000,98.4500,95.1500,84.3500,38.9000,0.1000,142715.43,378.45
2336000,16099.5,202209.7,406312,901075,99.9500,98.1500,94.9000,84.2000,38.7000,0.0000,142473.29,379.19
2338000,16117.5,202918.6,461268,901068,99.9000,98.8000,95.0000,84.9000,39.3500,0.0000,142582.40,380.18
2340000,16135.5,204263.1,387720,901071,99.7500,98.3000,94.9000,85.8500,39.1000,0.0000,142544.01,376.64
2342000,16153.3,201844.1,430756,901068,99.8500,98.7500,94.5000,84.3500,39.6000,0.0000,142736.26,381.10
2344000,16170.9,200225.4,420332,901071,99.9000,98.2000,94.7500,83.9000,37.7000,0.0000,142897.72,378.01
2346000,16189.0,203762.5,496392,901068,99.9000,98.4500,94.7000,85.0500,39.5500,0.0500,142692.74,380.73
2348000,16206.8,201143.6,522000,901064,99.8000,98.9000,95.5500,84.9000,36.3500,0.0500,142842.10,381.23
2350000,16224.8,204584.3,387892,901069,99.7500,98.8000,95.9000,86.1000,39.0500,0.0000,142827.62,380.64
2352000,16242.7,202678.1,469588,901068,99.9000,98.6500,94.8000,85.0500,38.7500,0.0500,143020.91,379.53
2354000,16260.2,207057.9,476404,901104,99.8500,98.7000,95.8500,85.9000,40.6500,0.0500,142996.42,374.02
2356000,16278.3,206028.6,406576,901107,99.9000,98.8000,95.3500,85.8000,40.0000,0.0000,142841.23,378.72
2358000,16296.3,203665.5,527144,901107,99.7500,98.8000,96.1000,86.0500,38.0000,0.1000,143498.39,377.01
2360000,16314.3,203406.2,457776,901103,99.8000,98.7000,95.1500,85.5500,38.7500,0.0500,143189.15,377.98
2362000,16332.1,203771.1,533488,901114,99.8500,98.7500,95.4500,85.7500,38.6000,0.1000,143106.62,378.66
2364000,16350.0,201021.8,410704,901103,99.9000,98.8000,95.3000,84.6000,37.8000,0.0000,143290.57,379.20
2366000,16367.5,202405.0,408212,901119,99.8500,98.9500,94.7000,84.3500,39.7000,0.0000,143741.47,375.86
2368000,16384.8,199182.0,534056,901137,99.9500,98.6000,94.9500,83.0500,36.6500,0.1000,143565.93,378.72
2370000,16402.4,200984.9,387612,901146,99.8000,98.4000,95.3500,84.3000,37.8000,0.0000,143614.61,379.03
2372000,16420.6,204309.2,415732,901139,99.9000,98.6000,95.5500,84.7000,39.4000,0.0000,143592.14,377.76
2374000,16438.4,204905.6,508492,901153,99.8500,99.3000,97.1000,85.4500,38.8000,0.0500,143452.21,380.18
2376000,16456.7,207422.5,532108,901149,99.8500,99.1000,95.8500,85.8500,40.1500,0.1000,143274.38,381.31
2378000,16474.9,205855.6,484332,901145,99.9500,99.2000,95.2500,85.7000,40.4000,0.0500,143777.48,376.58
2380000,16493.0,204523.9,387176,901141,99.8000,98.5000,94.6500,84.6000,39.8000,0.0000,143642.81,379.50
2382000,16510.8,202662.6,408108,901145,99.8500,98.9500,95.9500,85.3000,38.0000,0.0000,143848.57,378.02
2384000,16529.0,203946.3,412396,901136,99.8500,98.9000,96.0500,85.4000,38.4000,0.0000,144085.72,376.66
2386000,16547.1,206284.9,507656,901135,99.9000,98.4000,94.7500,85.4500,40.5000,0.1000,143621.71,380.59
2388000,16565.1,206459.7,411320,901147,100.0000,99.1500,96.7000,86.2000,39.8500,0.0000,143899.51,380.19
2390000,16583.0,202589.3,481712,901145,99.6000,98.4000,94.9000,83.4500,39.7000,0.1000,143948.39,381.14
2392000,16601.2,205657.4,387240,901137,99.9000,98.6000,95.4500,85.8000,39.9000,0.0000,144170.36,375.20
2394000,16619.0,202754.3,417196,901141,99.9500,98.7500,95.4000,85.1500,38.7000,0.0000,144246.97,381.65
2396000,16637.0,202909.5,416704,901135,99.9000,98.9500,94.6500,83.4500,39.6500,0.0000,143985.85,381.50
2398000,16654.5,204588.2,443084,901162,99.8500,98.6500,95.3500,84.4000,40.1000,0.0000,144054.80,380.22
2400000,16672.3,204913.5,529608,901179,99.8000,98.9000,95.6000,85.2500,39.5000,0.0500,144395.35,378.75
2402000,16690.4,206051.9,478220,901180,99.9000,98.2000,95.1000,84.9500,39.9500,0.0500,144186.72,377.56
2404000,16707.9,202610.2,389252,901200,99.9500,98.6000,95.5500,84.7500,38.4000,0.0000,144828.81,376.22
2406000,16726.0,207426.2,434616,901209,99.8000,98.5000,94.9000,85.0000,41.0500,0.0000,144183.13,379.68
2408000,16743.6,204072.8,397732,901227,99.9000,98.9000,95.2000,85.4000,38.9000,0.0000,144514.30,379.73
2410000,16762.4,212346.7,532584,901218,99.9000,99.0500,96.3000,87.6000,43.7500,0.0500,144280.79,378.43
2412000,16780.7,206380.0,387228,901212,99.8500,98.9000,94.9500,85.5500,40.7500,0.0000,144596.25,377.56
2414000,16798.9,206077.8,511676,901209,99.7500,98.6500,95.2500,85.9500,39.8500,0.1000,144775.82,376.07
2416000,16817.2,206217.0,477668,901203,99.8500,98.4500,95.3500,85.7500,39.9000,0.0500,144486.35,380.96
2418000,16835.5,205224.8,467544,901191,99.8000,98.2500,95.0500,84.4000,40.7500,0.0000,144701.44,378.34
2420000,16854.0,208739.1,387620,901181,100.0000,98.9000,95.6000,86.2500,41.4000,0.0000,144599.60,379.99
2422000,16872.8,213372.5,419700,901178,99.7500,98.8000,95.7000,86.7000,43.3000,0.0000,144378.29,377.16
2424000,16891.5,202710.9,491236,901134,99.8000,98.3000,95.0500,84.6000,38.5500,0.0500,145135.79,378.66
2426000,16910.0,211481.9,529008,901137,99.7500,98.8500,95.8000,86.2000,43.2500,0.0500,144774.38,377.40
2428000,16928.2,205649.9,387300,901130,99.9000,98.8000,95.2000,84.6000,40.9000,0.0000,145154.09,377.89
2430000,16946.4,206285.8,410456,901131,99.8500,98.4000,95.2000,85.0500,40.7000,0.0000,145340.93,374.45
2432000,16964.5,204714.8,411244,901124,99.9000,98.9000,95.9500,85.7000,39.2000,0.0000,145168.11,379.15
2434000,16982.5,205765.5,397048,901131,99.8000,98.5500,95.4000,85.3000,40.2000,0.0000,145302.91,380.19
2436000,17001.0,208457.3,492028,901125,99.8000,98.6000,95.0000,85.9500,41.0500,0.0500,145199.00,378.42
2438000,17019.4,209310.8,388544,901122,99.8500,98.6500,95.2000,84.9000,42.1500,0.0000,144879.79,379.65
2440000,17037.7,206372.4,439624,901115,99.9000,98.6500,94.7500,85.7000,40.5000,0.0000,145413.92,380.60
2442000,17056.2,210032.1,508832,901112,99.9000,98.8000,96.2000,86.4000,42.2500,0.1000,145323.11,379.22
2444000,17074.8,210374.0,402236,901106,100.0000,99.3000,96.6500,87.3000,41.9500,0.0000,145623.26,376.37
2446000,17092.8,206616.1,388260,901115,99.7500,98.2000,94.7500,84.4000,41.6500,0.0000,145532.51,377.31
2448000,17111.0,207378.6,388868,901119,99.9000,98.7500,95.7000,85.2500,41.8000,0.0000,145727.15,378.15
2450000,17129.2,207438.1,533324,901121,99.8500,98.6500,96.2500,86.2500,40.2000,0.0500,145779.25,378.34
2452000,17147.0,206331.1,475248,901138,99.9000,98.9000,95.4000,86.2000,40.0500,0.0000,145759.13,380.67
2454000,17165.4,208417.2,387724,901135,100.0000,98.9000,95.5500,85.4000,41.5500,0.0000,145783.20,379.51
2456000,17183.6,206740.7,530784,901132,99.8500,98.7000,95.2500,84.9000,41.4500,0.0500,145808.80,380.25
2458000,17201.8,205238.4,533252,901127,99.7500,99.1000,95.9500,85.0000,38.7500,0.1000,146079.80,379.75
2460000,17220.3,208465.2,460220,901120,99.8500,98.8000,95.9000,85.7000,40.9000,0.0500,146099.05,376.85
2462000,17238.8,209541.8,494452,901115,99.9000,99.2500,96.6500,87.1000,41.5500,0.0000,146082.56,379.20
2464000,17257.5,211733.3,410500,901111,99.9000,98.9000,96.0000,86.7500,43.1000,0.0000,145817.92,379.40
2466000,17276.1,211008.2,515180,901107,99.9000,99.1500,96.1500,86.7000,42.9000,0.0500,145901.82,378.39
2468000,17294.3,207429.6,418924,901109,99.7500,98.3000,95.4000,85.1000,41.0500,0.0000,145980.57,381.26
2470000,17312.7,210204.0,488884,901110,99.7500,98.6500,95.2500,85.5000,42.6500,0.0500,146130.45,376.87
2472000,17331.2,210508.8,407436,901110,99.8000,98.6500,95.5500,85.4000,41.6000,0.0000,145869.85,380.63
2474000,17349.6,209941.1,524372,901113,99.9000,98.5000,95.6500,85.5000,42.3000,0.1500,146219.96,376.96
2476000,17367.8,207230.1,483244,901113,100.0000,98.9000,94.9000,85.1500,40.9500,0.0500,146395.51,379.46
2478000,17386.3,209545.9,408452,901111,99.9000,99.2000,96.3000,87.1000,40.9500,0.0000,146442.32,379.05
2480000,17404.7,209145.1,437464,901111,99.9000,98.9000,96.2000,86.2000,41.3000,0.0000,146490.38,379.64
2482000,17423.2,210762.5,438020,901112,99.8500,98.9000,95.3000,85.3500,42.8000,0.0000,146492.31,377.20
2484000,17441.6,209445.5,387104,901112,99.8500,99.0000,95.0000,83.2000,43.2000,0.0000,146562.46,379.37
2486000,17460.0,209978.5,512944,901113,99.8500,98.8500,95.1500,85.9000,41.7500,0.0500,146569.66,378.03
2488000,17478.4,209986.3,512224,901114,99.9500,98.9000,95.2000,85.7000,42.5000,0.0500,146589.80,381.62
2490000,17496.7,208537.5,491872,901116,99.7000,98.7500,94.4000,83.5500,43.0000,0.1000,146606.31,378.54
2492000,17515.4,213676.1,479076,901120,99.9500,98.9500,95.1000,85.9500,43.1500,0.0500,146124.17,381.64
2494000,17534.0,211911.3,416984,901118,99.9500,99.1000,96.3500,86.7000,42.2000,0.0000,146639.14,378.22
2496000,17552.7,213242.3,557852,901118,99.9500,98.7500,95.6000,86.8000,43.5500,0.1500,146821.78,377.13
2498000,17571.4,212119.5,508976,901116,99.8000,98.9500,96.1000,86.3000,43.0000,0.0500,146872.01,379.12
2500000,17589.9,210535.6,387248,901115,99.9000,98.8000,95.9000,86.2500,41.8000,0.0000,147155.76,377.09
2502000,17608.2,207613.9,402392,901112,99.6000,98.7000,95.1000,84.8500,41.2000,0.0000,147276.19,378.44
2504000,17626.4,207757.1,387356,901114,99.9000,98.8500,95.3500,85.1000,41.2000,0.0000,147341.73,378.50
2506000,17644.9,210775.3,413848,901116,99.9500,99.0000,95.5500,86.2000,42.3500,0.0000,147171.75,380.29
2508000,17663.5,211828.1,387272,901118,99.8000,99.2500,95.7000,85.3000,42.6000,0.0000,147094.58,379.90
2510000,17681.8,209186.0,470452,901123,99.8500,99.2000,95.7000,86.6500,41.7000,0.1000,147594.39,379.86
2512000,17700.5,213580.6,387848,901121,99.9500,98.7500,96.1000,86.4000,43.7500,0.0000,147428.01,378.47
2514000,17719.1,211429.3,529420,901122,99.7000,99.1000,96.1000,87.2000,42.8000,0.0500,147840.79,375.96
2516000,17737.3,206390.9,509860,901118,99.8500,98.7500,96.0000,84.7000,40.2500,0.1000,147875.55,378.92
2518000,17755.7,207259.5,474404,901113,99.8500,98.9500,95.5000,85.0000,40.7500,0.0500,147624.88,379.71
2520000,17774.2,211596.5,389344,901114,99.9000,98.6500,96.1500,85.1500,43.2500,0.0000,147569.93,379.95
2522000,17792.9,213440.8,520316,901114,99.8500,98.8000,96.0500,86.8500,43.2000,0.1000,147656.03,378.35
2524000,17811.1,206605.6,533088,901115,99.9000,98.8500,95.1500,84.7500,41.5000,0.0500,148024.96,380.17
2526000,17829.8,211887.0,488076,901111,99.8000,99.0500,96.1500,86.2000,42.8500,0.0500,147714.76,378.53
2528000,17848.4,212281.4,387188,901109,99.8000,98.9000,96.1000,85.9500,42.6500,0.0000,147816.14,379.75
2530000,17867.1,213071.9,528264,901111,99.7500,98.9000,96.4000,85.5500,43.9000,0.0500,147713.18,380.80
2532000,17885.5,208298.3,388736,901108,99.9000,99.0500,95.8500,85.7500,40.7000,0.0000,148138.43,378.81
2534000,17904.0,210219.2,468712,901107,99.8500,98.7500,95.5000,85.6000,42.1500,0.0500,148117.20,377.23
2536000,17922.7,213137.4,508832,901102,99.9000,98.8000,95.7000,87.2000,43.1000,0.0500,147997.77,379.76
2538000,17941.7,216682.4,387432,901102,99.9000,98.9000,96.4000,87.4000,46.0500,0.0000,147966.90,377.75
2540000,17960.3,213227.4,572724,901106,99.7500,98.4000,96.1500,87.2500,42.5500,0.0500,148192.08,378.74
2542000,17978.9,210464.2,513288,901104,99.9000,99.0000,95.7500,85.8000,42.5000,0.0500,148367.05,379.08
2544000,17997.2,208950.0,389008,901106,99.8500,98.8500,95.5500,85.3000,42.1500,0.0000,148587.11,380.52
